dup_rate,key_id,m,tail_op,n_cu_versions,current_op,eligible,dup_injected_any,n_versions_duplicated,dup_on_current,caused_violation,verdict
0.05,1253,4,u,4,u,True,True,1,False,False,MATCH_OR_OTHER
0.05,358,9,d,8,d,False,True,1,False,False,MATCH_OR_OTHER
0.05,890,6,u,6,u,True,False,0,False,False,MATCH_OR_OTHER
0.05,179,10,u,10,u,True,False,0,False,False,MATCH_OR_OTHER
0.05,49,7,u,7,u,True,False,0,False,False,MATCH_OR_OTHER
0.05,748,6,u,6,u,True,True,1,False,False,MATCH_OR_OTHER
0.05,1029,9,u,9,u,True,True,1,False,False,MATCH_OR_OTHER
0.05,301,12,u,12,u,True,False,0,False,False,MATCH_OR_OTHER
0.05,823,14,u,14,u,True,True,1,False,False,MATCH_OR_OTHER
0.05,1072,27,u,27,u,True,True,1,False,False,MATCH_OR_OTHER
0.05,527,50,c,49,c,True,True,2,False,False,MATCH_OR_OTHER
0.05,542,10,u,10,u,True,False,0,False,False,MATCH_OR_OTHER
0.05,66,9,u,9,u,True,False,0,False,False,MATCH_OR_OTHER
0.05,407,3,u,3,u,True,True,1,True,True,DUPLICATE
0.05,556,8,u,8,u,True,True,1,False,False,MATCH_OR_OTHER
0.05,267,7,u,7,u,True,False,0,False,False,MATCH_OR_OTHER
0.05,224,13,d,12,d,False,True,1,False,False,MATCH_OR_OTHER
0.05,719,7,u,7,u,True,False,0,False,False,MATCH_OR_OTHER
0.05,988,10,c,9,c,True,False,0,False,False,MATCH_OR_OTHER
0.05,10,9,u,9,u,True,False,0,False,False,MATCH_OR_OTHER
0.05,962,2,u,2,u,True,False,0,False,False,MATCH_OR_OTHER
0.05,1161,5,d,4,d,False,False,0,False,False,MATCH_OR_OTHER
0.05,400,5,u,5,u,True,False,0,False,False,MATCH_OR_OTHER
0.05,425,5,d,4,d,False,False,0,False,False,MATCH_OR_OTHER
0.05,567,10,u,10,u,True,True,2,False,False,MATCH_OR_OTHER
0.05,734,8,u,8,u,True,False,0,False,False,MATCH_OR_OTHER
0.05,623,19,u,19,u,True,True,2,False,False,MATCH_OR_OTHER
0.05,456,9,u,9,u,True,False,0,False,False,MATCH_OR_OTHER
0.05,836,21,u,21,u,True,True,1,True,True,DUPLICATE
0.05,1006,2,u,2,u,True,True,1,False,False,MATCH_OR_OTHER
0.05,599,8,u,8,u,True,False,0,False,False,MATCH_OR_OTHER
0.05,563,4,u,4,u,True,True,1,False,False,MATCH_OR_OTHER
0.05,412,13,u,13,u,True,False,0,False,False,MATCH_OR_OTHER
0.05,1124,12,u,12,u,True,True,1,False,False,MATCH_OR_OTHER
0.05,1074,4,u,4,u,True,False,0,False,False,MATCH_OR_OTHER
0.05,597,10,d,9,d,False,False,0,False,False,MATCH_OR_OTHER
0.05,383,6,u,6,u,True,True,1,False,False,MATCH_OR_OTHER
0.05,153,10,u,10,u,True,False,0,False,False,MATCH_OR_OTHER
0.05,1102,3,u,3,u,True,False,0,False,False,MATCH_OR_OTHER
0.05,277,16,d,15,d,False,False,0,False,False,MATCH_OR_OTHER
0.05,1238,8,u,8,u,True,True,1,False,False,MATCH_OR_OTHER
0.05,112,10,d,9,d,False,False,0,False,False,MATCH_OR_OTHER
0.05,1116,6,u,6,u,True,True,2,True,True,DUPLICATE
0.05,880,18,u,18,u,True,True,1,False,False,MATCH_OR_OTHER
0.05,499,6,u,6,u,True,True,1,False,False,MATCH_OR_OTHER
0.05,652,8,u,8,u,True,True,1,False,False,MATCH_OR_OTHER
0.05,1150,2,u,2,u,True,False,0,False,False,MATCH_OR_OTHER
0.05,399,13,u,13,u,True,True,1,False,False,MATCH_OR_OTHER
0.05,671,4,u,4,u,True,False,0,False,False,MATCH_OR_OTHER
0.05,315,9,u,9,u,True,False,0,False,False,MATCH_OR_OTHER
0.05,1164,10,u,10,u,True,False,0,False,False,MATCH_OR_OTHER
0.05,1236,2,u,2,u,True,False,0,False,False,MATCH_OR_OTHER
0.05,304,3,u,3,u,True,False,0,False,False,MATCH_OR_OTHER
0.05,505,14,d,13,d,False,True,3,False,False,MATCH_OR_OTHER
0.05,370,4,c,3,c,True,False,0,False,False,MATCH_OR_OTHER
0.05,469,4,u,4,u,True,False,0,False,False,MATCH_OR_OTHER
0.05,663,10,u,10,u,True,False,0,False,False,MATCH_OR_OTHER
0.05,1181,9,d,8,d,False,True,1,False,False,MATCH_OR_OTHER
0.05,855,3,d,2,d,False,False,0,False,False,MATCH_OR_OTHER
0.05,61,5,u,5,u,True,True,1,True,True,DUPLICATE
0.05,477,9,d,8,d,False,False,0,False,False,MATCH_OR_OTHER
0.05,938,3,u,3,u,True,False,0,False,False,MATCH_OR_OTHER
0.05,82,11,u,11,u,True,True,1,False,False,MATCH_OR_OTHER
0.05,545,10,c,9,c,True,True,1,False,False,MATCH_OR_OTHER
0.05,1257,7,u,7,u,True,False,0,False,False,MATCH_OR_OTHER
0.05,13,8,u,8,u,True,True,1,False,False,MATCH_OR_OTHER
0.05,124,3,u,3,u,True,False,0,False,False,MATCH_OR_OTHER
0.05,722,8,u,8,u,True,False,0,False,False,MATCH_OR_OTHER
0.05,27,2,u,2,u,True,False,0,False,False,MATCH_OR_OTHER
0.05,847,1,u,1,u,True,False,0,False,False,MATCH_OR_OTHER
0.05,195,6,u,6,u,True,False,0,False,False,MATCH_OR_OTHER
0.05,723,4,u,4,u,True,False,0,False,False,MATCH_OR_OTHER
0.05,496,1,u,1,u,True,False,0,False,False,MATCH_OR_OTHER
0.05,714,23,d,22,d,False,False,0,False,False,MATCH_OR_OTHER
0.05,621,16,u,16,u,True,True,1,False,False,MATCH_OR_OTHER
0.05,120,6,u,6,u,True,False,0,False,False,MATCH_OR_OTHER
0.05,1064,21,u,21,u,True,False,0,False,False,MATCH_OR_OTHER
0.05,97,1,u,1,u,True,False,0,False,False,MATCH_OR_OTHER
0.05,690,6,u,6,u,True,False,0,False,False,MATCH_OR_OTHER
0.05,900,7,d,6,d,False,False,0,False,False,MATCH_OR_OTHER
0.05,930,8,u,8,u,True,False,0,False,False,MATCH_OR_OTHER
0.05,424,9,u,9,u,True,True,1,False,False,MATCH_OR_OTHER
0.05,129,1,u,1,u,True,False,0,False,False,MATCH_OR_OTHER
0.05,227,2,d,1,d,False,False,0,False,False,MATCH_OR_OTHER
0.05,614,1,u,1,u,True,True,1,True,True,DUPLICATE
0.05,1247,16,d,15,d,False,True,2,False,False,MATCH_OR_OTHER
0.05,946,1,u,1,u,True,False,0,False,False,MATCH_OR_OTHER
0.05,1052,6,u,6,u,True,False,0,False,False,MATCH_OR_OTHER
0.05,915,6,u,6,u,True,False,0,False,False,MATCH_OR_OTHER
0.05,1142,9,c,8,c,True,False,0,False,False,MATCH_OR_OTHER
0.05,929,11,d,10,d,False,False,0,False,False,MATCH_OR_OTHER
0.05,1219,15,c,14,c,True,False,0,False,False,MATCH_OR_OTHER
0.05,1061,10,c,9,c,True,False,0,False,False,MATCH_OR_OTHER
0.05,378,11,u,11,u,True,False,0,False,False,MATCH_OR_OTHER
0.05,328,5,c,4,c,True,True,1,False,False,MATCH_OR_OTHER
0.05,1179,12,u,12,u,True,True,1,False,False,MATCH_OR_OTHER
0.05,702,4,u,4,u,True,True,1,False,False,MATCH_OR_OTHER
0.05,270,3,u,3,u,True,False,0,False,False,MATCH_OR_OTHER
0.05,792,15,d,14,d,False,True,2,False,False,MATCH_OR_OTHER
0.05,983,9,u,9,u,True,False,0,False,False,MATCH_OR_OTHER
0.05,538,1,u,1,u,True,False,0,False,False,MATCH_OR_OTHER
0.05,1198,15,u,15,u,True,True,2,False,False,MATCH_OR_OTHER
0.05,506,3,d,2,d,False,False,0,False,False,MATCH_OR_OTHER
0.05,743,14,d,13,d,False,True,1,False,False,MATCH_OR_OTHER
0.05,235,15,u,15,u,True,False,0,False,False,MATCH_OR_OTHER
0.05,5,12,c,11,c,True,False,0,False,False,MATCH_OR_OTHER
0.05,40,3,u,3,u,True,False,0,False,False,MATCH_OR_OTHER
0.05,298,6,u,6,u,True,False,0,False,False,MATCH_OR_OTHER
0.05,243,10,u,10,u,True,False,0,False,False,MATCH_OR_OTHER
0.05,410,5,u,5,u,True,True,1,False,False,MATCH_OR_OTHER
0.05,780,5,u,5,u,True,False,0,False,False,MATCH_OR_OTHER
0.05,741,4,u,4,u,True,False,0,False,False,MATCH_OR_OTHER
0.05,525,10,u,10,u,True,False,0,False,False,MATCH_OR_OTHER
0.05,1032,11,u,11,u,True,False,0,False,False,MATCH_OR_OTHER
0.05,692,4,u,4,u,True,False,0,False,False,MATCH_OR_OTHER
0.05,1089,8,u,8,u,True,True,2,True,True,DUPLICATE
0.05,824,7,u,7,u,True,True,1,False,False,MATCH_OR_OTHER
0.05,1077,7,u,7,u,True,True,1,False,False,MATCH_OR_OTHER
0.05,336,10,u,10,u,True,True,2,True,True,DUPLICATE
0.05,278,10,u,10,u,True,False,0,False,False,MATCH_OR_OTHER
0.05,594,12,d,11,d,False,False,0,False,False,MATCH_OR_OTHER
0.05,158,6,u,6,u,True,False,0,False,False,MATCH_OR_OTHER
0.05,335,1,u,1,u,True,False,0,False,False,MATCH_OR_OTHER
0.05,1146,6,u,6,u,True,False,0,False,False,MATCH_OR_OTHER
0.05,171,5,u,5,u,True,False,0,False,False,MATCH_OR_OTHER
0.05,939,11,d,10,d,False,False,0,False,False,MATCH_OR_OTHER
0.05,83,6,d,5,d,False,False,0,False,False,MATCH_OR_OTHER
0.05,1246,4,d,3,d,False,False,0,False,False,MATCH_OR_OTHER
0.05,1079,3,u,3,u,True,True,1,False,False,MATCH_OR_OTHER
0.05,682,3,u,3,u,True,True,1,True,True,DUPLICATE
0.05,151,11,u,11,u,True,False,0,False,False,MATCH_OR_OTHER
0.05,314,5,d,4,d,False,False,0,False,False,MATCH_OR_OTHER
0.05,839,6,u,6,u,True,False,0,False,False,MATCH_OR_OTHER
0.05,351,11,u,11,u,True,True,2,False,False,MATCH_OR_OTHER
0.05,706,11,c,10,c,True,True,1,False,False,MATCH_OR_OTHER
0.05,922,6,u,6,u,True,False,0,False,False,MATCH_OR_OTHER
0.05,310,1,u,1,u,True,False,0,False,False,MATCH_OR_OTHER
0.05,1123,9,d,8,d,False,False,0,False,False,MATCH_OR_OTHER
0.05,592,3,c,2,c,True,False,0,False,False,MATCH_OR_OTHER
0.05,490,16,u,16,u,True,True,1,False,False,MATCH_OR_OTHER
0.05,716,2,u,2,u,True,False,0,False,False,MATCH_OR_OTHER
0.05,1157,8,u,8,u,True,False,0,False,False,MATCH_OR_OTHER
0.05,969,9,u,9,u,True,False,0,False,False,MATCH_OR_OTHER
0.05,397,7,u,7,u,True,False,0,False,False,MATCH_OR_OTHER
0.05,108,5,u,5,u,True,False,0,False,False,MATCH_OR_OTHER
0.05,1200,7,u,7,u,True,True,1,False,False,MATCH_OR_OTHER
0.05,953,4,u,4,u,True,False,0,False,False,MATCH_OR_OTHER
0.05,819,1,u,1,u,True,True,1,True,True,DUPLICATE
0.05,307,3,u,3,u,True,False,0,False,False,MATCH_OR_OTHER
0.05,478,4,d,3,d,False,False,0,False,False,MATCH_OR_OTHER
0.05,319,4,u,4,u,True,False,0,False,False,MATCH_OR_OTHER
0.05,600,11,u,11,u,True,False,0,False,False,MATCH_OR_OTHER
0.05,1071,3,c,2,c,True,True,1,True,True,DUPLICATE
0.05,789,4,u,4,u,True,False,0,False,False,MATCH_OR_OTHER
0.05,853,6,u,6,u,True,False,0,False,False,MATCH_OR_OTHER
0.05,1174,11,u,11,u,True,True,1,False,False,MATCH_OR_OTHER
0.05,402,4,c,3,c,True,True,1,True,True,DUPLICATE
0.05,770,12,d,11,d,False,False,0,False,False,MATCH_OR_OTHER
0.05,1222,3,u,3,u,True,True,1,False,False,MATCH_OR_OTHER
0.05,539,10,c,9,c,True,False,0,False,False,MATCH_OR_OTHER
0.05,1231,14,d,13,d,False,False,0,False,False,MATCH_OR_OTHER
0.05,12,8,u,8,u,True,False,0,False,False,MATCH_OR_OTHER
0.05,354,2,u,2,u,True,False,0,False,False,MATCH_OR_OTHER
0.05,895,5,c,4,c,True,True,1,False,False,MATCH_OR_OTHER
0.05,863,18,u,18,u,True,True,1,False,False,MATCH_OR_OTHER
0.05,92,13,c,12,c,True,False,0,False,False,MATCH_OR_OTHER
0.05,902,10,u,10,u,True,False,0,False,False,MATCH_OR_OTHER
0.05,56,6,c,5,c,True,False,0,False,False,MATCH_OR_OTHER
0.05,1202,4,u,4,u,True,False,0,False,False,MATCH_OR_OTHER
0.05,629,5,u,5,u,True,False,0,False,False,MATCH_OR_OTHER
0.05,640,9,u,9,u,True,False,0,False,False,MATCH_OR_OTHER
0.05,1243,10,u,10,u,True,True,1,False,False,MATCH_OR_OTHER
0.05,577,3,u,3,u,True,False,0,False,False,MATCH_OR_OTHER
0.05,1084,13,u,13,u,True,False,0,False,False,MATCH_OR_OTHER
0.05,1069,9,u,9,u,True,True,1,False,False,MATCH_OR_OTHER
0.05,454,15,u,15,u,True,False,0,False,False,MATCH_OR_OTHER
0.05,797,10,d,9,d,False,False,0,False,False,MATCH_OR_OTHER
0.05,1176,9,d,8,d,False,True,2,False,False,MATCH_OR_OTHER
0.05,4,1,u,1,u,True,False,0,False,False,MATCH_OR_OTHER
0.05,1218,14,d,13,d,False,True,1,False,False,MATCH_OR_OTHER
0.05,507,9,d,8,d,False,False,0,False,False,MATCH_OR_OTHER
0.05,740,9,u,9,u,True,False,0,False,False,MATCH_OR_OTHER
0.05,634,8,d,7,d,False,False,0,False,False,MATCH_OR_OTHER
0.05,172,1,u,1,u,True,False,0,False,False,MATCH_OR_OTHER
0.05,435,19,u,19,u,True,True,1,False,False,MATCH_OR_OTHER
0.05,471,10,u,10,u,True,True,1,False,False,MATCH_OR_OTHER
0.05,965,7,d,6,d,False,True,1,False,False,MATCH_OR_OTHER
0.05,931,8,u,8,u,True,True,1,True,True,DUPLICATE
0.05,1098,3,c,2,c,True,False,0,False,False,MATCH_OR_OTHER
0.05,45,18,u,18,u,True,True,1,False,False,MATCH_OR_OTHER
0.05,1230,8,u,8,u,True,False,0,False,False,MATCH_OR_OTHER
0.05,892,4,u,4,u,True,False,0,False,False,MATCH_OR_OTHER
0.05,123,3,u,3,u,True,False,0,False,False,MATCH_OR_OTHER
0.05,616,5,u,5,u,True,False,0,False,False,MATCH_OR_OTHER
0.05,16,4,u,4,u,True,False,0,False,False,MATCH_OR_OTHER
0.05,349,15,u,15,u,True,False,0,False,False,MATCH_OR_OTHER
0.05,181,3,u,3,u,True,False,0,False,False,MATCH_OR_OTHER
0.05,401,13,u,13,u,True,True,1,False,False,MATCH_OR_OTHER
0.05,610,8,u,8,u,True,False,0,False,False,MATCH_OR_OTHER
0.05,1112,15,u,15,u,True,False,0,False,False,MATCH_OR_OTHER
0.05,105,8,u,8,u,True,False,0,False,False,MATCH_OR_OTHER
0.05,175,7,u,7,u,True,False,0,False,False,MATCH_OR_OTHER
0.05,951,2,d,1,d,False,False,0,False,False,MATCH_OR_OTHER
0.05,501,2,d,1,d,False,False,0,False,False,MATCH_OR_OTHER
0.05,866,2,u,2,u,True,False,0,False,False,MATCH_OR_OTHER
0.05,587,9,c,8,c,True,True,1,False,False,MATCH_OR_OTHER
0.05,1082,5,d,4,d,False,True,1,False,False,MATCH_OR_OTHER
0.05,909,2,u,2,u,True,False,0,False,False,MATCH_OR_OTHER
0.05,818,10,d,9,d,False,False,0,False,False,MATCH_OR_OTHER
0.05,405,5,c,4,c,True,False,0,False,False,MATCH_OR_OTHER
0.05,612,9,d,8,d,False,False,0,False,False,MATCH_OR_OTHER
0.05,568,2,u,2,u,True,False,0,False,False,MATCH_OR_OTHER
0.05,725,4,u,4,u,True,False,0,False,False,MATCH_OR_OTHER
0.05,130,6,u,6,u,True,False,0,False,False,MATCH_OR_OTHER
0.05,907,9,u,9,u,True,True,1,False,False,MATCH_OR_OTHER
0.05,1030,2,u,2,u,True,False,0,False,False,MATCH_OR_OTHER
0.05,494,4,u,4,u,True,False,0,False,False,MATCH_OR_OTHER
0.05,628,12,u,12,u,True,False,0,False,False,MATCH_OR_OTHER
0.05,699,4,d,3,d,False,True,1,False,False,MATCH_OR_OTHER
0.05,305,8,u,8,u,True,False,0,False,False,MATCH_OR_OTHER
0.05,1086,3,u,3,u,True,True,1,True,True,DUPLICATE
0.05,389,9,d,8,d,False,False,0,False,False,MATCH_OR_OTHER
0.05,928,5,u,5,u,True,False,0,False,False,MATCH_OR_OTHER
0.05,31,1,u,1,u,True,False,0,False,False,MATCH_OR_OTHER
0.05,74,4,d,3,d,False,False,0,False,False,MATCH_OR_OTHER
0.05,649,3,d,2,d,False,False,0,False,False,MATCH_OR_OTHER
0.05,758,5,d,4,d,False,False,0,False,False,MATCH_OR_OTHER
0.05,331,5,u,5,u,True,False,0,False,False,MATCH_OR_OTHER
0.05,343,13,d,12,d,False,True,1,False,False,MATCH_OR_OTHER
0.05,1215,10,d,9,d,False,True,1,False,False,MATCH_OR_OTHER
0.05,1002,4,d,3,d,False,False,0,False,False,MATCH_OR_OTHER
0.05,1242,3,u,3,u,True,True,1,False,False,MATCH_OR_OTHER
0.05,1070,4,u,4,u,True,False,0,False,False,MATCH_OR_OTHER
0.05,874,9,u,9,u,True,True,1,False,False,MATCH_OR_OTHER
0.05,990,7,d,6,d,False,False,0,False,False,MATCH_OR_OTHER
0.05,325,4,c,3,c,True,False,0,False,False,MATCH_OR_OTHER
0.05,1209,4,u,4,u,True,False,0,False,False,MATCH_OR_OTHER
0.05,696,9,u,9,u,True,True,1,False,False,MATCH_OR_OTHER
0.05,541,2,u,2,u,True,False,0,False,False,MATCH_OR_OTHER
0.05,1008,2,u,2,u,True,False,0,False,False,MATCH_OR_OTHER
0.05,225,1,u,1,u,True,False,0,False,False,MATCH_OR_OTHER
0.05,1062,2,u,2,u,True,False,0,False,False,MATCH_OR_OTHER
0.05,582,4,d,3,d,False,True,1,False,False,MATCH_OR_OTHER
0.05,569,13,u,13,u,True,True,1,False,False,MATCH_OR_OTHER
0.05,668,17,u,17,u,True,False,0,False,False,MATCH_OR_OTHER
0.05,1163,6,u,6,u,True,True,1,False,False,MATCH_OR_OTHER
0.05,366,3,u,3,u,True,False,0,False,False,MATCH_OR_OTHER
0.05,662,4,u,4,u,True,False,0,False,False,MATCH_OR_OTHER
0.05,1233,5,c,4,c,True,False,0,False,False,MATCH_OR_OTHER
0.05,660,4,u,4,u,True,False,0,False,False,MATCH_OR_OTHER
0.05,1042,3,u,3,u,True,False,0,False,False,MATCH_OR_OTHER
0.05,1018,5,c,4,c,True,False,0,False,False,MATCH_OR_OTHER
0.05,80,7,c,6,c,True,True,2,False,False,MATCH_OR_OTHER
0.05,724,8,u,8,u,True,True,1,True,True,DUPLICATE
0.05,731,9,u,9,u,True,True,2,False,False,MATCH_OR_OTHER
0.05,1017,1,u,1,u,True,False,0,False,False,MATCH_OR_OTHER
0.05,1127,5,c,4,c,True,False,0,False,False,MATCH_OR_OTHER
0.05,1122,10,d,9,d,False,True,2,False,False,MATCH_OR_OTHER
0.05,429,5,c,4,c,True,False,0,False,False,MATCH_OR_OTHER
0.05,486,4,u,4,u,True,False,0,False,False,MATCH_OR_OTHER
0.05,884,4,d,3,d,False,False,0,False,False,MATCH_OR_OTHER
0.05,91,4,u,4,u,True,False,0,False,False,MATCH_OR_OTHER
0.05,222,4,u,4,u,True,False,0,False,False,MATCH_OR_OTHER
0.05,566,4,u,4,u,True,False,0,False,False,MATCH_OR_OTHER
0.05,341,13,u,13,u,True,False,0,False,False,MATCH_OR_OTHER
0.05,1205,9,u,9,u,True,False,0,False,False,MATCH_OR_OTHER
0.05,517,10,c,9,c,True,False,0,False,False,MATCH_OR_OTHER
0.05,678,9,u,9,u,True,False,0,False,False,MATCH_OR_OTHER
0.05,255,7,u,7,u,True,False,0,False,False,MATCH_OR_OTHER
0.05,323,2,u,2,u,True,False,0,False,False,MATCH_OR_OTHER
0.05,1225,10,d,9,d,False,False,0,False,False,MATCH_OR_OTHER
0.05,186,2,u,2,u,True,False,0,False,False,MATCH_OR_OTHER
0.05,1152,1,u,1,u,True,False,0,False,False,MATCH_OR_OTHER
0.05,974,7,u,7,u,True,False,0,False,False,MATCH_OR_OTHER
0.05,1237,6,u,6,u,True,True,1,False,False,MATCH_OR_OTHER
0.05,283,2,u,2,u,True,False,0,False,False,MATCH_OR_OTHER
0.05,23,5,u,5,u,True,False,0,False,False,MATCH_OR_OTHER
0.05,1060,5,u,5,u,True,True,1,False,False,MATCH_OR_OTHER
0.05,1221,9,u,9,u,True,False,0,False,False,MATCH_OR_OTHER
0.05,470,6,u,6,u,True,False,0,False,False,MATCH_OR_OTHER
0.05,798,10,u,10,u,True,True,1,False,False,MATCH_OR_OTHER
0.05,512,3,u,3,u,True,False,0,False,False,MATCH_OR_OTHER
0.05,193,5,u,5,u,True,False,0,False,False,MATCH_OR_OTHER
0.05,364,11,u,11,u,True,True,1,False,False,MATCH_OR_OTHER
0.05,1041,3,u,3,u,True,True,2,False,False,MATCH_OR_OTHER
0.05,107,2,d,1,d,False,False,0,False,False,MATCH_OR_OTHER
0.05,904,11,u,11,u,True,True,1,False,False,MATCH_OR_OTHER
0.05,148,11,u,11,u,True,False,0,False,False,MATCH_OR_OTHER
0.05,782,3,u,3,u,True,False,0,False,False,MATCH_OR_OTHER
0.05,422,6,c,5,c,True,False,0,False,False,MATCH_OR_OTHER
0.05,352,8,u,8,u,True,False,0,False,False,MATCH_OR_OTHER
0.05,613,2,u,2,u,True,False,0,False,False,MATCH_OR_OTHER
0.05,128,13,d,12,d,False,True,1,False,False,MATCH_OR_OTHER
0.05,1166,8,c,7,c,True,True,1,False,False,MATCH_OR_OTHER
0.05,357,8,u,8,u,True,False,0,False,False,MATCH_OR_OTHER
0.05,633,3,u,3,u,True,False,0,False,False,MATCH_OR_OTHER
0.05,684,8,u,8,u,True,False,0,False,False,MATCH_OR_OTHER
0.05,644,3,u,3,u,True,True,1,True,True,DUPLICATE
0.05,89,4,u,4,u,True,False,0,False,False,MATCH_OR_OTHER
0.05,647,17,u,17,u,True,False,0,False,False,MATCH_OR_OTHER
0.05,390,12,u,12,u,True,True,1,False,False,MATCH_OR_OTHER
0.05,851,4,d,3,d,False,False,0,False,False,MATCH_OR_OTHER
0.05,653,3,u,3,u,True,False,0,False,False,MATCH_OR_OTHER
0.05,1104,14,u,14,u,True,True,1,False,False,MATCH_OR_OTHER
0.05,118,10,u,10,u,True,False,0,False,False,MATCH_OR_OTHER
0.05,968,1,u,1,u,True,False,0,False,False,MATCH_OR_OTHER
0.05,451,4,u,4,u,True,False,0,False,False,MATCH_OR_OTHER
0.05,583,7,u,7,u,True,True,2,False,False,MATCH_OR_OTHER
0.05,147,4,u,4,u,True,False,0,False,False,MATCH_OR_OTHER
0.05,252,2,u,2,u,True,False,0,False,False,MATCH_OR_OTHER
0.05,948,12,u,12,u,True,True,2,False,False,MATCH_OR_OTHER
0.05,430,11,u,11,u,True,False,0,False,False,MATCH_OR_OTHER
0.05,1140,4,d,3,d,False,False,0,False,False,MATCH_OR_OTHER
0.05,622,6,d,5,d,False,False,0,False,False,MATCH_OR_OTHER
0.05,438,2,d,1,d,False,False,0,False,False,MATCH_OR_OTHER
0.05,488,3,u,3,u,True,False,0,False,False,MATCH_OR_OTHER
0.05,234,6,c,5,c,True,True,1,False,False,MATCH_OR_OTHER
0.05,785,9,d,8,d,False,False,0,False,False,MATCH_OR_OTHER
0.05,522,5,u,5,u,True,False,0,False,False,MATCH_OR_OTHER
0.05,955,1,u,1,u,True,False,0,False,False,MATCH_OR_OTHER
0.05,170,3,u,3,u,True,False,0,False,False,MATCH_OR_OTHER
0.05,285,8,u,8,u,True,True,2,False,False,MATCH_OR_OTHER
0.05,121,8,d,7,d,False,False,0,False,False,MATCH_OR_OTHER
0.05,910,6,u,6,u,True,True,1,True,True,DUPLICATE
0.05,1117,5,u,5,u,True,False,0,False,False,MATCH_OR_OTHER
0.05,218,18,u,18,u,True,False,0,False,False,MATCH_OR_OTHER
0.05,20,2,u,2,u,True,False,0,False,False,MATCH_OR_OTHER
0.05,795,5,u,5,u,True,False,0,False,False,MATCH_OR_OTHER
0.05,664,7,u,7,u,True,False,0,False,False,MATCH_OR_OTHER
0.05,729,5,u,5,u,True,False,0,False,False,MATCH_OR_OTHER
0.05,440,9,d,8,d,False,False,0,False,False,MATCH_OR_OTHER
0.05,730,7,u,7,u,True,False,0,False,False,MATCH_OR_OTHER
0.05,710,2,u,2,u,True,False,0,False,False,MATCH_OR_OTHER
0.05,3,3,u,3,u,True,False,0,False,False,MATCH_OR_OTHER
0.05,718,5,d,4,d,False,False,0,False,False,MATCH_OR_OTHER
0.05,484,6,u,6,u,True,False,0,False,False,MATCH_OR_OTHER
0.05,434,6,u,6,u,True,False,0,False,False,MATCH_OR_OTHER
0.05,641,15,u,15,u,True,True,3,False,False,MATCH_OR_OTHER
0.05,651,12,c,11,c,True,False,0,False,False,MATCH_OR_OTHER
0.05,79,4,u,4,u,True,False,0,False,False,MATCH_OR_OTHER
0.05,1211,11,c,10,c,True,False,0,False,False,MATCH_OR_OTHER
0.05,1068,2,u,2,u,True,False,0,False,False,MATCH_OR_OTHER
0.05,767,7,u,7,u,True,False,0,False,False,MATCH_OR_OTHER
0.05,1131,1,u,1,u,True,False,0,False,False,MATCH_OR_OTHER
0.05,771,6,d,5,d,False,False,0,False,False,MATCH_OR_OTHER
0.05,44,1,u,1,u,True,False,0,False,False,MATCH_OR_OTHER
0.05,808,4,u,4,u,True,False,0,False,False,MATCH_OR_OTHER
0.05,781,5,d,4,d,False,False,0,False,False,MATCH_OR_OTHER
0.05,468,2,u,2,u,True,False,0,False,False,MATCH_OR_OTHER
0.05,828,27,u,27,u,True,False,0,False,False,MATCH_OR_OTHER
0.05,273,1,u,1,u,True,False,0,False,False,MATCH_OR_OTHER
0.05,127,7,u,7,u,True,True,1,False,False,MATCH_OR_OTHER
0.05,750,6,u,6,u,True,True,1,False,False,MATCH_OR_OTHER
0.05,590,6,u,6,u,True,False,0,False,False,MATCH_OR_OTHER
0.05,212,3,u,3,u,True,True,1,False,False,MATCH_OR_OTHER
0.05,426,11,c,10,c,True,False,0,False,False,MATCH_OR_OTHER
0.05,830,2,d,1,d,False,False,0,False,False,MATCH_OR_OTHER
0.05,65,5,c,4,c,True,False,0,False,False,MATCH_OR_OTHER
0.05,783,9,u,9,u,True,False,0,False,False,MATCH_OR_OTHER
0.05,1226,2,u,2,u,True,False,0,False,False,MATCH_OR_OTHER
0.05,1045,14,u,14,u,True,False,0,False,False,MATCH_OR_OTHER
0.05,73,13,d,12,d,False,False,0,False,False,MATCH_OR_OTHER
0.05,1014,7,u,7,u,True,False,0,False,False,MATCH_OR_OTHER
0.05,444,2,u,2,u,True,False,0,False,False,MATCH_OR_OTHER
0.05,476,2,u,2,u,True,False,0,False,False,MATCH_OR_OTHER
0.05,606,4,c,3,c,True,False,0,False,False,MATCH_OR_OTHER
0.05,168,12,u,12,u,True,False,0,False,False,MATCH_OR_OTHER
0.05,297,9,u,9,u,True,False,0,False,False,MATCH_OR_OTHER
0.05,21,12,u,12,u,True,False,0,False,False,MATCH_OR_OTHER
0.05,145,9,u,9,u,True,True,1,False,False,MATCH_OR_OTHER
0.05,63,2,u,2,u,True,False,0,False,False,MATCH_OR_OTHER
0.05,271,5,d,4,d,False,False,0,False,False,MATCH_OR_OTHER
0.05,605,3,u,3,u,True,False,0,False,False,MATCH_OR_OTHER
0.05,1080,8,u,8,u,True,False,0,False,False,MATCH_OR_OTHER
0.05,833,6,u,6,u,True,True,1,False,False,MATCH_OR_OTHER
0.05,245,11,u,11,u,True,False,0,False,False,MATCH_OR_OTHER
0.05,1120,5,u,5,u,True,True,1,False,False,MATCH_OR_OTHER
0.05,1206,4,d,3,d,False,False,0,False,False,MATCH_OR_OTHER
0.05,809,12,u,12,u,True,True,1,False,False,MATCH_OR_OTHER
0.05,1220,13,c,12,c,True,False,0,False,False,MATCH_OR_OTHER
0.05,1172,5,u,5,u,True,False,0,False,False,MATCH_OR_OTHER
0.05,611,1,u,1,u,True,True,1,True,True,DUPLICATE
0.05,236,10,u,10,u,True,False,0,False,False,MATCH_OR_OTHER
0.05,1182,11,u,11,u,True,False,0,False,False,MATCH_OR_OTHER
0.05,901,4,d,3,d,False,True,1,False,False,MATCH_OR_OTHER
0.05,1229,6,u,6,u,True,False,0,False,False,MATCH_OR_OTHER
0.05,777,4,d,3,d,False,False,0,False,False,MATCH_OR_OTHER
0.05,167,1,u,1,u,True,False,0,False,False,MATCH_OR_OTHER
0.05,395,11,d,10,d,False,True,2,False,False,MATCH_OR_OTHER
0.05,768,5,d,4,d,False,False,0,False,False,MATCH_OR_OTHER
0.05,986,1,u,1,u,True,True,1,True,True,DUPLICATE
0.05,834,3,d,2,d,False,True,1,False,False,MATCH_OR_OTHER
0.05,165,10,u,10,u,True,False,0,False,False,MATCH_OR_OTHER
0.05,971,15,u,15,u,True,False,0,False,False,MATCH_OR_OTHER
0.05,1063,13,u,13,u,True,False,0,False,False,MATCH_OR_OTHER
0.05,693,11,u,11,u,True,True,1,False,False,MATCH_OR_OTHER
0.05,242,8,u,8,u,True,True,1,True,True,DUPLICATE
0.05,18,13,u,13,u,True,False,0,False,False,MATCH_OR_OTHER
0.05,115,5,u,5,u,True,False,0,False,False,MATCH_OR_OTHER
0.05,299,2,u,2,u,True,False,0,False,False,MATCH_OR_OTHER
0.05,935,8,c,7,c,True,False,0,False,False,MATCH_OR_OTHER
0.05,1040,2,u,2,u,True,False,0,False,False,MATCH_OR_OTHER
0.05,520,3,d,2,d,False,False,0,False,False,MATCH_OR_OTHER
0.05,32,7,d,6,d,False,False,0,False,False,MATCH_OR_OTHER
0.05,620,2,u,2,u,True,False,0,False,False,MATCH_OR_OTHER
0.05,911,4,d,3,d,False,False,0,False,False,MATCH_OR_OTHER
0.05,759,15,u,15,u,True,True,2,False,False,MATCH_OR_OTHER
0.05,19,9,u,9,u,True,True,1,False,False,MATCH_OR_OTHER
0.05,109,5,u,5,u,True,False,0,False,False,MATCH_OR_OTHER
0.05,936,12,u,12,u,True,True,1,False,False,MATCH_OR_OTHER
0.05,801,3,u,3,u,True,True,1,False,False,MATCH_OR_OTHER
0.05,1103,2,u,2,u,True,False,0,False,False,MATCH_OR_OTHER
0.05,381,8,u,8,u,True,False,0,False,False,MATCH_OR_OTHER
0.05,377,13,u,13,u,True,True,1,False,False,MATCH_OR_OTHER
0.05,921,3,d,2,d,False,False,0,False,False,MATCH_OR_OTHER
0.05,756,6,u,6,u,True,False,0,False,False,MATCH_OR_OTHER
0.05,1223,13,u,13,u,True,False,0,False,False,MATCH_OR_OTHER
0.05,191,13,u,13,u,True,False,0,False,False,MATCH_OR_OTHER
0.05,947,7,u,7,u,True,False,0,False,False,MATCH_OR_OTHER
0.05,526,4,u,4,u,True,False,0,False,False,MATCH_OR_OTHER
0.05,1075,4,d,3,d,False,False,0,False,False,MATCH_OR_OTHER
0.05,238,5,u,5,u,True,False,0,False,False,MATCH_OR_OTHER
0.05,472,4,c,3,c,True,False,0,False,False,MATCH_OR_OTHER
0.05,337,13,c,12,c,True,True,1,False,False,MATCH_OR_OTHER
0.05,1128,3,c,2,c,True,False,0,False,False,MATCH_OR_OTHER
0.05,43,14,u,14,u,True,False,0,False,False,MATCH_OR_OTHER
0.05,100,3,u,3,u,True,False,0,False,False,MATCH_OR_OTHER
0.05,144,2,u,2,u,True,False,0,False,False,MATCH_OR_OTHER
0.05,793,11,u,11,u,True,True,1,False,False,MATCH_OR_OTHER
0.05,142,6,u,6,u,True,False,0,False,False,MATCH_OR_OTHER
0.05,709,14,u,14,u,True,True,2,True,True,DUPLICATE
0.05,708,17,u,17,u,True,True,2,False,False,MATCH_OR_OTHER
0.05,53,12,u,12,u,True,False,0,False,False,MATCH_OR_OTHER
0.05,841,8,d,7,d,False,False,0,False,False,MATCH_OR_OTHER
0.05,843,3,u,3,u,True,True,1,True,True,DUPLICATE
0.05,1189,2,u,2,u,True,False,0,False,False,MATCH_OR_OTHER
0.05,997,8,u,8,u,True,True,1,False,False,MATCH_OR_OTHER
0.05,941,2,u,2,u,True,False,0,False,False,MATCH_OR_OTHER
0.05,282,13,u,13,u,True,True,2,False,False,MATCH_OR_OTHER
0.05,446,7,u,7,u,True,False,0,False,False,MATCH_OR_OTHER
0.05,700,4,u,4,u,True,True,1,False,False,MATCH_OR_OTHER
0.05,976,9,u,9,u,True,False,0,False,False,MATCH_OR_OTHER
0.05,303,4,u,4,u,True,False,0,False,False,MATCH_OR_OTHER
0.05,596,3,c,2,c,True,False,0,False,False,MATCH_OR_OTHER
0.05,1203,2,u,2,u,True,False,0,False,False,MATCH_OR_OTHER
0.05,101,9,d,8,d,False,False,0,False,False,MATCH_OR_OTHER
0.05,196,9,d,8,d,False,False,0,False,False,MATCH_OR_OTHER
0.05,1073,12,u,12,u,True,False,0,False,False,MATCH_OR_OTHER
0.05,1034,6,u,6,u,True,True,1,False,False,MATCH_OR_OTHER
0.05,413,6,u,6,u,True,False,0,False,False,MATCH_OR_OTHER
0.05,1213,2,u,2,u,True,False,0,False,False,MATCH_OR_OTHER
0.05,570,4,u,4,u,True,False,0,False,False,MATCH_OR_OTHER
0.05,403,5,u,5,u,True,False,0,False,False,MATCH_OR_OTHER
0.05,1036,4,u,4,u,True,False,0,False,False,MATCH_OR_OTHER
0.05,883,9,u,9,u,True,True,1,False,False,MATCH_OR_OTHER
0.05,760,3,u,3,u,True,False,0,False,False,MATCH_OR_OTHER
0.05,510,6,u,6,u,True,False,0,False,False,MATCH_OR_OTHER
0.05,1099,6,u,6,u,True,True,1,False,False,MATCH_OR_OTHER
0.05,1007,9,d,8,d,False,False,0,False,False,MATCH_OR_OTHER
0.05,1049,13,u,13,u,True,False,0,False,False,MATCH_OR_OTHER
0.05,1212,16,u,16,u,True,False,0,False,False,MATCH_OR_OTHER
0.05,62,9,d,8,d,False,True,2,False,False,MATCH_OR_OTHER
0.05,350,2,u,2,u,True,False,0,False,False,MATCH_OR_OTHER
0.05,655,10,u,10,u,True,False,0,False,False,MATCH_OR_OTHER
0.05,1186,3,u,3,u,True,False,0,False,False,MATCH_OR_OTHER
0.05,459,16,c,15,c,True,False,0,False,False,MATCH_OR_OTHER
0.05,113,7,u,7,u,True,False,0,False,False,MATCH_OR_OTHER
0.05,96,3,u,3,u,True,False,0,False,False,MATCH_OR_OTHER
0.05,293,8,u,8,u,True,True,1,False,False,MATCH_OR_OTHER
0.05,419,8,u,8,u,True,False,0,False,False,MATCH_OR_OTHER
0.05,825,2,d,1,d,False,False,0,False,False,MATCH_OR_OTHER
0.05,492,1,u,1,u,True,False,0,False,False,MATCH_OR_OTHER
0.05,1158,4,d,3,d,False,False,0,False,False,MATCH_OR_OTHER
0.05,908,2,u,2,u,True,False,0,False,False,MATCH_OR_OTHER
0.05,766,4,u,4,u,True,False,0,False,False,MATCH_OR_OTHER
0.05,28,3,u,3,u,True,False,0,False,False,MATCH_OR_OTHER
0.05,266,1,u,1,u,True,False,0,False,False,MATCH_OR_OTHER
0.05,772,6,u,6,u,True,True,2,False,False,MATCH_OR_OTHER
0.05,1156,7,u,7,u,True,False,0,False,False,MATCH_OR_OTHER
0.05,60,5,d,4,d,False,False,0,False,False,MATCH_OR_OTHER
0.05,126,2,u,2,u,True,False,0,False,False,MATCH_OR_OTHER
0.05,639,16,d,15,d,False,True,2,False,False,MATCH_OR_OTHER
0.05,845,3,u,3,u,True,True,1,False,False,MATCH_OR_OTHER
0.05,694,3,u,3,u,True,False,0,False,False,MATCH_OR_OTHER
0.05,1137,6,c,5,c,True,False,0,False,False,MATCH_OR_OTHER
0.05,36,8,c,7,c,True,True,1,False,False,MATCH_OR_OTHER
0.05,897,2,u,2,u,True,False,0,False,False,MATCH_OR_OTHER
0.05,791,6,u,6,u,True,False,0,False,False,MATCH_OR_OTHER
0.05,1114,6,c,5,c,True,False,0,False,False,MATCH_OR_OTHER
0.05,624,1,u,1,u,True,True,1,True,True,DUPLICATE
0.05,638,4,d,3,d,False,False,0,False,False,MATCH_OR_OTHER
0.05,1175,3,u,3,u,True,False,0,False,False,MATCH_OR_OTHER
0.05,536,5,d,4,d,False,False,0,False,False,MATCH_OR_OTHER
0.05,24,2,u,2,u,True,False,0,False,False,MATCH_OR_OTHER
0.05,814,4,u,4,u,True,False,0,False,False,MATCH_OR_OTHER
0.05,78,5,u,5,u,True,True,1,False,False,MATCH_OR_OTHER
0.05,1056,9,u,9,u,True,True,2,False,False,MATCH_OR_OTHER
0.05,308,5,u,5,u,True,False,0,False,False,MATCH_OR_OTHER
0.05,1083,1,u,1,u,True,False,0,False,False,MATCH_OR_OTHER
0.05,861,3,u,3,u,True,True,1,True,True,DUPLICATE
0.05,811,7,u,7,u,True,False,0,False,False,MATCH_OR_OTHER
0.05,371,2,u,2,u,True,False,0,False,False,MATCH_OR_OTHER
0.05,991,2,u,2,u,True,False,0,False,False,MATCH_OR_OTHER
0.05,275,8,u,8,u,True,True,1,False,False,MATCH_OR_OTHER
0.05,461,3,d,2,d,False,True,2,False,False,MATCH_OR_OTHER
0.05,927,5,u,5,u,True,False,0,False,False,MATCH_OR_OTHER
0.05,648,1,u,1,u,True,False,0,False,False,MATCH_OR_OTHER
0.05,392,7,u,7,u,True,False,0,False,False,MATCH_OR_OTHER
0.05,1043,6,u,6,u,True,False,0,False,False,MATCH_OR_OTHER
0.05,813,4,u,4,u,True,False,0,False,False,MATCH_OR_OTHER
0.05,745,5,d,4,d,False,False,0,False,False,MATCH_OR_OTHER
0.05,672,2,d,1,d,False,False,0,False,False,MATCH_OR_OTHER
0.05,1244,5,u,5,u,True,True,2,True,True,DUPLICATE
0.05,964,1,u,1,u,True,False,0,False,False,MATCH_OR_OTHER
0.05,595,9,u,9,u,True,False,0,False,False,MATCH_OR_OTHER
0.05,1204,7,u,7,u,True,True,2,True,True,DUPLICATE
0.05,1252,5,u,5,u,True,False,0,False,False,MATCH_OR_OTHER
0.05,416,5,u,5,u,True,False,0,False,False,MATCH_OR_OTHER
0.05,972,7,u,7,u,True,False,0,False,False,MATCH_OR_OTHER
0.05,786,2,d,1,d,False,True,1,False,False,MATCH_OR_OTHER
0.05,963,5,u,5,u,True,False,0,False,False,MATCH_OR_OTHER
0.05,391,7,u,7,u,True,False,0,False,False,MATCH_OR_OTHER
0.05,150,3,d,2,d,False,False,0,False,False,MATCH_OR_OTHER
0.05,345,3,c,2,c,True,False,0,False,False,MATCH_OR_OTHER
0.05,967,17,u,17,u,True,True,1,False,False,MATCH_OR_OTHER
0.05,1193,2,u,2,u,True,False,0,False,False,MATCH_OR_OTHER
0.05,864,7,u,7,u,True,True,2,False,False,MATCH_OR_OTHER
0.05,1097,9,d,8,d,False,False,0,False,False,MATCH_OR_OTHER
0.05,755,9,c,8,c,True,True,1,False,False,MATCH_OR_OTHER
0.05,199,3,u,3,u,True,False,0,False,False,MATCH_OR_OTHER
0.05,602,6,u,6,u,True,False,0,False,False,MATCH_OR_OTHER
0.05,248,7,u,7,u,True,False,0,False,False,MATCH_OR_OTHER
0.05,1187,7,u,7,u,True,False,0,False,False,MATCH_OR_OTHER
0.05,219,2,u,2,u,True,False,0,False,False,MATCH_OR_OTHER
0.05,427,4,u,4,u,True,True,1,False,False,MATCH_OR_OTHER
0.05,887,3,u,3,u,True,False,0,False,False,MATCH_OR_OTHER
0.05,617,5,u,5,u,True,False,0,False,False,MATCH_OR_OTHER
0.05,98,3,d,2,d,False,False,0,False,False,MATCH_OR_OTHER
0.05,778,3,d,2,d,False,False,0,False,False,MATCH_OR_OTHER
0.05,850,3,u,3,u,True,True,1,False,False,MATCH_OR_OTHER
0.05,548,3,u,3,u,True,False,0,False,False,MATCH_OR_OTHER
0.05,588,2,u,2,u,True,False,0,False,False,MATCH_OR_OTHER
0.05,646,5,u,5,u,True,False,0,False,False,MATCH_OR_OTHER
0.05,1250,5,u,5,u,True,False,0,False,False,MATCH_OR_OTHER
0.05,1110,2,u,2,u,True,False,0,False,False,MATCH_OR_OTHER
0.05,686,8,u,8,u,True,False,0,False,False,MATCH_OR_OTHER
0.05,1106,7,u,7,u,True,True,1,False,False,MATCH_OR_OTHER
0.05,1162,4,d,3,d,False,False,0,False,False,MATCH_OR_OTHER
0.05,790,5,u,5,u,True,False,0,False,False,MATCH_OR_OTHER
0.05,244,5,u,5,u,True,False,0,False,False,MATCH_OR_OTHER
0.05,2,1,u,1,u,True,False,0,False,False,MATCH_OR_OTHER
0.05,738,8,u,8,u,True,False,0,False,False,MATCH_OR_OTHER
0.05,1078,13,u,13,u,True,True,2,False,False,MATCH_OR_OTHER
0.05,637,3,d,2,d,False,False,0,False,False,MATCH_OR_OTHER
0.05,256,1,u,1,u,True,False,0,False,False,MATCH_OR_OTHER
0.05,1135,5,u,5,u,True,True,1,False,False,MATCH_OR_OTHER
0.05,190,9,u,9,u,True,True,1,True,True,DUPLICATE
0.05,178,4,u,4,u,True,False,0,False,False,MATCH_OR_OTHER
0.05,198,1,u,1,u,True,False,0,False,False,MATCH_OR_OTHER
0.05,720,2,u,2,u,True,False,0,False,False,MATCH_OR_OTHER
0.05,1249,10,d,9,d,False,False,0,False,False,MATCH_OR_OTHER
0.05,987,1,u,1,u,True,False,0,False,False,MATCH_OR_OTHER
0.05,485,1,u,1,u,True,False,0,False,False,MATCH_OR_OTHER
0.05,135,5,u,5,u,True,False,0,False,False,MATCH_OR_OTHER
0.05,372,20,c,19,c,True,True,1,False,False,MATCH_OR_OTHER
0.05,93,1,u,1,u,True,False,0,False,False,MATCH_OR_OTHER
0.05,1054,4,u,4,u,True,False,0,False,False,MATCH_OR_OTHER
0.05,831,4,u,4,u,True,False,0,False,False,MATCH_OR_OTHER
0.05,1001,8,u,8,u,True,False,0,False,False,MATCH_OR_OTHER
0.05,1015,8,c,7,c,True,False,0,False,False,MATCH_OR_OTHER
0.05,1009,2,u,2,u,True,False,0,False,False,MATCH_OR_OTHER
0.05,1240,4,u,4,u,True,False,0,False,False,MATCH_OR_OTHER
0.05,934,18,u,18,u,True,True,2,False,False,MATCH_OR_OTHER
0.05,615,7,u,7,u,True,False,0,False,False,MATCH_OR_OTHER
0.05,228,14,u,14,u,True,False,0,False,False,MATCH_OR_OTHER
0.05,544,7,u,7,u,True,True,1,False,False,MATCH_OR_OTHER
0.05,827,7,u,7,u,True,False,0,False,False,MATCH_OR_OTHER
0.05,50,3,u,3,u,True,False,0,False,False,MATCH_OR_OTHER
0.05,46,12,u,12,u,True,False,0,False,False,MATCH_OR_OTHER
0.05,291,6,u,6,u,True,True,1,True,True,DUPLICATE
0.05,1170,6,u,6,u,True,False,0,False,False,MATCH_OR_OTHER
0.05,826,4,c,3,c,True,False,0,False,False,MATCH_OR_OTHER
0.05,258,3,u,3,u,True,False,0,False,False,MATCH_OR_OTHER
0.05,1234,9,u,9,u,True,False,0,False,False,MATCH_OR_OTHER
0.05,205,3,u,3,u,True,True,1,False,False,MATCH_OR_OTHER
0.05,184,3,d,2,d,False,False,0,False,False,MATCH_OR_OTHER
0.05,727,5,u,5,u,True,False,0,False,False,MATCH_OR_OTHER
0.05,1109,4,u,4,u,True,False,0,False,False,MATCH_OR_OTHER
0.05,33,9,u,9,u,True,True,1,False,False,MATCH_OR_OTHER
0.05,192,3,d,2,d,False,False,0,False,False,MATCH_OR_OTHER
0.05,579,2,d,1,d,False,False,0,False,False,MATCH_OR_OTHER
0.05,802,3,u,3,u,True,False,0,False,False,MATCH_OR_OTHER
0.05,329,4,u,4,u,True,False,0,False,False,MATCH_OR_OTHER
0.05,355,4,u,4,u,True,False,0,False,False,MATCH_OR_OTHER
0.05,1033,3,u,3,u,True,False,0,False,False,MATCH_OR_OTHER
0.05,290,4,u,4,u,True,False,0,False,False,MATCH_OR_OTHER
0.05,1183,3,u,3,u,True,True,1,True,True,DUPLICATE
0.05,645,3,u,3,u,True,False,0,False,False,MATCH_OR_OTHER
0.05,838,2,u,2,u,True,False,0,False,False,MATCH_OR_OTHER
0.05,223,9,u,9,u,True,False,0,False,False,MATCH_OR_OTHER
0.05,575,8,u,8,u,True,False,0,False,False,MATCH_OR_OTHER
0.05,373,2,u,2,u,True,False,0,False,False,MATCH_OR_OTHER
0.05,1201,7,c,6,c,True,False,0,False,False,MATCH_OR_OTHER
0.05,871,4,u,4,u,True,False,0,False,False,MATCH_OR_OTHER
0.05,237,6,d,5,d,False,False,0,False,False,MATCH_OR_OTHER
0.05,1208,3,u,3,u,True,False,0,False,False,MATCH_OR_OTHER
0.05,794,10,d,9,d,False,False,0,False,False,MATCH_OR_OTHER
0.05,1132,4,u,4,u,True,False,0,False,False,MATCH_OR_OTHER
0.05,1031,2,u,2,u,True,False,0,False,False,MATCH_OR_OTHER
0.05,1118,7,u,7,u,True,True,1,False,False,MATCH_OR_OTHER
0.05,689,3,u,3,u,True,False,0,False,False,MATCH_OR_OTHER
0.05,1100,3,d,2,d,False,False,0,False,False,MATCH_OR_OTHER
0.05,707,2,u,2,u,True,False,0,False,False,MATCH_OR_OTHER
0.05,1126,4,u,4,u,True,False,0,False,False,MATCH_OR_OTHER
0.05,502,2,u,2,u,True,False,0,False,False,MATCH_OR_OTHER
0.05,728,9,u,9,u,True,False,0,False,False,MATCH_OR_OTHER
0.05,365,11,u,11,u,True,True,1,False,False,MATCH_OR_OTHER
0.05,687,3,u,3,u,True,False,0,False,False,MATCH_OR_OTHER
0.05,549,1,u,1,u,True,False,0,False,False,MATCH_OR_OTHER
0.05,26,10,u,10,u,True,False,0,False,False,MATCH_OR_OTHER
0.05,926,2,u,2,u,True,False,0,False,False,MATCH_OR_OTHER
0.05,247,5,u,5,u,True,False,0,False,False,MATCH_OR_OTHER
0.05,114,17,u,17,u,True,True,1,False,False,MATCH_OR_OTHER
0.05,132,9,u,9,u,True,True,1,False,False,MATCH_OR_OTHER
0.05,22,4,u,4,u,True,False,0,False,False,MATCH_OR_OTHER
0.05,816,2,u,2,u,True,False,0,False,False,MATCH_OR_OTHER
0.05,487,7,u,7,u,True,True,1,False,False,MATCH_OR_OTHER
0.05,528,6,u,6,u,True,False,0,False,False,MATCH_OR_OTHER
0.05,409,3,u,3,u,True,False,0,False,False,MATCH_OR_OTHER
0.05,820,5,u,5,u,True,False,0,False,False,MATCH_OR_OTHER
0.05,898,4,c,3,c,True,False,0,False,False,MATCH_OR_OTHER
0.05,333,8,u,8,u,True,False,0,False,False,MATCH_OR_OTHER
0.05,241,3,u,3,u,True,False,0,False,False,MATCH_OR_OTHER
0.05,519,6,u,6,u,True,True,1,False,False,MATCH_OR_OTHER
0.05,214,6,c,5,c,True,False,0,False,False,MATCH_OR_OTHER
0.05,982,1,u,1,u,True,False,0,False,False,MATCH_OR_OTHER
0.05,448,4,u,4,u,True,False,0,False,False,MATCH_OR_OTHER
0.05,362,6,u,6,u,True,False,0,False,False,MATCH_OR_OTHER
0.05,380,4,u,4,u,True,False,0,False,False,MATCH_OR_OTHER
0.05,263,5,u,5,u,True,True,1,False,False,MATCH_OR_OTHER
0.05,379,3,u,3,u,True,False,0,False,False,MATCH_OR_OTHER
0.05,174,3,u,3,u,True,False,0,False,False,MATCH_OR_OTHER
0.05,322,5,u,5,u,True,False,0,False,False,MATCH_OR_OTHER
0.05,1119,8,d,7,d,False,False,0,False,False,MATCH_OR_OTHER
0.05,201,2,d,1,d,False,False,0,False,False,MATCH_OR_OTHER
0.05,1139,2,u,2,u,True,False,0,False,False,MATCH_OR_OTHER
0.05,984,2,u,2,u,True,False,0,False,False,MATCH_OR_OTHER
0.05,788,4,u,4,u,True,False,0,False,False,MATCH_OR_OTHER
0.05,1016,6,u,6,u,True,False,0,False,False,MATCH_OR_OTHER
0.05,844,10,u,10,u,True,False,0,False,False,MATCH_OR_OTHER
0.05,509,1,u,1,u,True,False,0,False,False,MATCH_OR_OTHER
0.05,9,5,u,5,u,True,True,1,False,False,MATCH_OR_OTHER
0.05,1210,4,u,4,u,True,False,0,False,False,MATCH_OR_OTHER
0.05,202,6,u,6,u,True,False,0,False,False,MATCH_OR_OTHER
0.05,140,3,u,3,u,True,False,0,False,False,MATCH_OR_OTHER
0.05,318,3,u,3,u,True,False,0,False,False,MATCH_OR_OTHER
0.05,289,1,u,1,u,True,False,0,False,False,MATCH_OR_OTHER
0.05,51,2,u,2,u,True,False,0,False,False,MATCH_OR_OTHER
0.05,860,6,u,6,u,True,False,0,False,False,MATCH_OR_OTHER
0.05,394,2,u,2,u,True,False,0,False,False,MATCH_OR_OTHER
0.05,246,7,c,6,c,True,False,0,False,False,MATCH_OR_OTHER
0.05,369,11,u,11,u,True,True,2,False,False,MATCH_OR_OTHER
0.05,423,22,u,22,u,True,True,4,False,False,MATCH_OR_OTHER
0.05,25,1,u,1,u,True,False,0,False,False,MATCH_OR_OTHER
0.05,99,2,d,1,d,False,False,0,False,False,MATCH_OR_OTHER
0.05,775,10,d,9,d,False,True,1,False,False,MATCH_OR_OTHER
0.05,870,3,u,3,u,True,False,0,False,False,MATCH_OR_OTHER
0.05,764,4,u,4,u,True,False,0,False,False,MATCH_OR_OTHER
0.05,837,6,d,5,d,False,True,1,False,False,MATCH_OR_OTHER
0.05,169,3,u,3,u,True,True,1,False,False,MATCH_OR_OTHER
0.05,356,3,u,3,u,True,False,0,False,False,MATCH_OR_OTHER
0.05,973,14,u,14,u,True,True,2,True,True,DUPLICATE
0.05,627,2,u,2,u,True,False,0,False,False,MATCH_OR_OTHER
0.05,636,3,u,3,u,True,False,0,False,False,MATCH_OR_OTHER
0.05,1134,2,u,2,u,True,True,1,True,True,DUPLICATE
0.05,262,3,u,3,u,True,False,0,False,False,MATCH_OR_OTHER
0.05,547,1,u,1,u,True,False,0,False,False,MATCH_OR_OTHER
0.05,779,4,c,3,c,True,False,0,False,False,MATCH_OR_OTHER
0.05,546,4,d,3,d,False,False,0,False,False,MATCH_OR_OTHER
0.05,473,1,u,1,u,True,False,0,False,False,MATCH_OR_OTHER
0.05,154,3,u,3,u,True,False,0,False,False,MATCH_OR_OTHER
0.05,619,12,u,12,u,True,True,1,False,False,MATCH_OR_OTHER
0.05,55,11,u,11,u,True,False,0,False,False,MATCH_OR_OTHER
0.05,992,5,u,5,u,True,False,0,False,False,MATCH_OR_OTHER
0.05,1020,1,u,1,u,True,False,0,False,False,MATCH_OR_OTHER
0.05,1155,1,u,1,u,True,False,0,False,False,MATCH_OR_OTHER
0.05,166,2,u,2,u,True,False,0,False,False,MATCH_OR_OTHER
0.05,1059,8,d,7,d,False,False,0,False,False,MATCH_OR_OTHER
0.05,1228,5,u,5,u,True,False,0,False,False,MATCH_OR_OTHER
0.05,564,11,u,11,u,True,False,0,False,False,MATCH_OR_OTHER
0.05,398,3,u,3,u,True,True,1,False,False,MATCH_OR_OTHER
0.05,339,2,u,2,u,True,False,0,False,False,MATCH_OR_OTHER
0.05,415,2,u,2,u,True,False,0,False,False,MATCH_OR_OTHER
0.05,229,3,u,3,u,True,True,1,True,True,DUPLICATE
0.05,530,7,u,7,u,True,True,1,False,False,MATCH_OR_OTHER
0.05,852,3,d,2,d,False,True,1,False,False,MATCH_OR_OTHER
0.05,558,8,d,7,d,False,True,2,False,False,MATCH_OR_OTHER
0.05,804,9,u,9,u,True,True,1,False,False,MATCH_OR_OTHER
0.05,155,9,u,9,u,True,False,0,False,False,MATCH_OR_OTHER
0.05,14,8,u,8,u,True,True,1,False,False,MATCH_OR_OTHER
0.05,489,8,u,8,u,True,False,0,False,False,MATCH_OR_OTHER
0.05,1005,5,u,5,u,True,False,0,False,False,MATCH_OR_OTHER
0.05,143,6,u,6,u,True,False,0,False,False,MATCH_OR_OTHER
0.05,1235,10,u,10,u,True,False,0,False,False,MATCH_OR_OTHER
0.05,58,5,u,5,u,True,False,0,False,False,MATCH_OR_OTHER
0.05,396,1,u,1,u,True,False,0,False,False,MATCH_OR_OTHER
0.05,1188,3,u,3,u,True,False,0,False,False,MATCH_OR_OTHER
0.05,230,3,u,3,u,True,True,1,False,False,MATCH_OR_OTHER
0.05,975,4,c,3,c,True,False,0,False,False,MATCH_OR_OTHER
0.05,970,4,u,4,u,True,False,0,False,False,MATCH_OR_OTHER
0.05,432,7,u,7,u,True,False,0,False,False,MATCH_OR_OTHER
0.05,654,10,u,10,u,True,False,0,False,False,MATCH_OR_OTHER
0.05,106,2,u,2,u,True,False,0,False,False,MATCH_OR_OTHER
0.05,1111,7,u,7,u,True,False,0,False,False,MATCH_OR_OTHER
0.05,589,2,u,2,u,True,True,1,False,False,MATCH_OR_OTHER
0.05,989,5,u,5,u,True,False,0,False,False,MATCH_OR_OTHER
0.05,603,2,u,2,u,True,False,0,False,False,MATCH_OR_OTHER
0.05,742,7,d,6,d,False,False,0,False,False,MATCH_OR_OTHER
0.05,1092,7,u,7,u,True,False,0,False,False,MATCH_OR_OTHER
0.05,625,8,d,7,d,False,True,1,False,False,MATCH_OR_OTHER
0.05,650,2,u,2,u,True,False,0,False,False,MATCH_OR_OTHER
0.05,206,9,u,9,u,True,False,0,False,False,MATCH_OR_OTHER
0.05,493,5,u,5,u,True,False,0,False,False,MATCH_OR_OTHER
0.05,1129,2,d,1,d,False,False,0,False,False,MATCH_OR_OTHER
0.05,807,5,c,4,c,True,True,1,False,False,MATCH_OR_OTHER
0.05,481,2,u,2,u,True,False,0,False,False,MATCH_OR_OTHER
0.05,1165,3,c,2,c,True,False,0,False,False,MATCH_OR_OTHER
0.05,361,1,u,1,u,True,False,0,False,False,MATCH_OR_OTHER
0.05,552,7,u,7,u,True,False,0,False,False,MATCH_OR_OTHER
0.05,516,3,u,3,u,True,False,0,False,False,MATCH_OR_OTHER
0.05,326,2,u,2,u,True,False,0,False,False,MATCH_OR_OTHER
0.05,39,5,u,5,u,True,False,0,False,False,MATCH_OR_OTHER
0.05,68,4,u,4,u,True,True,1,False,False,MATCH_OR_OTHER
0.05,732,2,d,1,d,False,False,0,False,False,MATCH_OR_OTHER
0.05,551,6,u,6,u,True,False,0,False,False,MATCH_OR_OTHER
0.05,1022,5,c,4,c,True,False,0,False,False,MATCH_OR_OTHER
0.05,321,7,u,7,u,True,False,0,False,False,MATCH_OR_OTHER
0.05,418,10,u,10,u,True,False,0,False,False,MATCH_OR_OTHER
0.05,1256,6,u,6,u,True,False,0,False,False,MATCH_OR_OTHER
0.05,1076,2,u,2,u,True,True,1,False,False,MATCH_OR_OTHER
0.05,945,14,d,13,d,False,True,1,False,False,MATCH_OR_OTHER
0.05,64,6,u,6,u,True,False,0,False,False,MATCH_OR_OTHER
0.05,1088,10,u,10,u,True,False,0,False,False,MATCH_OR_OTHER
0.05,958,4,u,4,u,True,False,0,False,False,MATCH_OR_OTHER
0.05,1115,6,u,6,u,True,True,1,False,False,MATCH_OR_OTHER
0.05,347,2,u,2,u,True,False,0,False,False,MATCH_OR_OTHER
0.05,367,4,u,4,u,True,False,0,False,False,MATCH_OR_OTHER
0.05,803,6,u,6,u,True,False,0,False,False,MATCH_OR_OTHER
0.05,733,5,u,5,u,True,True,1,True,True,DUPLICATE
0.05,1057,3,c,2,c,True,False,0,False,False,MATCH_OR_OTHER
0.05,185,7,u,7,u,True,True,1,False,False,MATCH_OR_OTHER
0.05,442,1,u,1,u,True,False,0,False,False,MATCH_OR_OTHER
0.05,311,5,u,5,u,True,True,1,False,False,MATCH_OR_OTHER
0.05,1260,3,u,3,u,True,False,0,False,False,MATCH_OR_OTHER
0.05,1035,2,u,2,u,True,False,0,False,False,MATCH_OR_OTHER
0.05,233,16,d,15,d,False,True,1,False,False,MATCH_OR_OTHER
0.05,34,1,u,1,u,True,False,0,False,False,MATCH_OR_OTHER
0.05,879,1,u,1,u,True,False,0,False,False,MATCH_OR_OTHER
0.05,980,7,u,7,u,True,True,1,False,False,MATCH_OR_OTHER
0.05,159,3,u,3,u,True,False,0,False,False,MATCH_OR_OTHER
0.05,817,3,u,3,u,True,False,0,False,False,MATCH_OR_OTHER
0.05,657,2,d,1,d,False,False,0,False,False,MATCH_OR_OTHER
0.05,559,3,u,3,u,True,True,1,True,True,DUPLICATE
0.05,784,5,u,5,u,True,True,1,False,False,MATCH_OR_OTHER
0.05,555,16,u,16,u,True,False,0,False,False,MATCH_OR_OTHER
0.05,954,2,u,2,u,True,False,0,False,False,MATCH_OR_OTHER
0.05,1241,13,u,13,u,True,False,0,False,False,MATCH_OR_OTHER
0.05,1,3,u,3,u,True,False,0,False,False,MATCH_OR_OTHER
0.05,102,3,d,2,d,False,False,0,False,False,MATCH_OR_OTHER
0.05,885,9,u,9,u,True,False,0,False,False,MATCH_OR_OTHER
0.05,1024,2,u,2,u,True,False,0,False,False,MATCH_OR_OTHER
0.05,220,5,u,5,u,True,False,0,False,False,MATCH_OR_OTHER
0.05,1108,4,u,4,u,True,True,1,False,False,MATCH_OR_OTHER
0.05,17,4,d,3,d,False,False,0,False,False,MATCH_OR_OTHER
0.05,54,8,d,7,d,False,False,0,False,False,MATCH_OR_OTHER
0.05,1090,2,u,2,u,True,False,0,False,False,MATCH_OR_OTHER
0.05,523,3,u,3,u,True,False,0,False,False,MATCH_OR_OTHER
0.05,1245,5,u,5,u,True,False,0,False,False,MATCH_OR_OTHER
0.05,859,1,u,1,u,True,False,0,False,False,MATCH_OR_OTHER
0.05,279,4,u,4,u,True,False,0,False,False,MATCH_OR_OTHER
0.05,712,8,u,8,u,True,False,0,False,False,MATCH_OR_OTHER
0.05,284,6,u,6,u,True,True,1,False,False,MATCH_OR_OTHER
0.05,618,6,u,6,u,True,True,1,False,False,MATCH_OR_OTHER
0.05,75,3,d,2,d,False,False,0,False,False,MATCH_OR_OTHER
0.05,658,10,u,10,u,True,True,1,False,False,MATCH_OR_OTHER
0.05,914,1,u,1,u,True,True,1,True,True,DUPLICATE
0.05,1094,1,u,1,u,True,False,0,False,False,MATCH_OR_OTHER
0.05,88,4,u,4,u,True,False,0,False,False,MATCH_OR_OTHER
0.05,208,3,u,3,u,True,False,0,False,False,MATCH_OR_OTHER
0.05,832,2,d,1,d,False,False,0,False,False,MATCH_OR_OTHER
0.05,642,7,d,6,d,False,False,0,False,False,MATCH_OR_OTHER
0.05,829,4,u,4,u,True,False,0,False,False,MATCH_OR_OTHER
0.05,466,3,u,3,u,True,False,0,False,False,MATCH_OR_OTHER
0.05,949,2,d,1,d,False,False,0,False,False,MATCH_OR_OTHER
0.05,537,3,u,3,u,True,False,0,False,False,MATCH_OR_OTHER
0.05,1232,11,c,10,c,True,True,2,False,False,MATCH_OR_OTHER
0.05,800,1,u,1,u,True,False,0,False,False,MATCH_OR_OTHER
0.05,294,4,u,4,u,True,False,0,False,False,MATCH_OR_OTHER
0.05,601,5,u,5,u,True,True,1,False,False,MATCH_OR_OTHER
0.05,1066,1,u,1,u,True,False,0,False,False,MATCH_OR_OTHER
0.05,584,6,u,6,u,True,False,0,False,False,MATCH_OR_OTHER
0.05,698,4,u,4,u,True,False,0,False,False,MATCH_OR_OTHER
0.05,1169,3,d,2,d,False,False,0,False,False,MATCH_OR_OTHER
0.05,521,2,u,2,u,True,False,0,False,False,MATCH_OR_OTHER
0.05,103,4,u,4,u,True,False,0,False,False,MATCH_OR_OTHER
0.05,1067,2,u,2,u,True,False,0,False,False,MATCH_OR_OTHER
0.05,518,3,u,3,u,True,False,0,False,False,MATCH_OR_OTHER
0.05,757,9,u,9,u,True,False,0,False,False,MATCH_OR_OTHER
0.05,239,2,u,2,u,True,False,0,False,False,MATCH_OR_OTHER
0.05,1087,1,u,1,u,True,False,0,False,False,MATCH_OR_OTHER
0.05,1039,2,u,2,u,True,True,1,False,False,MATCH_OR_OTHER
0.05,1207,9,u,9,u,True,False,0,False,False,MATCH_OR_OTHER
0.05,787,5,u,5,u,True,False,0,False,False,MATCH_OR_OTHER
0.05,858,8,c,7,c,True,False,0,False,False,MATCH_OR_OTHER
0.05,479,7,u,7,u,True,True,1,False,False,MATCH_OR_OTHER
0.05,292,1,u,1,u,True,False,0,False,False,MATCH_OR_OTHER
0.05,920,6,u,6,u,True,True,1,False,False,MATCH_OR_OTHER
0.05,565,3,d,2,d,False,False,0,False,False,MATCH_OR_OTHER
0.05,447,6,d,5,d,False,False,0,False,False,MATCH_OR_OTHER
0.05,1130,3,c,2,c,True,False,0,False,False,MATCH_OR_OTHER
0.05,711,1,u,1,u,True,True,1,True,True,DUPLICATE
0.05,661,3,u,3,u,True,True,1,False,False,MATCH_OR_OTHER
0.05,736,5,d,4,d,False,False,0,False,False,MATCH_OR_OTHER
0.05,925,4,u,4,u,True,True,1,False,False,MATCH_OR_OTHER
0.05,462,2,u,2,u,True,False,0,False,False,MATCH_OR_OTHER
0.05,1259,11,u,11,u,True,True,1,False,False,MATCH_OR_OTHER
0.05,1254,6,d,5,d,False,False,0,False,False,MATCH_OR_OTHER
0.05,67,3,d,2,d,False,False,0,False,False,MATCH_OR_OTHER
0.05,1217,2,u,2,u,True,False,0,False,False,MATCH_OR_OTHER
0.05,586,3,d,2,d,False,False,0,False,False,MATCH_OR_OTHER
0.05,746,1,u,1,u,True,False,0,False,False,MATCH_OR_OTHER
0.05,608,7,u,7,u,True,True,1,False,False,MATCH_OR_OTHER
0.05,312,1,u,1,u,True,True,1,True,True,DUPLICATE
0.05,842,4,u,4,u,True,False,0,False,False,MATCH_OR_OTHER
0.05,913,5,u,5,u,True,False,0,False,False,MATCH_OR_OTHER
0.05,29,5,d,4,d,False,False,0,False,False,MATCH_OR_OTHER
0.05,697,3,d,2,d,False,False,0,False,False,MATCH_OR_OTHER
0.05,342,1,u,1,u,True,False,0,False,False,MATCH_OR_OTHER
0.05,1011,3,d,2,d,False,False,0,False,False,MATCH_OR_OTHER
0.05,1197,6,u,6,u,True,False,0,False,False,MATCH_OR_OTHER
0.05,1153,1,u,1,u,True,False,0,False,False,MATCH_OR_OTHER
0.05,42,3,u,3,u,True,True,1,True,True,DUPLICATE
0.05,701,6,u,6,u,True,False,0,False,False,MATCH_OR_OTHER
0.05,59,3,u,3,u,True,False,0,False,False,MATCH_OR_OTHER
0.05,81,1,u,1,u,True,True,1,True,True,DUPLICATE
0.05,669,2,u,2,u,True,False,0,False,False,MATCH_OR_OTHER
0.05,888,2,u,2,u,True,False,0,False,False,MATCH_OR_OTHER
0.05,7,4,u,4,u,True,False,0,False,False,MATCH_OR_OTHER
0.05,932,1,u,1,u,True,False,0,False,False,MATCH_OR_OTHER
0.05,37,3,u,3,u,True,True,1,True,True,DUPLICATE
0.05,886,8,u,8,u,True,True,1,False,False,MATCH_OR_OTHER
0.05,87,3,d,2,d,False,False,0,False,False,MATCH_OR_OTHER
0.05,452,4,u,4,u,True,False,0,False,False,MATCH_OR_OTHER
0.05,1121,1,u,1,u,True,False,0,False,False,MATCH_OR_OTHER
0.05,125,6,d,5,d,False,False,0,False,False,MATCH_OR_OTHER
0.05,815,8,u,8,u,True,False,0,False,False,MATCH_OR_OTHER
0.05,581,4,u,4,u,True,False,0,False,False,MATCH_OR_OTHER
0.05,1028,3,u,3,u,True,False,0,False,False,MATCH_OR_OTHER
0.05,912,2,u,2,u,True,False,0,False,False,MATCH_OR_OTHER
0.05,868,2,u,2,u,True,False,0,False,False,MATCH_OR_OTHER
0.05,680,3,u,3,u,True,False,0,False,False,MATCH_OR_OTHER
0.05,1065,3,u,3,u,True,True,1,False,False,MATCH_OR_OTHER
0.05,136,5,c,4,c,True,False,0,False,False,MATCH_OR_OTHER
0.05,1239,3,u,3,u,True,False,0,False,False,MATCH_OR_OTHER
0.05,677,1,u,1,u,True,False,0,False,False,MATCH_OR_OTHER
0.05,76,6,d,5,d,False,False,0,False,False,MATCH_OR_OTHER
0.05,231,3,u,3,u,True,False,0,False,False,MATCH_OR_OTHER
0.05,995,4,u,4,u,True,False,0,False,False,MATCH_OR_OTHER
0.05,221,3,d,2,d,False,False,0,False,False,MATCH_OR_OTHER
0.05,359,5,u,5,u,True,True,1,True,True,DUPLICATE
0.05,703,1,u,1,u,True,False,0,False,False,MATCH_OR_OTHER
0.05,940,2,u,2,u,True,False,0,False,False,MATCH_OR_OTHER
0.05,643,1,u,1,u,True,False,0,False,False,MATCH_OR_OTHER
0.05,1180,2,u,2,u,True,True,1,False,False,MATCH_OR_OTHER
0.05,500,4,d,3,d,False,False,0,False,False,MATCH_OR_OTHER
0.05,773,4,u,4,u,True,False,0,False,False,MATCH_OR_OTHER
0.05,226,8,u,8,u,True,False,0,False,False,MATCH_OR_OTHER
0.05,453,7,u,7,u,True,False,0,False,False,MATCH_OR_OTHER
0.05,557,2,u,2,u,True,False,0,False,False,MATCH_OR_OTHER
0.05,906,4,u,4,u,True,False,0,False,False,MATCH_OR_OTHER
0.05,1184,9,u,9,u,True,False,0,False,False,MATCH_OR_OTHER
0.05,332,11,u,11,u,True,False,0,False,False,MATCH_OR_OTHER
0.05,457,2,u,2,u,True,False,0,False,False,MATCH_OR_OTHER
0.05,876,1,u,1,u,True,False,0,False,False,MATCH_OR_OTHER
0.05,72,1,u,1,u,True,False,0,False,False,MATCH_OR_OTHER
0.05,550,1,u,1,u,True,False,0,False,False,MATCH_OR_OTHER
0.05,561,6,u,6,u,True,True,1,False,False,MATCH_OR_OTHER
0.05,1091,3,u,3,u,True,False,0,False,False,MATCH_OR_OTHER
0.05,157,4,u,4,u,True,False,0,False,False,MATCH_OR_OTHER
0.05,187,3,u,3,u,True,False,0,False,False,MATCH_OR_OTHER
0.05,428,3,c,2,c,True,False,0,False,False,MATCH_OR_OTHER
0.05,465,4,d,3,d,False,False,0,False,False,MATCH_OR_OTHER
0.05,417,4,u,4,u,True,False,0,False,False,MATCH_OR_OTHER
0.05,375,1,u,1,u,True,False,0,False,False,MATCH_OR_OTHER
0.05,635,2,u,2,u,True,False,0,False,False,MATCH_OR_OTHER
0.05,164,8,u,8,u,True,False,0,False,False,MATCH_OR_OTHER
0.05,385,1,u,1,u,True,False,0,False,False,MATCH_OR_OTHER
0.05,979,2,d,1,d,False,False,0,False,False,MATCH_OR_OTHER
0.05,1048,4,u,4,u,True,True,1,False,False,MATCH_OR_OTHER
0.05,30,7,u,7,u,True,False,0,False,False,MATCH_OR_OTHER
0.05,1251,3,u,3,u,True,False,0,False,False,MATCH_OR_OTHER
0.05,1216,2,u,2,u,True,False,0,False,False,MATCH_OR_OTHER
0.05,529,5,u,5,u,True,False,0,False,False,MATCH_OR_OTHER
0.05,433,3,d,2,d,False,False,0,False,False,MATCH_OR_OTHER
0.05,799,7,u,7,u,True,True,2,False,False,MATCH_OR_OTHER
0.05,1147,1,u,1,u,True,False,0,False,False,MATCH_OR_OTHER
0.05,882,6,d,5,d,False,False,0,False,False,MATCH_OR_OTHER
0.05,670,3,d,2,d,False,False,0,False,False,MATCH_OR_OTHER
0.05,917,6,u,6,u,True,False,0,False,False,MATCH_OR_OTHER
0.05,1113,3,u,3,u,True,False,0,False,False,MATCH_OR_OTHER
0.05,721,3,d,2,d,False,False,0,False,False,MATCH_OR_OTHER
0.05,717,6,u,6,u,True,False,0,False,False,MATCH_OR_OTHER
0.05,513,1,u,1,u,True,False,0,False,False,MATCH_OR_OTHER
0.05,1051,3,u,3,u,True,True,1,False,False,MATCH_OR_OTHER
0.05,320,3,u,3,u,True,False,0,False,False,MATCH_OR_OTHER
0.05,272,5,u,5,u,True,False,0,False,False,MATCH_OR_OTHER
0.05,840,1,u,1,u,True,False,0,False,False,MATCH_OR_OTHER
0.05,77,1,u,1,u,True,False,0,False,False,MATCH_OR_OTHER
0.05,985,2,u,2,u,True,True,1,True,True,DUPLICATE
0.05,881,8,u,8,u,True,True,1,False,False,MATCH_OR_OTHER
0.05,515,3,u,3,u,True,True,1,False,False,MATCH_OR_OTHER
0.05,475,3,u,3,u,True,False,0,False,False,MATCH_OR_OTHER
0.05,585,4,u,4,u,True,False,0,False,False,MATCH_OR_OTHER
0.05,460,2,u,2,u,True,False,0,False,False,MATCH_OR_OTHER
0.05,981,1,u,1,u,True,False,0,False,False,MATCH_OR_OTHER
0.05,1224,2,u,2,u,True,False,0,False,False,MATCH_OR_OTHER
0.05,116,7,u,7,u,True,True,2,False,False,MATCH_OR_OTHER
0.05,959,1,u,1,u,True,False,0,False,False,MATCH_OR_OTHER
0.05,553,1,u,1,u,True,False,0,False,False,MATCH_OR_OTHER
0.05,393,3,u,3,u,True,False,0,False,False,MATCH_OR_OTHER
0.05,776,7,u,7,u,True,False,0,False,False,MATCH_OR_OTHER
0.05,774,1,u,1,u,True,True,1,True,True,DUPLICATE
0.05,211,9,u,9,u,True,False,0,False,False,MATCH_OR_OTHER
0.05,138,1,u,1,u,True,False,0,False,False,MATCH_OR_OTHER
0.05,374,3,u,3,u,True,False,0,False,False,MATCH_OR_OTHER
0.05,249,3,d,2,d,False,False,0,False,False,MATCH_OR_OTHER
0.05,571,1,u,1,u,True,False,0,False,False,MATCH_OR_OTHER
0.05,463,2,d,1,d,False,False,0,False,False,MATCH_OR_OTHER
0.05,854,5,d,4,d,False,False,0,False,False,MATCH_OR_OTHER
0.05,1026,3,d,2,d,False,False,0,False,False,MATCH_OR_OTHER
0.05,207,1,u,1,u,True,False,0,False,False,MATCH_OR_OTHER
0.05,1058,2,u,2,u,True,False,0,False,False,MATCH_OR_OTHER
0.05,593,7,c,6,c,True,True,1,False,False,MATCH_OR_OTHER
0.05,735,3,u,3,u,True,False,0,False,False,MATCH_OR_OTHER
0.05,877,3,d,2,d,False,False,0,False,False,MATCH_OR_OTHER
0.05,177,4,u,4,u,True,False,0,False,False,MATCH_OR_OTHER
0.05,867,4,u,4,u,True,True,1,False,False,MATCH_OR_OTHER
0.05,441,2,d,1,d,False,False,0,False,False,MATCH_OR_OTHER
0.05,215,1,u,1,u,True,False,0,False,False,MATCH_OR_OTHER
0.05,1145,1,u,1,u,True,False,0,False,False,MATCH_OR_OTHER
0.05,1167,3,u,3,u,True,False,0,False,False,MATCH_OR_OTHER
0.05,90,6,u,6,u,True,False,0,False,False,MATCH_OR_OTHER
0.05,812,3,u,3,u,True,False,0,False,False,MATCH_OR_OTHER
0.05,704,4,u,4,u,True,False,0,False,False,MATCH_OR_OTHER
0.05,763,2,d,1,d,False,False,0,False,False,MATCH_OR_OTHER
0.05,540,3,u,3,u,True,False,0,False,False,MATCH_OR_OTHER
0.05,317,3,u,3,u,True,False,0,False,False,MATCH_OR_OTHER
0.05,607,3,u,3,u,True,False,0,False,False,MATCH_OR_OTHER
0.05,173,4,u,4,u,True,False,0,False,False,MATCH_OR_OTHER
0.05,960,6,u,6,u,True,False,0,False,False,MATCH_OR_OTHER
0.05,865,5,u,5,u,True,False,0,False,False,MATCH_OR_OTHER
0.05,133,2,u,2,u,True,False,0,False,False,MATCH_OR_OTHER
0.05,445,3,u,3,u,True,False,0,False,False,MATCH_OR_OTHER
0.05,1143,2,d,1,d,False,False,0,False,False,MATCH_OR_OTHER
0.05,1019,3,u,3,u,True,False,0,False,False,MATCH_OR_OTHER
0.05,251,1,u,1,u,True,False,0,False,False,MATCH_OR_OTHER
0.05,420,3,u,3,u,True,False,0,False,False,MATCH_OR_OTHER
0.05,713,3,u,3,u,True,False,0,False,False,MATCH_OR_OTHER
0.05,250,4,u,4,u,True,False,0,False,False,MATCH_OR_OTHER
0.05,183,2,u,2,u,True,False,0,False,False,MATCH_OR_OTHER
0.05,1037,4,d,3,d,False,False,0,False,False,MATCH_OR_OTHER
0.05,386,1,u,1,u,True,False,0,False,False,MATCH_OR_OTHER
0.05,604,1,u,1,u,True,False,0,False,False,MATCH_OR_OTHER
0.05,324,2,d,1,d,False,False,0,False,False,MATCH_OR_OTHER
0.05,146,1,u,1,u,True,False,0,False,False,MATCH_OR_OTHER
0.05,482,2,u,2,u,True,False,0,False,False,MATCH_OR_OTHER
0.05,313,2,d,1,d,False,False,0,False,False,MATCH_OR_OTHER
0.05,189,2,u,2,u,True,False,0,False,False,MATCH_OR_OTHER
0.05,265,1,u,1,u,True,False,0,False,False,MATCH_OR_OTHER
0.05,944,3,u,3,u,True,True,1,True,True,DUPLICATE
0.05,437,2,u,2,u,True,False,0,False,False,MATCH_OR_OTHER
0.05,957,1,u,1,u,True,False,0,False,False,MATCH_OR_OTHER
0.05,574,7,u,7,u,True,False,0,False,False,MATCH_OR_OTHER
0.05,923,2,u,2,u,True,False,0,False,False,MATCH_OR_OTHER
0.05,675,4,u,4,u,True,True,1,True,True,DUPLICATE
0.05,1004,1,u,1,u,True,False,0,False,False,MATCH_OR_OTHER
0.05,1101,3,u,3,u,True,False,0,False,False,MATCH_OR_OTHER
0.05,1136,6,u,6,u,True,False,0,False,False,MATCH_OR_OTHER
0.05,1141,2,d,1,d,False,False,0,False,False,MATCH_OR_OTHER
0.05,737,9,u,9,u,True,False,0,False,False,MATCH_OR_OTHER
0.05,805,3,c,2,c,True,False,0,False,False,MATCH_OR_OTHER
0.05,856,4,d,3,d,False,False,0,False,False,MATCH_OR_OTHER
0.05,1044,2,d,1,d,False,False,0,False,False,MATCH_OR_OTHER
0.05,276,1,u,1,u,True,False,0,False,False,MATCH_OR_OTHER
0.05,905,3,u,3,u,True,False,0,False,False,MATCH_OR_OTHER
0.05,532,1,u,1,u,True,False,0,False,False,MATCH_OR_OTHER
0.05,141,2,u,2,u,True,False,0,False,False,MATCH_OR_OTHER
0.05,474,2,u,2,u,True,False,0,False,False,MATCH_OR_OTHER
0.05,306,2,u,2,u,True,False,0,False,False,MATCH_OR_OTHER
0.05,203,1,u,1,u,True,False,0,False,False,MATCH_OR_OTHER
0.05,1003,3,u,3,u,True,False,0,False,False,MATCH_OR_OTHER
0.05,254,1,u,1,u,True,False,0,False,False,MATCH_OR_OTHER
0.05,38,1,u,1,u,True,False,0,False,False,MATCH_OR_OTHER
0.05,406,1,u,1,u,True,False,0,False,False,MATCH_OR_OTHER
0.05,744,3,u,3,u,True,False,0,False,False,MATCH_OR_OTHER
0.05,933,1,u,1,u,True,False,0,False,False,MATCH_OR_OTHER
0.05,937,2,u,2,u,True,False,0,False,False,MATCH_OR_OTHER
0.05,455,5,u,5,u,True,False,0,False,False,MATCH_OR_OTHER
0.05,137,4,u,4,u,True,True,1,False,False,MATCH_OR_OTHER
0.05,534,2,u,2,u,True,False,0,False,False,MATCH_OR_OTHER
0.05,280,2,u,2,u,True,False,0,False,False,MATCH_OR_OTHER
0.05,1027,3,u,3,u,True,False,0,False,False,MATCH_OR_OTHER
0.05,1190,2,d,1,d,False,False,0,False,False,MATCH_OR_OTHER
0.05,259,3,u,3,u,True,False,0,False,False,MATCH_OR_OTHER
0.05,1171,5,u,5,u,True,False,0,False,False,MATCH_OR_OTHER
0.05,1199,1,u,1,u,True,False,0,False,False,MATCH_OR_OTHER
0.05,1151,2,u,2,u,True,False,0,False,False,MATCH_OR_OTHER
0.05,821,2,u,2,u,True,False,0,False,False,MATCH_OR_OTHER
0.05,891,3,d,2,d,False,False,0,False,False,MATCH_OR_OTHER
0.05,1227,3,u,3,u,True,False,0,False,False,MATCH_OR_OTHER
0.05,57,2,u,2,u,True,False,0,False,False,MATCH_OR_OTHER
0.05,993,1,u,1,u,True,False,0,False,False,MATCH_OR_OTHER
0.05,498,1,u,1,u,True,False,0,False,False,MATCH_OR_OTHER
0.05,903,6,u,6,u,True,False,0,False,False,MATCH_OR_OTHER
0.05,765,1,u,1,u,True,False,0,False,False,MATCH_OR_OTHER
0.05,334,6,d,5,d,False,False,0,False,False,MATCH_OR_OTHER
0.05,384,3,u,3,u,True,False,0,False,False,MATCH_OR_OTHER
0.05,264,4,u,4,u,True,True,1,False,False,MATCH_OR_OTHER
0.05,999,6,u,6,u,True,True,1,True,True,DUPLICATE
0.05,849,4,u,4,u,True,False,0,False,False,MATCH_OR_OTHER
0.05,1148,4,u,4,u,True,True,1,False,False,MATCH_OR_OTHER
0.05,296,3,u,3,u,True,False,0,False,False,MATCH_OR_OTHER
0.05,1047,2,u,2,u,True,False,0,False,False,MATCH_OR_OTHER
0.05,48,2,u,2,u,True,False,0,False,False,MATCH_OR_OTHER
0.05,524,2,u,2,u,True,False,0,False,False,MATCH_OR_OTHER
0.05,659,1,u,1,u,True,False,0,False,False,MATCH_OR_OTHER
0.05,353,2,d,1,d,False,True,1,False,False,MATCH_OR_OTHER
0.05,1248,3,u,3,u,True,False,0,False,False,MATCH_OR_OTHER
0.05,1107,1,u,1,u,True,False,0,False,False,MATCH_OR_OTHER
0.05,1025,1,u,1,u,True,False,0,False,False,MATCH_OR_OTHER
0.05,404,2,u,2,u,True,False,0,False,False,MATCH_OR_OTHER
0.05,8,3,u,3,u,True,False,0,False,False,MATCH_OR_OTHER
0.05,110,4,u,4,u,True,False,0,False,False,MATCH_OR_OTHER
0.05,1178,3,d,2,d,False,False,0,False,False,MATCH_OR_OTHER
0.05,6,2,d,1,d,False,False,0,False,False,MATCH_OR_OTHER
0.05,1154,3,u,3,u,True,False,0,False,False,MATCH_OR_OTHER
0.05,86,3,u,3,u,True,False,0,False,False,MATCH_OR_OTHER
0.05,480,3,d,2,d,False,False,0,False,False,MATCH_OR_OTHER
0.05,47,2,u,2,u,True,False,0,False,False,MATCH_OR_OTHER
0.05,503,5,u,5,u,True,True,1,True,True,DUPLICATE
0.05,977,2,u,2,u,True,False,0,False,False,MATCH_OR_OTHER
0.05,1194,2,u,2,u,True,False,0,False,False,MATCH_OR_OTHER
0.05,1192,1,u,1,u,True,False,0,False,False,MATCH_OR_OTHER
0.05,436,1,u,1,u,True,False,0,False,False,MATCH_OR_OTHER
0.05,1255,3,u,3,u,True,False,0,False,False,MATCH_OR_OTHER
0.05,591,2,u,2,u,True,False,0,False,False,MATCH_OR_OTHER
0.05,1173,2,u,2,u,True,False,0,False,False,MATCH_OR_OTHER
0.05,458,3,u,3,u,True,False,0,False,False,MATCH_OR_OTHER
0.05,240,1,u,1,u,True,False,0,False,False,MATCH_OR_OTHER
0.05,681,1,u,1,u,True,True,1,True,True,DUPLICATE
0.05,1095,1,u,1,u,True,False,0,False,False,MATCH_OR_OTHER
0.05,1023,1,u,1,u,True,False,0,False,False,MATCH_OR_OTHER
0.05,889,2,u,2,u,True,False,0,False,False,MATCH_OR_OTHER
0.05,1010,4,d,3,d,False,False,0,False,False,MATCH_OR_OTHER
0.05,869,2,u,2,u,True,False,0,False,False,MATCH_OR_OTHER
0.05,576,1,u,1,u,True,False,0,False,False,MATCH_OR_OTHER
0.05,288,3,u,3,u,True,False,0,False,False,MATCH_OR_OTHER
0.05,1191,1,u,1,u,True,False,0,False,False,MATCH_OR_OTHER
0.05,899,7,u,7,u,True,True,1,False,False,MATCH_OR_OTHER
0.05,300,3,u,3,u,True,True,1,True,True,DUPLICATE
0.05,1081,2,u,2,u,True,False,0,False,False,MATCH_OR_OTHER
0.05,878,2,u,2,u,True,False,0,False,False,MATCH_OR_OTHER
0.05,688,3,u,3,u,True,False,0,False,False,MATCH_OR_OTHER
0.05,573,2,u,2,u,True,False,0,False,False,MATCH_OR_OTHER
0.05,598,2,u,2,u,True,False,0,False,False,MATCH_OR_OTHER
0.05,340,6,u,6,u,True,False,0,False,False,MATCH_OR_OTHER
0.05,11,1,u,1,u,True,False,0,False,False,MATCH_OR_OTHER
0.05,439,2,u,2,u,True,False,0,False,False,MATCH_OR_OTHER
0.05,1096,2,u,2,u,True,False,0,False,False,MATCH_OR_OTHER
0.05,848,5,u,5,u,True,True,1,False,False,MATCH_OR_OTHER
0.05,491,2,u,2,u,True,False,0,False,False,MATCH_OR_OTHER
0.05,188,1,u,1,u,True,True,1,True,True,DUPLICATE
0.05,131,1,u,1,u,True,False,0,False,False,MATCH_OR_OTHER
0.05,464,1,u,1,u,True,False,0,False,False,MATCH_OR_OTHER
0.05,260,2,u,2,u,True,False,0,False,False,MATCH_OR_OTHER
0.05,994,1,u,1,u,True,False,0,False,False,MATCH_OR_OTHER
0.05,726,4,u,4,u,True,False,0,False,False,MATCH_OR_OTHER
0.05,626,2,u,2,u,True,False,0,False,False,MATCH_OR_OTHER
0.05,210,1,u,1,u,True,False,0,False,False,MATCH_OR_OTHER
0.05,15,2,u,2,u,True,False,0,False,False,MATCH_OR_OTHER
0.05,295,1,u,1,u,True,False,0,False,False,MATCH_OR_OTHER
0.05,572,2,d,1,d,False,False,0,False,False,MATCH_OR_OTHER
0.05,414,1,u,1,u,True,False,0,False,False,MATCH_OR_OTHER
0.05,673,5,u,5,u,True,False,0,False,False,MATCH_OR_OTHER
0.05,514,4,u,4,u,True,True,1,False,False,MATCH_OR_OTHER
0.05,194,2,u,2,u,True,False,0,False,False,MATCH_OR_OTHER
0.05,956,3,u,3,u,True,False,0,False,False,MATCH_OR_OTHER
0.05,139,2,u,2,u,True,False,0,False,False,MATCH_OR_OTHER
0.05,578,4,u,4,u,True,False,0,False,False,MATCH_OR_OTHER
0.05,752,1,u,1,u,True,False,0,False,False,MATCH_OR_OTHER
0.05,508,1,u,1,u,True,False,0,False,False,MATCH_OR_OTHER
0.05,609,1,u,1,u,True,False,0,False,False,MATCH_OR_OTHER
0.05,810,3,c,2,c,True,False,0,False,False,MATCH_OR_OTHER
0.05,676,4,u,4,u,True,False,0,False,False,MATCH_OR_OTHER
0.05,376,1,u,1,u,True,False,0,False,False,MATCH_OR_OTHER
0.05,162,1,u,1,u,True,True,1,True,True,DUPLICATE
0.05,1050,2,u,2,u,True,False,0,False,False,MATCH_OR_OTHER
0.05,41,2,u,2,u,True,False,0,False,False,MATCH_OR_OTHER
0.05,739,1,u,1,u,True,False,0,False,False,MATCH_OR_OTHER
0.05,261,4,d,3,d,False,True,1,False,False,MATCH_OR_OTHER
0.05,1168,1,u,1,u,True,False,0,False,False,MATCH_OR_OTHER
0.05,316,2,u,2,u,True,False,0,False,False,MATCH_OR_OTHER
0.05,1046,4,u,4,u,True,False,0,False,False,MATCH_OR_OTHER
0.05,533,1,u,1,u,True,False,0,False,False,MATCH_OR_OTHER
0.05,1196,3,u,3,u,True,True,1,True,True,DUPLICATE
0.05,715,1,u,1,u,True,False,0,False,False,MATCH_OR_OTHER
0.05,95,2,u,2,u,True,False,0,False,False,MATCH_OR_OTHER
0.05,268,2,d,1,d,False,True,1,False,False,MATCH_OR_OTHER
0.05,873,5,u,5,u,True,False,0,False,False,MATCH_OR_OTHER
0.05,1013,3,u,3,u,True,False,0,False,False,MATCH_OR_OTHER
0.05,580,2,u,2,u,True,False,0,False,False,MATCH_OR_OTHER
0.05,1093,4,u,4,u,True,False,0,False,False,MATCH_OR_OTHER
0.05,69,3,u,3,u,True,False,0,False,False,MATCH_OR_OTHER
0.05,408,2,u,2,u,True,False,0,False,False,MATCH_OR_OTHER
0.05,835,1,u,1,u,True,False,0,False,False,MATCH_OR_OTHER
0.05,449,3,u,3,u,True,False,0,False,False,MATCH_OR_OTHER
0.05,943,2,u,2,u,True,False,0,False,False,MATCH_OR_OTHER
0.05,893,3,u,3,u,True,False,0,False,False,MATCH_OR_OTHER
0.05,163,4,u,4,u,True,True,1,True,True,DUPLICATE
0.05,806,3,u,3,u,True,False,0,False,False,MATCH_OR_OTHER
0.05,535,1,u,1,u,True,False,0,False,False,MATCH_OR_OTHER
0.05,197,3,u,3,u,True,False,0,False,False,MATCH_OR_OTHER
0.05,94,2,u,2,u,True,False,0,False,False,MATCH_OR_OTHER
0.05,857,1,u,1,u,True,False,0,False,False,MATCH_OR_OTHER
0.05,467,1,u,1,u,True,False,0,False,False,MATCH_OR_OTHER
0.05,443,3,c,2,c,True,False,0,False,False,MATCH_OR_OTHER
0.05,111,2,u,2,u,True,False,0,False,False,MATCH_OR_OTHER
0.05,388,2,u,2,u,True,True,1,False,False,MATCH_OR_OTHER
0.05,560,2,u,2,u,True,False,0,False,False,MATCH_OR_OTHER
0.05,822,1,u,1,u,True,False,0,False,False,MATCH_OR_OTHER
0.05,978,2,u,2,u,True,True,1,True,True,DUPLICATE
0.05,495,1,u,1,u,True,False,0,False,False,MATCH_OR_OTHER
0.05,674,2,u,2,u,True,True,1,True,True,DUPLICATE
0.05,348,2,u,2,u,True,False,0,False,False,MATCH_OR_OTHER
0.05,631,1,u,1,u,True,False,0,False,False,MATCH_OR_OTHER
0.05,161,2,u,2,u,True,False,0,False,False,MATCH_OR_OTHER
0.05,286,2,u,2,u,True,False,0,False,False,MATCH_OR_OTHER
0.05,685,2,u,2,u,True,False,0,False,False,MATCH_OR_OTHER
0.05,497,2,d,1,d,False,False,0,False,False,MATCH_OR_OTHER
0.05,950,1,u,1,u,True,False,0,False,False,MATCH_OR_OTHER
0.05,483,1,u,1,u,True,True,1,True,True,DUPLICATE
0.05,431,2,d,1,d,False,False,0,False,False,MATCH_OR_OTHER
0.05,269,4,u,4,u,True,True,1,False,False,MATCH_OR_OTHER
0.05,1177,1,u,1,u,True,False,0,False,False,MATCH_OR_OTHER
0.05,274,2,u,2,u,True,False,0,False,False,MATCH_OR_OTHER
0.05,942,2,u,2,u,True,True,1,False,False,MATCH_OR_OTHER
0.05,281,2,u,2,u,True,False,0,False,False,MATCH_OR_OTHER
0.05,667,2,u,2,u,True,False,0,False,False,MATCH_OR_OTHER
0.05,156,3,u,3,u,True,False,0,False,False,MATCH_OR_OTHER
0.05,769,1,u,1,u,True,False,0,False,False,MATCH_OR_OTHER
0.05,421,2,d,1,d,False,False,0,False,False,MATCH_OR_OTHER
0.05,450,2,d,1,d,False,False,0,False,False,MATCH_OR_OTHER
0.05,360,3,u,3,u,True,False,0,False,False,MATCH_OR_OTHER
0.05,630,2,u,2,u,True,False,0,False,False,MATCH_OR_OTHER
0.05,754,1,u,1,u,True,False,0,False,False,MATCH_OR_OTHER
0.05,182,1,u,1,u,True,True,1,True,True,DUPLICATE
0.05,387,1,u,1,u,True,False,0,False,False,MATCH_OR_OTHER
0.05,1055,2,u,2,u,True,False,0,False,False,MATCH_OR_OTHER
0.05,1138,1,u,1,u,True,False,0,False,False,MATCH_OR_OTHER
0.05,85,2,u,2,u,True,False,0,False,False,MATCH_OR_OTHER
0.05,344,3,u,3,u,True,False,0,False,False,MATCH_OR_OTHER
0.05,70,1,u,1,u,True,False,0,False,False,MATCH_OR_OTHER
0.05,554,1,u,1,u,True,True,1,True,True,DUPLICATE
0.05,1159,1,u,1,u,True,False,0,False,False,MATCH_OR_OTHER
0.05,679,1,u,1,u,True,False,0,False,False,MATCH_OR_OTHER
0.05,998,1,u,1,u,True,False,0,False,False,MATCH_OR_OTHER
0.05,862,3,u,3,u,True,True,1,False,False,MATCH_OR_OTHER
0.05,875,2,u,2,u,True,False,0,False,False,MATCH_OR_OTHER
0.05,287,1,u,1,u,True,False,0,False,False,MATCH_OR_OTHER
0.05,1000,1,u,1,u,True,False,0,False,False,MATCH_OR_OTHER
0.05,217,2,u,2,u,True,False,0,False,False,MATCH_OR_OTHER
0.05,924,1,u,1,u,True,False,0,False,False,MATCH_OR_OTHER
0.05,346,4,u,4,u,True,False,0,False,False,MATCH_OR_OTHER
0.05,872,1,u,1,u,True,True,1,True,True,DUPLICATE
0.05,996,1,u,1,u,True,False,0,False,False,MATCH_OR_OTHER
0.05,327,1,u,1,u,True,False,0,False,False,MATCH_OR_OTHER
0.05,1038,1,u,1,u,True,False,0,False,False,MATCH_OR_OTHER
0.05,632,2,u,2,u,True,False,0,False,False,MATCH_OR_OTHER
0.05,753,2,d,1,d,False,True,1,False,False,MATCH_OR_OTHER
0.05,84,1,u,1,u,True,False,0,False,False,MATCH_OR_OTHER
0.05,176,1,u,1,u,True,False,0,False,False,MATCH_OR_OTHER
0.05,213,1,u,1,u,True,False,0,False,False,MATCH_OR_OTHER
0.05,216,1,u,1,u,True,False,0,False,False,MATCH_OR_OTHER
0.05,257,1,u,1,u,True,False,0,False,False,MATCH_OR_OTHER
0.05,152,2,u,2,u,True,False,0,False,False,MATCH_OR_OTHER
0.05,894,2,u,2,u,True,True,1,False,False,MATCH_OR_OTHER
0.05,919,1,u,1,u,True,False,0,False,False,MATCH_OR_OTHER
0.05,338,1,u,1,u,True,False,0,False,False,MATCH_OR_OTHER
0.05,35,1,u,1,u,True,False,0,False,False,MATCH_OR_OTHER
0.05,134,1,u,1,u,True,False,0,False,False,MATCH_OR_OTHER
0.05,1195,4,d,3,d,False,True,1,False,False,MATCH_OR_OTHER
0.05,1149,1,u,1,u,True,False,0,False,False,MATCH_OR_OTHER
0.05,160,1,u,1,u,True,False,0,False,False,MATCH_OR_OTHER
0.05,232,2,u,2,u,True,False,0,False,False,MATCH_OR_OTHER
0.05,1144,1,u,1,u,True,False,0,False,False,MATCH_OR_OTHER
0.05,683,1,u,1,u,True,False,0,False,False,MATCH_OR_OTHER
0.05,916,1,u,1,u,True,False,0,False,False,MATCH_OR_OTHER
0.05,796,1,u,1,u,True,False,0,False,False,MATCH_OR_OTHER
0.05,747,2,u,2,u,True,False,0,False,False,MATCH_OR_OTHER
0.05,1258,3,u,3,u,True,False,0,False,False,MATCH_OR_OTHER
0.05,368,2,u,2,u,True,False,0,False,False,MATCH_OR_OTHER
0.05,751,2,d,1,d,False,False,0,False,False,MATCH_OR_OTHER
0.05,656,1,u,1,u,True,False,0,False,False,MATCH_OR_OTHER
0.05,511,1,u,1,u,True,False,0,False,False,MATCH_OR_OTHER
0.05,363,1,u,1,u,True,True,1,True,True,DUPLICATE
0.05,761,1,u,1,u,True,False,0,False,False,MATCH_OR_OTHER
0.05,411,1,u,1,u,True,False,0,False,False,MATCH_OR_OTHER
0.05,302,1,u,1,u,True,False,0,False,False,MATCH_OR_OTHER
0.05,705,1,u,1,u,True,False,0,False,False,MATCH_OR_OTHER
0.05,1021,3,u,3,u,True,False,0,False,False,MATCH_OR_OTHER
0.05,1105,1,u,1,u,True,False,0,False,False,MATCH_OR_OTHER
0.05,665,1,u,1,u,True,False,0,False,False,MATCH_OR_OTHER
0.05,966,3,u,3,u,True,False,0,False,False,MATCH_OR_OTHER
0.05,180,1,u,1,u,True,False,0,False,False,MATCH_OR_OTHER
0.05,1012,3,u,3,u,True,False,0,False,False,MATCH_OR_OTHER
0.05,691,1,u,1,u,True,False,0,False,False,MATCH_OR_OTHER
0.05,309,2,u,2,u,True,False,0,False,False,MATCH_OR_OTHER
0.05,1125,1,u,1,u,True,False,0,False,False,MATCH_OR_OTHER
0.05,209,2,u,2,u,True,False,0,False,False,MATCH_OR_OTHER
0.05,104,1,u,1,u,True,False,0,False,False,MATCH_OR_OTHER
0.05,961,1,u,1,u,True,False,0,False,False,MATCH_OR_OTHER
0.05,122,1,u,1,u,True,False,0,False,False,MATCH_OR_OTHER
0.05,666,1,u,1,u,True,False,0,False,False,MATCH_OR_OTHER
0.05,1160,1,u,1,u,True,False,0,False,False,MATCH_OR_OTHER
0.05,330,1,u,1,u,True,True,1,True,True,DUPLICATE
0.05,846,1,u,1,u,True,False,0,False,False,MATCH_OR_OTHER
0.05,52,1,u,1,u,True,False,0,False,False,MATCH_OR_OTHER
0.05,119,1,u,1,u,True,False,0,False,False,MATCH_OR_OTHER
0.05,749,1,u,1,u,True,False,0,False,False,MATCH_OR_OTHER
0.05,562,1,u,1,u,True,True,1,True,True,DUPLICATE
0.05,1133,2,d,1,d,False,False,0,False,False,MATCH_OR_OTHER
0.05,117,3,d,2,d,False,False,0,False,False,MATCH_OR_OTHER
0.05,1214,2,u,2,u,True,False,0,False,False,MATCH_OR_OTHER
0.05,1185,1,u,1,u,True,False,0,False,False,MATCH_OR_OTHER
0.05,71,1,u,1,u,True,False,0,False,False,MATCH_OR_OTHER
0.05,1085,1,u,1,u,True,False,0,False,False,MATCH_OR_OTHER
0.05,149,1,u,1,u,True,False,0,False,False,MATCH_OR_OTHER
0.05,1053,1,u,1,u,True,False,0,False,False,MATCH_OR_OTHER
0.05,918,2,d,1,d,False,False,0,False,False,MATCH_OR_OTHER
0.05,382,1,u,1,u,True,False,0,False,False,MATCH_OR_OTHER
0.05,952,1,u,1,u,True,False,0,False,False,MATCH_OR_OTHER
0.05,695,1,u,1,u,True,False,0,False,False,MATCH_OR_OTHER
0.05,200,1,u,1,u,True,False,0,False,False,MATCH_OR_OTHER
0.05,896,1,u,1,u,True,False,0,False,False,MATCH_OR_OTHER
0.05,253,1,u,1,u,True,False,0,False,False,MATCH_OR_OTHER
0.05,504,1,u,1,u,True,False,0,False,False,MATCH_OR_OTHER
0.05,762,1,u,1,u,True,False,0,False,False,MATCH_OR_OTHER
0.05,204,1,u,1,u,True,True,1,True,True,DUPLICATE
0.05,543,1,u,1,u,True,False,0,False,False,MATCH_OR_OTHER
0.05,531,1,u,1,u,True,False,0,False,False,MATCH_OR_OTHER
0.15,1253,4,u,4,u,True,True,1,False,False,MATCH_OR_OTHER
0.15,358,9,d,8,d,False,True,1,False,False,MATCH_OR_OTHER
0.15,890,6,u,6,u,True,False,0,False,False,MATCH_OR_OTHER
0.15,179,10,u,10,u,True,False,0,False,False,MATCH_OR_OTHER
0.15,49,7,u,7,u,True,False,0,False,False,MATCH_OR_OTHER
0.15,748,6,u,6,u,True,True,3,True,True,DUPLICATE
0.15,1029,9,u,9,u,True,True,4,True,True,DUPLICATE
0.15,301,12,u,12,u,True,True,2,False,False,MATCH_OR_OTHER
0.15,823,14,u,14,u,True,True,1,False,False,MATCH_OR_OTHER
0.15,1072,27,u,27,u,True,True,4,False,False,MATCH_OR_OTHER
0.15,527,50,c,49,c,True,True,5,False,False,MATCH_OR_OTHER
0.15,542,10,u,10,u,True,True,2,False,False,MATCH_OR_OTHER
0.15,66,9,u,9,u,True,False,0,False,False,MATCH_OR_OTHER
0.15,407,3,u,3,u,True,True,2,True,True,DUPLICATE
0.15,556,8,u,8,u,True,True,2,False,False,MATCH_OR_OTHER
0.15,267,7,u,7,u,True,False,0,False,False,MATCH_OR_OTHER
0.15,224,13,d,12,d,False,True,1,False,False,MATCH_OR_OTHER
0.15,719,7,u,7,u,True,False,0,False,False,MATCH_OR_OTHER
0.15,988,10,c,9,c,True,True,1,False,False,MATCH_OR_OTHER
0.15,10,9,u,9,u,True,True,1,False,False,MATCH_OR_OTHER
0.15,962,2,u,2,u,True,False,0,False,False,MATCH_OR_OTHER
0.15,1161,5,d,4,d,False,True,1,False,False,MATCH_OR_OTHER
0.15,400,5,u,5,u,True,True,1,False,False,MATCH_OR_OTHER
0.15,425,5,d,4,d,False,False,0,False,False,MATCH_OR_OTHER
0.15,567,10,u,10,u,True,True,3,False,False,MATCH_OR_OTHER
0.15,734,8,u,8,u,True,True,2,True,True,DUPLICATE
0.15,623,19,u,19,u,True,True,4,False,False,MATCH_OR_OTHER
0.15,456,9,u,9,u,True,False,0,False,False,MATCH_OR_OTHER
0.15,836,21,u,21,u,True,True,3,True,True,DUPLICATE
0.15,1006,2,u,2,u,True,True,1,False,False,MATCH_OR_OTHER
0.15,599,8,u,8,u,True,False,0,False,False,MATCH_OR_OTHER
0.15,563,4,u,4,u,True,True,1,False,False,MATCH_OR_OTHER
0.15,412,13,u,13,u,True,False,0,False,False,MATCH_OR_OTHER
0.15,1124,12,u,12,u,True,True,2,False,False,MATCH_OR_OTHER
0.15,1074,4,u,4,u,True,False,0,False,False,MATCH_OR_OTHER
0.15,597,10,d,9,d,False,True,2,False,False,MATCH_OR_OTHER
0.15,383,6,u,6,u,True,True,1,False,False,MATCH_OR_OTHER
0.15,153,10,u,10,u,True,True,3,False,False,MATCH_OR_OTHER
0.15,1102,3,u,3,u,True,False,0,False,False,MATCH_OR_OTHER
0.15,277,16,d,15,d,False,True,1,False,False,MATCH_OR_OTHER
0.15,1238,8,u,8,u,True,True,1,False,False,MATCH_OR_OTHER
0.15,112,10,d,9,d,False,True,1,False,False,MATCH_OR_OTHER
0.15,1116,6,u,6,u,True,True,2,True,True,DUPLICATE
0.15,880,18,u,18,u,True,True,4,False,False,MATCH_OR_OTHER
0.15,499,6,u,6,u,True,True,2,True,True,DUPLICATE
0.15,652,8,u,8,u,True,True,1,False,False,MATCH_OR_OTHER
0.15,1150,2,u,2,u,True,True,1,True,True,DUPLICATE
0.15,399,13,u,13,u,True,True,2,True,True,DUPLICATE
0.15,671,4,u,4,u,True,False,0,False,False,MATCH_OR_OTHER
0.15,315,9,u,9,u,True,False,0,False,False,MATCH_OR_OTHER
0.15,1164,10,u,10,u,True,True,1,False,False,MATCH_OR_OTHER
0.15,1236,2,u,2,u,True,True,1,False,False,MATCH_OR_OTHER
0.15,304,3,u,3,u,True,False,0,False,False,MATCH_OR_OTHER
0.15,505,14,d,13,d,False,True,3,False,False,MATCH_OR_OTHER
0.15,370,4,c,3,c,True,False,0,False,False,MATCH_OR_OTHER
0.15,469,4,u,4,u,True,False,0,False,False,MATCH_OR_OTHER
0.15,663,10,u,10,u,True,False,0,False,False,MATCH_OR_OTHER
0.15,1181,9,d,8,d,False,True,1,False,False,MATCH_OR_OTHER
0.15,855,3,d,2,d,False,False,0,False,False,MATCH_OR_OTHER
0.15,61,5,u,5,u,True,True,1,True,True,DUPLICATE
0.15,477,9,d,8,d,False,False,0,False,False,MATCH_OR_OTHER
0.15,938,3,u,3,u,True,False,0,False,False,MATCH_OR_OTHER
0.15,82,11,u,11,u,True,True,1,False,False,MATCH_OR_OTHER
0.15,545,10,c,9,c,True,True,1,False,False,MATCH_OR_OTHER
0.15,1257,7,u,7,u,True,True,1,False,False,MATCH_OR_OTHER
0.15,13,8,u,8,u,True,True,2,True,True,DUPLICATE
0.15,124,3,u,3,u,True,True,1,False,False,MATCH_OR_OTHER
0.15,722,8,u,8,u,True,True,2,False,False,MATCH_OR_OTHER
0.15,27,2,u,2,u,True,False,0,False,False,MATCH_OR_OTHER
0.15,847,1,u,1,u,True,False,0,False,False,MATCH_OR_OTHER
0.15,195,6,u,6,u,True,False,0,False,False,MATCH_OR_OTHER
0.15,723,4,u,4,u,True,True,1,False,False,MATCH_OR_OTHER
0.15,496,1,u,1,u,True,False,0,False,False,MATCH_OR_OTHER
0.15,714,23,d,22,d,False,True,2,False,False,MATCH_OR_OTHER
0.15,621,16,u,16,u,True,True,4,False,False,MATCH_OR_OTHER
0.15,120,6,u,6,u,True,False,0,False,False,MATCH_OR_OTHER
0.15,1064,21,u,21,u,True,True,4,False,False,MATCH_OR_OTHER
0.15,97,1,u,1,u,True,False,0,False,False,MATCH_OR_OTHER
0.15,690,6,u,6,u,True,True,3,False,False,MATCH_OR_OTHER
0.15,900,7,d,6,d,False,True,1,False,False,MATCH_OR_OTHER
0.15,930,8,u,8,u,True,True,1,False,False,MATCH_OR_OTHER
0.15,424,9,u,9,u,True,True,1,False,False,MATCH_OR_OTHER
0.15,129,1,u,1,u,True,False,0,False,False,MATCH_OR_OTHER
0.15,227,2,d,1,d,False,False,0,False,False,MATCH_OR_OTHER
0.15,614,1,u,1,u,True,True,1,True,True,DUPLICATE
0.15,1247,16,d,15,d,False,True,3,False,False,MATCH_OR_OTHER
0.15,946,1,u,1,u,True,False,0,False,False,MATCH_OR_OTHER
0.15,1052,6,u,6,u,True,False,0,False,False,MATCH_OR_OTHER
0.15,915,6,u,6,u,True,True,1,False,False,MATCH_OR_OTHER
0.15,1142,9,c,8,c,True,True,1,False,False,MATCH_OR_OTHER
0.15,929,11,d,10,d,False,True,1,False,False,MATCH_OR_OTHER
0.15,1219,15,c,14,c,True,True,1,True,True,DUPLICATE
0.15,1061,10,c,9,c,True,False,0,False,False,MATCH_OR_OTHER
0.15,378,11,u,11,u,True,False,0,False,False,MATCH_OR_OTHER
0.15,328,5,c,4,c,True,True,2,True,True,DUPLICATE
0.15,1179,12,u,12,u,True,True,1,False,False,MATCH_OR_OTHER
0.15,702,4,u,4,u,True,True,2,False,False,MATCH_OR_OTHER
0.15,270,3,u,3,u,True,True,1,True,True,DUPLICATE
0.15,792,15,d,14,d,False,True,3,False,False,MATCH_OR_OTHER
0.15,983,9,u,9,u,True,False,0,False,False,MATCH_OR_OTHER
0.15,538,1,u,1,u,True,False,0,False,False,MATCH_OR_OTHER
0.15,1198,15,u,15,u,True,True,4,False,False,MATCH_OR_OTHER
0.15,506,3,d,2,d,False,False,0,False,False,MATCH_OR_OTHER
0.15,743,14,d,13,d,False,True,3,False,False,MATCH_OR_OTHER
0.15,235,15,u,15,u,True,False,0,False,False,MATCH_OR_OTHER
0.15,5,12,c,11,c,True,False,0,False,False,MATCH_OR_OTHER
0.15,40,3,u,3,u,True,False,0,False,False,MATCH_OR_OTHER
0.15,298,6,u,6,u,True,False,0,False,False,MATCH_OR_OTHER
0.15,243,10,u,10,u,True,True,3,False,False,MATCH_OR_OTHER
0.15,410,5,u,5,u,True,True,3,True,True,DUPLICATE
0.15,780,5,u,5,u,True,False,0,False,False,MATCH_OR_OTHER
0.15,741,4,u,4,u,True,False,0,False,False,MATCH_OR_OTHER
0.15,525,10,u,10,u,True,False,0,False,False,MATCH_OR_OTHER
0.15,1032,11,u,11,u,True,True,1,False,False,MATCH_OR_OTHER
0.15,692,4,u,4,u,True,False,0,False,False,MATCH_OR_OTHER
0.15,1089,8,u,8,u,True,True,2,True,True,DUPLICATE
0.15,824,7,u,7,u,True,True,1,False,False,MATCH_OR_OTHER
0.15,1077,7,u,7,u,True,True,1,False,False,MATCH_OR_OTHER
0.15,336,10,u,10,u,True,True,2,True,True,DUPLICATE
0.15,278,10,u,10,u,True,False,0,False,False,MATCH_OR_OTHER
0.15,594,12,d,11,d,False,True,4,False,False,MATCH_OR_OTHER
0.15,158,6,u,6,u,True,False,0,False,False,MATCH_OR_OTHER
0.15,335,1,u,1,u,True,False,0,False,False,MATCH_OR_OTHER
0.15,1146,6,u,6,u,True,True,1,False,False,MATCH_OR_OTHER
0.15,171,5,u,5,u,True,False,0,False,False,MATCH_OR_OTHER
0.15,939,11,d,10,d,False,True,1,False,False,MATCH_OR_OTHER
0.15,83,6,d,5,d,False,False,0,False,False,MATCH_OR_OTHER
0.15,1246,4,d,3,d,False,False,0,False,False,MATCH_OR_OTHER
0.15,1079,3,u,3,u,True,True,1,False,False,MATCH_OR_OTHER
0.15,682,3,u,3,u,True,True,1,True,True,DUPLICATE
0.15,151,11,u,11,u,True,True,2,False,False,MATCH_OR_OTHER
0.15,314,5,d,4,d,False,False,0,False,False,MATCH_OR_OTHER
0.15,839,6,u,6,u,True,True,1,False,False,MATCH_OR_OTHER
0.15,351,11,u,11,u,True,True,4,True,True,DUPLICATE
0.15,706,11,c,10,c,True,True,1,False,False,MATCH_OR_OTHER
0.15,922,6,u,6,u,True,False,0,False,False,MATCH_OR_OTHER
0.15,310,1,u,1,u,True,False,0,False,False,MATCH_OR_OTHER
0.15,1123,9,d,8,d,False,False,0,False,False,MATCH_OR_OTHER
0.15,592,3,c,2,c,True,False,0,False,False,MATCH_OR_OTHER
0.15,490,16,u,16,u,True,True,4,True,True,DUPLICATE
0.15,716,2,u,2,u,True,False,0,False,False,MATCH_OR_OTHER
0.15,1157,8,u,8,u,True,True,1,True,True,DUPLICATE
0.15,969,9,u,9,u,True,True,1,False,False,MATCH_OR_OTHER
0.15,397,7,u,7,u,True,False,0,False,False,MATCH_OR_OTHER
0.15,108,5,u,5,u,True,False,0,False,False,MATCH_OR_OTHER
0.15,1200,7,u,7,u,True,True,1,False,False,MATCH_OR_OTHER
0.15,953,4,u,4,u,True,True,1,True,True,DUPLICATE
0.15,819,1,u,1,u,True,True,1,True,True,DUPLICATE
0.15,307,3,u,3,u,True,True,1,True,True,DUPLICATE
0.15,478,4,d,3,d,False,False,0,False,False,MATCH_OR_OTHER
0.15,319,4,u,4,u,True,False,0,False,False,MATCH_OR_OTHER
0.15,600,11,u,11,u,True,True,1,False,False,MATCH_OR_OTHER
0.15,1071,3,c,2,c,True,True,1,True,True,DUPLICATE
0.15,789,4,u,4,u,True,False,0,False,False,MATCH_OR_OTHER
0.15,853,6,u,6,u,True,True,1,False,False,MATCH_OR_OTHER
0.15,1174,11,u,11,u,True,True,1,False,False,MATCH_OR_OTHER
0.15,402,4,c,3,c,True,True,1,True,True,DUPLICATE
0.15,770,12,d,11,d,False,True,1,False,False,MATCH_OR_OTHER
0.15,1222,3,u,3,u,True,True,1,False,False,MATCH_OR_OTHER
0.15,539,10,c,9,c,True,True,1,False,False,MATCH_OR_OTHER
0.15,1231,14,d,13,d,False,True,2,False,False,MATCH_OR_OTHER
0.15,12,8,u,8,u,True,False,0,False,False,MATCH_OR_OTHER
0.15,354,2,u,2,u,True,False,0,False,False,MATCH_OR_OTHER
0.15,895,5,c,4,c,True,True,2,False,False,MATCH_OR_OTHER
0.15,863,18,u,18,u,True,True,3,False,False,MATCH_OR_OTHER
0.15,92,13,c,12,c,True,True,2,False,False,MATCH_OR_OTHER
0.15,902,10,u,10,u,True,False,0,False,False,MATCH_OR_OTHER
0.15,56,6,c,5,c,True,True,1,False,False,MATCH_OR_OTHER
0.15,1202,4,u,4,u,True,False,0,False,False,MATCH_OR_OTHER
0.15,629,5,u,5,u,True,False,0,False,False,MATCH_OR_OTHER
0.15,640,9,u,9,u,True,True,1,False,False,MATCH_OR_OTHER
0.15,1243,10,u,10,u,True,True,1,False,False,MATCH_OR_OTHER
0.15,577,3,u,3,u,True,False,0,False,False,MATCH_OR_OTHER
0.15,1084,13,u,13,u,True,True,2,True,True,DUPLICATE
0.15,1069,9,u,9,u,True,True,2,False,False,MATCH_OR_OTHER
0.15,454,15,u,15,u,True,True,3,True,True,DUPLICATE
0.15,797,10,d,9,d,False,False,0,False,False,MATCH_OR_OTHER
0.15,1176,9,d,8,d,False,True,3,False,False,MATCH_OR_OTHER
0.15,4,1,u,1,u,True,False,0,False,False,MATCH_OR_OTHER
0.15,1218,14,d,13,d,False,True,2,False,False,MATCH_OR_OTHER
0.15,507,9,d,8,d,False,True,3,False,False,MATCH_OR_OTHER
0.15,740,9,u,9,u,True,False,0,False,False,MATCH_OR_OTHER
0.15,634,8,d,7,d,False,True,4,False,False,MATCH_OR_OTHER
0.15,172,1,u,1,u,True,False,0,False,False,MATCH_OR_OTHER
0.15,435,19,u,19,u,True,True,4,False,False,MATCH_OR_OTHER
0.15,471,10,u,10,u,True,True,1,False,False,MATCH_OR_OTHER
0.15,965,7,d,6,d,False,True,2,False,False,MATCH_OR_OTHER
0.15,931,8,u,8,u,True,True,2,True,True,DUPLICATE
0.15,1098,3,c,2,c,True,False,0,False,False,MATCH_OR_OTHER
0.15,45,18,u,18,u,True,True,5,False,False,MATCH_OR_OTHER
0.15,1230,8,u,8,u,True,False,0,False,False,MATCH_OR_OTHER
0.15,892,4,u,4,u,True,True,1,False,False,MATCH_OR_OTHER
0.15,123,3,u,3,u,True,True,2,False,False,MATCH_OR_OTHER
0.15,616,5,u,5,u,True,False,0,False,False,MATCH_OR_OTHER
0.15,16,4,u,4,u,True,True,1,False,False,MATCH_OR_OTHER
0.15,349,15,u,15,u,True,False,0,False,False,MATCH_OR_OTHER
0.15,181,3,u,3,u,True,False,0,False,False,MATCH_OR_OTHER
0.15,401,13,u,13,u,True,True,3,True,True,DUPLICATE
0.15,610,8,u,8,u,True,True,2,True,True,DUPLICATE
0.15,1112,15,u,15,u,True,True,5,True,True,DUPLICATE
0.15,105,8,u,8,u,True,False,0,False,False,MATCH_OR_OTHER
0.15,175,7,u,7,u,True,True,1,True,True,DUPLICATE
0.15,951,2,d,1,d,False,False,0,False,False,MATCH_OR_OTHER
0.15,501,2,d,1,d,False,False,0,False,False,MATCH_OR_OTHER
0.15,866,2,u,2,u,True,False,0,False,False,MATCH_OR_OTHER
0.15,587,9,c,8,c,True,True,1,False,False,MATCH_OR_OTHER
0.15,1082,5,d,4,d,False,True,2,False,False,MATCH_OR_OTHER
0.15,909,2,u,2,u,True,False,0,False,False,MATCH_OR_OTHER
0.15,818,10,d,9,d,False,False,0,False,False,MATCH_OR_OTHER
0.15,405,5,c,4,c,True,True,1,True,True,DUPLICATE
0.15,612,9,d,8,d,False,True,1,False,False,MATCH_OR_OTHER
0.15,568,2,u,2,u,True,False,0,False,False,MATCH_OR_OTHER
0.15,725,4,u,4,u,True,False,0,False,False,MATCH_OR_OTHER
0.15,130,6,u,6,u,True,True,1,False,False,MATCH_OR_OTHER
0.15,907,9,u,9,u,True,True,1,False,False,MATCH_OR_OTHER
0.15,1030,2,u,2,u,True,False,0,False,False,MATCH_OR_OTHER
0.15,494,4,u,4,u,True,False,0,False,False,MATCH_OR_OTHER
0.15,628,12,u,12,u,True,True,1,False,False,MATCH_OR_OTHER
0.15,699,4,d,3,d,False,True,1,False,False,MATCH_OR_OTHER
0.15,305,8,u,8,u,True,True,1,True,True,DUPLICATE
0.15,1086,3,u,3,u,True,True,1,True,True,DUPLICATE
0.15,389,9,d,8,d,False,True,1,False,False,MATCH_OR_OTHER
0.15,928,5,u,5,u,True,True,2,False,False,MATCH_OR_OTHER
0.15,31,1,u,1,u,True,False,0,False,False,MATCH_OR_OTHER
0.15,74,4,d,3,d,False,True,1,False,False,MATCH_OR_OTHER
0.15,649,3,d,2,d,False,False,0,False,False,MATCH_OR_OTHER
0.15,758,5,d,4,d,False,False,0,False,False,MATCH_OR_OTHER
0.15,331,5,u,5,u,True,True,1,False,False,MATCH_OR_OTHER
0.15,343,13,d,12,d,False,True,3,False,False,MATCH_OR_OTHER
0.15,1215,10,d,9,d,False,True,2,False,False,MATCH_OR_OTHER
0.15,1002,4,d,3,d,False,True,1,False,False,MATCH_OR_OTHER
0.15,1242,3,u,3,u,True,True,1,False,False,MATCH_OR_OTHER
0.15,1070,4,u,4,u,True,False,0,False,False,MATCH_OR_OTHER
0.15,874,9,u,9,u,True,True,3,False,False,MATCH_OR_OTHER
0.15,990,7,d,6,d,False,True,1,False,False,MATCH_OR_OTHER
0.15,325,4,c,3,c,True,True,1,False,False,MATCH_OR_OTHER
0.15,1209,4,u,4,u,True,False,0,False,False,MATCH_OR_OTHER
0.15,696,9,u,9,u,True,True,3,True,True,DUPLICATE
0.15,541,2,u,2,u,True,False,0,False,False,MATCH_OR_OTHER
0.15,1008,2,u,2,u,True,False,0,False,False,MATCH_OR_OTHER
0.15,225,1,u,1,u,True,False,0,False,False,MATCH_OR_OTHER
0.15,1062,2,u,2,u,True,True,2,True,True,DUPLICATE
0.15,582,4,d,3,d,False,True,2,False,False,MATCH_OR_OTHER
0.15,569,13,u,13,u,True,True,4,True,True,DUPLICATE
0.15,668,17,u,17,u,True,False,0,False,False,MATCH_OR_OTHER
0.15,1163,6,u,6,u,True,True,1,False,False,MATCH_OR_OTHER
0.15,366,3,u,3,u,True,False,0,False,False,MATCH_OR_OTHER
0.15,662,4,u,4,u,True,False,0,False,False,MATCH_OR_OTHER
0.15,1233,5,c,4,c,True,False,0,False,False,MATCH_OR_OTHER
0.15,660,4,u,4,u,True,False,0,False,False,MATCH_OR_OTHER
0.15,1042,3,u,3,u,True,False,0,False,False,MATCH_OR_OTHER
0.15,1018,5,c,4,c,True,False,0,False,False,MATCH_OR_OTHER
0.15,80,7,c,6,c,True,True,2,False,False,MATCH_OR_OTHER
0.15,724,8,u,8,u,True,True,3,True,True,DUPLICATE
0.15,731,9,u,9,u,True,True,3,False,False,MATCH_OR_OTHER
0.15,1017,1,u,1,u,True,False,0,False,False,MATCH_OR_OTHER
0.15,1127,5,c,4,c,True,False,0,False,False,MATCH_OR_OTHER
0.15,1122,10,d,9,d,False,True,2,False,False,MATCH_OR_OTHER
0.15,429,5,c,4,c,True,True,2,True,True,DUPLICATE
0.15,486,4,u,4,u,True,False,0,False,False,MATCH_OR_OTHER
0.15,884,4,d,3,d,False,False,0,False,False,MATCH_OR_OTHER
0.15,91,4,u,4,u,True,False,0,False,False,MATCH_OR_OTHER
0.15,222,4,u,4,u,True,True,1,False,False,MATCH_OR_OTHER
0.15,566,4,u,4,u,True,True,2,True,True,DUPLICATE
0.15,341,13,u,13,u,True,False,0,False,False,MATCH_OR_OTHER
0.15,1205,9,u,9,u,True,False,0,False,False,MATCH_OR_OTHER
0.15,517,10,c,9,c,True,True,2,False,False,MATCH_OR_OTHER
0.15,678,9,u,9,u,True,False,0,False,False,MATCH_OR_OTHER
0.15,255,7,u,7,u,True,True,2,False,False,MATCH_OR_OTHER
0.15,323,2,u,2,u,True,False,0,False,False,MATCH_OR_OTHER
0.15,1225,10,d,9,d,False,True,1,False,False,MATCH_OR_OTHER
0.15,186,2,u,2,u,True,False,0,False,False,MATCH_OR_OTHER
0.15,1152,1,u,1,u,True,True,1,True,True,DUPLICATE
0.15,974,7,u,7,u,True,True,1,False,False,MATCH_OR_OTHER
0.15,1237,6,u,6,u,True,True,2,False,False,MATCH_OR_OTHER
0.15,283,2,u,2,u,True,False,0,False,False,MATCH_OR_OTHER
0.15,23,5,u,5,u,True,True,1,False,False,MATCH_OR_OTHER
0.15,1060,5,u,5,u,True,True,2,False,False,MATCH_OR_OTHER
0.15,1221,9,u,9,u,True,True,5,True,True,DUPLICATE
0.15,470,6,u,6,u,True,True,1,False,False,MATCH_OR_OTHER
0.15,798,10,u,10,u,True,True,1,False,False,MATCH_OR_OTHER
0.15,512,3,u,3,u,True,False,0,False,False,MATCH_OR_OTHER
0.15,193,5,u,5,u,True,True,2,True,True,DUPLICATE
0.15,364,11,u,11,u,True,True,2,False,False,MATCH_OR_OTHER
0.15,1041,3,u,3,u,True,True,3,True,True,DUPLICATE
0.15,107,2,d,1,d,False,False,0,False,False,MATCH_OR_OTHER
0.15,904,11,u,11,u,True,True,2,True,True,DUPLICATE
0.15,148,11,u,11,u,True,False,0,False,False,MATCH_OR_OTHER
0.15,782,3,u,3,u,True,False,0,False,False,MATCH_OR_OTHER
0.15,422,6,c,5,c,True,False,0,False,False,MATCH_OR_OTHER
0.15,352,8,u,8,u,True,True,1,False,False,MATCH_OR_OTHER
0.15,613,2,u,2,u,True,False,0,False,False,MATCH_OR_OTHER
0.15,128,13,d,12,d,False,True,2,False,False,MATCH_OR_OTHER
0.15,1166,8,c,7,c,True,True,3,True,True,DUPLICATE
0.15,357,8,u,8,u,True,True,1,False,False,MATCH_OR_OTHER
0.15,633,3,u,3,u,True,False,0,False,False,MATCH_OR_OTHER
0.15,684,8,u,8,u,True,True,1,False,False,MATCH_OR_OTHER
0.15,644,3,u,3,u,True,True,1,True,True,DUPLICATE
0.15,89,4,u,4,u,True,False,0,False,False,MATCH_OR_OTHER
0.15,647,17,u,17,u,True,True,1,False,False,MATCH_OR_OTHER
0.15,390,12,u,12,u,True,True,3,False,False,MATCH_OR_OTHER
0.15,851,4,d,3,d,False,True,1,False,False,MATCH_OR_OTHER
0.15,653,3,u,3,u,True,False,0,False,False,MATCH_OR_OTHER
0.15,1104,14,u,14,u,True,True,1,False,False,MATCH_OR_OTHER
0.15,118,10,u,10,u,True,True,1,False,False,MATCH_OR_OTHER
0.15,968,1,u,1,u,True,False,0,False,False,MATCH_OR_OTHER
0.15,451,4,u,4,u,True,False,0,False,False,MATCH_OR_OTHER
0.15,583,7,u,7,u,True,True,2,False,False,MATCH_OR_OTHER
0.15,147,4,u,4,u,True,True,1,True,True,DUPLICATE
0.15,252,2,u,2,u,True,False,0,False,False,MATCH_OR_OTHER
0.15,948,12,u,12,u,True,True,4,True,True,DUPLICATE
0.15,430,11,u,11,u,True,True,1,False,False,MATCH_OR_OTHER
0.15,1140,4,d,3,d,False,True,2,False,False,MATCH_OR_OTHER
0.15,622,6,d,5,d,False,False,0,False,False,MATCH_OR_OTHER
0.15,438,2,d,1,d,False,False,0,False,False,MATCH_OR_OTHER
0.15,488,3,u,3,u,True,False,0,False,False,MATCH_OR_OTHER
0.15,234,6,c,5,c,True,True,1,False,False,MATCH_OR_OTHER
0.15,785,9,d,8,d,False,False,0,False,False,MATCH_OR_OTHER
0.15,522,5,u,5,u,True,False,0,False,False,MATCH_OR_OTHER
0.15,955,1,u,1,u,True,False,0,False,False,MATCH_OR_OTHER
0.15,170,3,u,3,u,True,False,0,False,False,MATCH_OR_OTHER
0.15,285,8,u,8,u,True,True,2,False,False,MATCH_OR_OTHER
0.15,121,8,d,7,d,False,True,1,False,False,MATCH_OR_OTHER
0.15,910,6,u,6,u,True,True,2,True,True,DUPLICATE
0.15,1117,5,u,5,u,True,True,1,False,False,MATCH_OR_OTHER
0.15,218,18,u,18,u,True,True,3,False,False,MATCH_OR_OTHER
0.15,20,2,u,2,u,True,False,0,False,False,MATCH_OR_OTHER
0.15,795,5,u,5,u,True,True,1,False,False,MATCH_OR_OTHER
0.15,664,7,u,7,u,True,True,1,False,False,MATCH_OR_OTHER
0.15,729,5,u,5,u,True,False,0,False,False,MATCH_OR_OTHER
0.15,440,9,d,8,d,False,True,1,False,False,MATCH_OR_OTHER
0.15,730,7,u,7,u,True,False,0,False,False,MATCH_OR_OTHER
0.15,710,2,u,2,u,True,False,0,False,False,MATCH_OR_OTHER
0.15,3,3,u,3,u,True,True,1,True,True,DUPLICATE
0.15,718,5,d,4,d,False,True,1,False,False,MATCH_OR_OTHER
0.15,484,6,u,6,u,True,False,0,False,False,MATCH_OR_OTHER
0.15,434,6,u,6,u,True,False,0,False,False,MATCH_OR_OTHER
0.15,641,15,u,15,u,True,True,5,False,False,MATCH_OR_OTHER
0.15,651,12,c,11,c,True,False,0,False,False,MATCH_OR_OTHER
0.15,79,4,u,4,u,True,False,0,False,False,MATCH_OR_OTHER
0.15,1211,11,c,10,c,True,True,1,False,False,MATCH_OR_OTHER
0.15,1068,2,u,2,u,True,True,1,True,True,DUPLICATE
0.15,767,7,u,7,u,True,True,1,False,False,MATCH_OR_OTHER
0.15,1131,1,u,1,u,True,False,0,False,False,MATCH_OR_OTHER
0.15,771,6,d,5,d,False,False,0,False,False,MATCH_OR_OTHER
0.15,44,1,u,1,u,True,False,0,False,False,MATCH_OR_OTHER
0.15,808,4,u,4,u,True,False,0,False,False,MATCH_OR_OTHER
0.15,781,5,d,4,d,False,False,0,False,False,MATCH_OR_OTHER
0.15,468,2,u,2,u,True,False,0,False,False,MATCH_OR_OTHER
0.15,828,27,u,27,u,True,True,2,False,False,MATCH_OR_OTHER
0.15,273,1,u,1,u,True,False,0,False,False,MATCH_OR_OTHER
0.15,127,7,u,7,u,True,True,2,False,False,MATCH_OR_OTHER
0.15,750,6,u,6,u,True,True,1,False,False,MATCH_OR_OTHER
0.15,590,6,u,6,u,True,False,0,False,False,MATCH_OR_OTHER
0.15,212,3,u,3,u,True,True,1,False,False,MATCH_OR_OTHER
0.15,426,11,c,10,c,True,False,0,False,False,MATCH_OR_OTHER
0.15,830,2,d,1,d,False,False,0,False,False,MATCH_OR_OTHER
0.15,65,5,c,4,c,True,False,0,False,False,MATCH_OR_OTHER
0.15,783,9,u,9,u,True,False,0,False,False,MATCH_OR_OTHER
0.15,1226,2,u,2,u,True,False,0,False,False,MATCH_OR_OTHER
0.15,1045,14,u,14,u,True,True,1,False,False,MATCH_OR_OTHER
0.15,73,13,d,12,d,False,True,2,False,False,MATCH_OR_OTHER
0.15,1014,7,u,7,u,True,True,1,False,False,MATCH_OR_OTHER
0.15,444,2,u,2,u,True,True,1,False,False,MATCH_OR_OTHER
0.15,476,2,u,2,u,True,False,0,False,False,MATCH_OR_OTHER
0.15,606,4,c,3,c,True,True,1,True,True,DUPLICATE
0.15,168,12,u,12,u,True,True,1,False,False,MATCH_OR_OTHER
0.15,297,9,u,9,u,True,False,0,False,False,MATCH_OR_OTHER
0.15,21,12,u,12,u,True,True,2,False,False,MATCH_OR_OTHER
0.15,145,9,u,9,u,True,True,1,False,False,MATCH_OR_OTHER
0.15,63,2,u,2,u,True,False,0,False,False,MATCH_OR_OTHER
0.15,271,5,d,4,d,False,False,0,False,False,MATCH_OR_OTHER
0.15,605,3,u,3,u,True,True,2,False,False,MATCH_OR_OTHER
0.15,1080,8,u,8,u,True,True,1,False,False,MATCH_OR_OTHER
0.15,833,6,u,6,u,True,True,1,False,False,MATCH_OR_OTHER
0.15,245,11,u,11,u,True,True,1,False,False,MATCH_OR_OTHER
0.15,1120,5,u,5,u,True,True,2,False,False,MATCH_OR_OTHER
0.15,1206,4,d,3,d,False,False,0,False,False,MATCH_OR_OTHER
0.15,809,12,u,12,u,True,True,4,True,True,DUPLICATE
0.15,1220,13,c,12,c,True,True,4,True,True,DUPLICATE
0.15,1172,5,u,5,u,True,False,0,False,False,MATCH_OR_OTHER
0.15,611,1,u,1,u,True,True,1,True,True,DUPLICATE
0.15,236,10,u,10,u,True,True,1,False,False,MATCH_OR_OTHER
0.15,1182,11,u,11,u,True,True,1,True,True,DUPLICATE
0.15,901,4,d,3,d,False,True,1,False,False,MATCH_OR_OTHER
0.15,1229,6,u,6,u,True,False,0,False,False,MATCH_OR_OTHER
0.15,777,4,d,3,d,False,True,2,False,False,MATCH_OR_OTHER
0.15,167,1,u,1,u,True,False,0,False,False,MATCH_OR_OTHER
0.15,395,11,d,10,d,False,True,2,False,False,MATCH_OR_OTHER
0.15,768,5,d,4,d,False,True,1,False,False,MATCH_OR_OTHER
0.15,986,1,u,1,u,True,True,1,True,True,DUPLICATE
0.15,834,3,d,2,d,False,True,1,False,False,MATCH_OR_OTHER
0.15,165,10,u,10,u,True,False,0,False,False,MATCH_OR_OTHER
0.15,971,15,u,15,u,True,True,2,False,False,MATCH_OR_OTHER
0.15,1063,13,u,13,u,True,True,3,False,False,MATCH_OR_OTHER
0.15,693,11,u,11,u,True,True,2,False,False,MATCH_OR_OTHER
0.15,242,8,u,8,u,True,True,3,True,True,DUPLICATE
0.15,18,13,u,13,u,True,True,1,False,False,MATCH_OR_OTHER
0.15,115,5,u,5,u,True,True,2,True,True,DUPLICATE
0.15,299,2,u,2,u,True,False,0,False,False,MATCH_OR_OTHER
0.15,935,8,c,7,c,True,False,0,False,False,MATCH_OR_OTHER
0.15,1040,2,u,2,u,True,False,0,False,False,MATCH_OR_OTHER
0.15,520,3,d,2,d,False,False,0,False,False,MATCH_OR_OTHER
0.15,32,7,d,6,d,False,True,1,False,False,MATCH_OR_OTHER
0.15,620,2,u,2,u,True,False,0,False,False,MATCH_OR_OTHER
0.15,911,4,d,3,d,False,False,0,False,False,MATCH_OR_OTHER
0.15,759,15,u,15,u,True,True,2,False,False,MATCH_OR_OTHER
0.15,19,9,u,9,u,True,True,1,False,False,MATCH_OR_OTHER
0.15,109,5,u,5,u,True,False,0,False,False,MATCH_OR_OTHER
0.15,936,12,u,12,u,True,True,1,False,False,MATCH_OR_OTHER
0.15,801,3,u,3,u,True,True,1,False,False,MATCH_OR_OTHER
0.15,1103,2,u,2,u,True,False,0,False,False,MATCH_OR_OTHER
0.15,381,8,u,8,u,True,False,0,False,False,MATCH_OR_OTHER
0.15,377,13,u,13,u,True,True,2,True,True,DUPLICATE
0.15,921,3,d,2,d,False,False,0,False,False,MATCH_OR_OTHER
0.15,756,6,u,6,u,True,False,0,False,False,MATCH_OR_OTHER
0.15,1223,13,u,13,u,True,True,1,False,False,MATCH_OR_OTHER
0.15,191,13,u,13,u,True,True,1,False,False,MATCH_OR_OTHER
0.15,947,7,u,7,u,True,True,1,True,True,DUPLICATE
0.15,526,4,u,4,u,True,True,1,False,False,MATCH_OR_OTHER
0.15,1075,4,d,3,d,False,False,0,False,False,MATCH_OR_OTHER
0.15,238,5,u,5,u,True,False,0,False,False,MATCH_OR_OTHER
0.15,472,4,c,3,c,True,False,0,False,False,MATCH_OR_OTHER
0.15,337,13,c,12,c,True,True,2,False,False,MATCH_OR_OTHER
0.15,1128,3,c,2,c,True,False,0,False,False,MATCH_OR_OTHER
0.15,43,14,u,14,u,True,True,2,False,False,MATCH_OR_OTHER
0.15,100,3,u,3,u,True,True,1,True,True,DUPLICATE
0.15,144,2,u,2,u,True,False,0,False,False,MATCH_OR_OTHER
0.15,793,11,u,11,u,True,True,1,False,False,MATCH_OR_OTHER
0.15,142,6,u,6,u,True,True,1,False,False,MATCH_OR_OTHER
0.15,709,14,u,14,u,True,True,2,True,True,DUPLICATE
0.15,708,17,u,17,u,True,True,4,False,False,MATCH_OR_OTHER
0.15,53,12,u,12,u,True,True,2,True,True,DUPLICATE
0.15,841,8,d,7,d,False,False,0,False,False,MATCH_OR_OTHER
0.15,843,3,u,3,u,True,True,1,True,True,DUPLICATE
0.15,1189,2,u,2,u,True,True,1,True,True,DUPLICATE
0.15,997,8,u,8,u,True,True,3,False,False,MATCH_OR_OTHER
0.15,941,2,u,2,u,True,False,0,False,False,MATCH_OR_OTHER
0.15,282,13,u,13,u,True,True,2,False,False,MATCH_OR_OTHER
0.15,446,7,u,7,u,True,False,0,False,False,MATCH_OR_OTHER
0.15,700,4,u,4,u,True,True,1,False,False,MATCH_OR_OTHER
0.15,976,9,u,9,u,True,True,1,True,True,DUPLICATE
0.15,303,4,u,4,u,True,False,0,False,False,MATCH_OR_OTHER
0.15,596,3,c,2,c,True,False,0,False,False,MATCH_OR_OTHER
0.15,1203,2,u,2,u,True,True,1,True,True,DUPLICATE
0.15,101,9,d,8,d,False,True,2,False,False,MATCH_OR_OTHER
0.15,196,9,d,8,d,False,False,0,False,False,MATCH_OR_OTHER
0.15,1073,12,u,12,u,True,True,2,False,False,MATCH_OR_OTHER
0.15,1034,6,u,6,u,True,True,2,False,False,MATCH_OR_OTHER
0.15,413,6,u,6,u,True,False,0,False,False,MATCH_OR_OTHER
0.15,1213,2,u,2,u,True,False,0,False,False,MATCH_OR_OTHER
0.15,570,4,u,4,u,True,False,0,False,False,MATCH_OR_OTHER
0.15,403,5,u,5,u,True,True,1,False,False,MATCH_OR_OTHER
0.15,1036,4,u,4,u,True,False,0,False,False,MATCH_OR_OTHER
0.15,883,9,u,9,u,True,True,3,False,False,MATCH_OR_OTHER
0.15,760,3,u,3,u,True,False,0,False,False,MATCH_OR_OTHER
0.15,510,6,u,6,u,True,False,0,False,False,MATCH_OR_OTHER
0.15,1099,6,u,6,u,True,True,2,False,False,MATCH_OR_OTHER
0.15,1007,9,d,8,d,False,True,2,False,False,MATCH_OR_OTHER
0.15,1049,13,u,13,u,True,True,2,False,False,MATCH_OR_OTHER
0.15,1212,16,u,16,u,True,True,2,False,False,MATCH_OR_OTHER
0.15,62,9,d,8,d,False,True,2,False,False,MATCH_OR_OTHER
0.15,350,2,u,2,u,True,True,1,False,False,MATCH_OR_OTHER
0.15,655,10,u,10,u,True,False,0,False,False,MATCH_OR_OTHER
0.15,1186,3,u,3,u,True,False,0,False,False,MATCH_OR_OTHER
0.15,459,16,c,15,c,True,True,2,True,True,DUPLICATE
0.15,113,7,u,7,u,True,False,0,False,False,MATCH_OR_OTHER
0.15,96,3,u,3,u,True,True,1,False,False,MATCH_OR_OTHER
0.15,293,8,u,8,u,True,True,1,False,False,MATCH_OR_OTHER
0.15,419,8,u,8,u,True,True,3,False,False,MATCH_OR_OTHER
0.15,825,2,d,1,d,False,True,1,False,False,MATCH_OR_OTHER
0.15,492,1,u,1,u,True,False,0,False,False,MATCH_OR_OTHER
0.15,1158,4,d,3,d,False,False,0,False,False,MATCH_OR_OTHER
0.15,908,2,u,2,u,True,False,0,False,False,MATCH_OR_OTHER
0.15,766,4,u,4,u,True,False,0,False,False,MATCH_OR_OTHER
0.15,28,3,u,3,u,True,False,0,False,False,MATCH_OR_OTHER
0.15,266,1,u,1,u,True,False,0,False,False,MATCH_OR_OTHER
0.15,772,6,u,6,u,True,True,2,False,False,MATCH_OR_OTHER
0.15,1156,7,u,7,u,True,False,0,False,False,MATCH_OR_OTHER
0.15,60,5,d,4,d,False,False,0,False,False,MATCH_OR_OTHER
0.15,126,2,u,2,u,True,False,0,False,False,MATCH_OR_OTHER
0.15,639,16,d,15,d,False,True,3,False,False,MATCH_OR_OTHER
0.15,845,3,u,3,u,True,True,1,False,False,MATCH_OR_OTHER
0.15,694,3,u,3,u,True,False,0,False,False,MATCH_OR_OTHER
0.15,1137,6,c,5,c,True,False,0,False,False,MATCH_OR_OTHER
0.15,36,8,c,7,c,True,True,1,False,False,MATCH_OR_OTHER
0.15,897,2,u,2,u,True,True,1,True,True,DUPLICATE
0.15,791,6,u,6,u,True,False,0,False,False,MATCH_OR_OTHER
0.15,1114,6,c,5,c,True,False,0,False,False,MATCH_OR_OTHER
0.15,624,1,u,1,u,True,True,1,True,True,DUPLICATE
0.15,638,4,d,3,d,False,False,0,False,False,MATCH_OR_OTHER
0.15,1175,3,u,3,u,True,False,0,False,False,MATCH_OR_OTHER
0.15,536,5,d,4,d,False,True,1,False,False,MATCH_OR_OTHER
0.15,24,2,u,2,u,True,False,0,False,False,MATCH_OR_OTHER
0.15,814,4,u,4,u,True,True,1,False,False,MATCH_OR_OTHER
0.15,78,5,u,5,u,True,True,3,False,False,MATCH_OR_OTHER
0.15,1056,9,u,9,u,True,True,4,False,False,MATCH_OR_OTHER
0.15,308,5,u,5,u,True,True,1,True,True,DUPLICATE
0.15,1083,1,u,1,u,True,False,0,False,False,MATCH_OR_OTHER
0.15,861,3,u,3,u,True,True,1,True,True,DUPLICATE
0.15,811,7,u,7,u,True,True,2,False,False,MATCH_OR_OTHER
0.15,371,2,u,2,u,True,True,1,True,True,DUPLICATE
0.15,991,2,u,2,u,True,False,0,False,False,MATCH_OR_OTHER
0.15,275,8,u,8,u,True,True,1,False,False,MATCH_OR_OTHER
0.15,461,3,d,2,d,False,True,2,False,False,MATCH_OR_OTHER
0.15,927,5,u,5,u,True,False,0,False,False,MATCH_OR_OTHER
0.15,648,1,u,1,u,True,False,0,False,False,MATCH_OR_OTHER
0.15,392,7,u,7,u,True,False,0,False,False,MATCH_OR_OTHER
0.15,1043,6,u,6,u,True,True,2,True,True,DUPLICATE
0.15,813,4,u,4,u,True,True,1,False,False,MATCH_OR_OTHER
0.15,745,5,d,4,d,False,True,1,False,False,MATCH_OR_OTHER
0.15,672,2,d,1,d,False,False,0,False,False,MATCH_OR_OTHER
0.15,1244,5,u,5,u,True,True,2,True,True,DUPLICATE
0.15,964,1,u,1,u,True,False,0,False,False,MATCH_OR_OTHER
0.15,595,9,u,9,u,True,True,2,True,True,DUPLICATE
0.15,1204,7,u,7,u,True,True,3,True,True,DUPLICATE
0.15,1252,5,u,5,u,True,False,0,False,False,MATCH_OR_OTHER
0.15,416,5,u,5,u,True,True,1,False,False,MATCH_OR_OTHER
0.15,972,7,u,7,u,True,False,0,False,False,MATCH_OR_OTHER
0.15,786,2,d,1,d,False,True,1,False,False,MATCH_OR_OTHER
0.15,963,5,u,5,u,True,True,1,False,False,MATCH_OR_OTHER
0.15,391,7,u,7,u,True,True,1,True,True,DUPLICATE
0.15,150,3,d,2,d,False,False,0,False,False,MATCH_OR_OTHER
0.15,345,3,c,2,c,True,False,0,False,False,MATCH_OR_OTHER
0.15,967,17,u,17,u,True,True,3,False,False,MATCH_OR_OTHER
0.15,1193,2,u,2,u,True,False,0,False,False,MATCH_OR_OTHER
0.15,864,7,u,7,u,True,True,3,True,True,DUPLICATE
0.15,1097,9,d,8,d,False,True,2,False,False,MATCH_OR_OTHER
0.15,755,9,c,8,c,True,True,2,False,False,MATCH_OR_OTHER
0.15,199,3,u,3,u,True,False,0,False,False,MATCH_OR_OTHER
0.15,602,6,u,6,u,True,True,2,False,False,MATCH_OR_OTHER
0.15,248,7,u,7,u,True,False,0,False,False,MATCH_OR_OTHER
0.15,1187,7,u,7,u,True,False,0,False,False,MATCH_OR_OTHER
0.15,219,2,u,2,u,True,True,1,True,True,DUPLICATE
0.15,427,4,u,4,u,True,True,1,False,False,MATCH_OR_OTHER
0.15,887,3,u,3,u,True,False,0,False,False,MATCH_OR_OTHER
0.15,617,5,u,5,u,True,False,0,False,False,MATCH_OR_OTHER
0.15,98,3,d,2,d,False,True,1,False,False,MATCH_OR_OTHER
0.15,778,3,d,2,d,False,False,0,False,False,MATCH_OR_OTHER
0.15,850,3,u,3,u,True,True,1,False,False,MATCH_OR_OTHER
0.15,548,3,u,3,u,True,False,0,False,False,MATCH_OR_OTHER
0.15,588,2,u,2,u,True,False,0,False,False,MATCH_OR_OTHER
0.15,646,5,u,5,u,True,True,1,False,False,MATCH_OR_OTHER
0.15,1250,5,u,5,u,True,False,0,False,False,MATCH_OR_OTHER
0.15,1110,2,u,2,u,True,False,0,False,False,MATCH_OR_OTHER
0.15,686,8,u,8,u,True,False,0,False,False,MATCH_OR_OTHER
0.15,1106,7,u,7,u,True,True,2,False,False,MATCH_OR_OTHER
0.15,1162,4,d,3,d,False,False,0,False,False,MATCH_OR_OTHER
0.15,790,5,u,5,u,True,False,0,False,False,MATCH_OR_OTHER
0.15,244,5,u,5,u,True,True,1,False,False,MATCH_OR_OTHER
0.15,2,1,u,1,u,True,False,0,False,False,MATCH_OR_OTHER
0.15,738,8,u,8,u,True,True,1,False,False,MATCH_OR_OTHER
0.15,1078,13,u,13,u,True,True,4,False,False,MATCH_OR_OTHER
0.15,637,3,d,2,d,False,False,0,False,False,MATCH_OR_OTHER
0.15,256,1,u,1,u,True,False,0,False,False,MATCH_OR_OTHER
0.15,1135,5,u,5,u,True,True,1,False,False,MATCH_OR_OTHER
0.15,190,9,u,9,u,True,True,1,True,True,DUPLICATE
0.15,178,4,u,4,u,True,False,0,False,False,MATCH_OR_OTHER
0.15,198,1,u,1,u,True,False,0,False,False,MATCH_OR_OTHER
0.15,720,2,u,2,u,True,True,1,True,True,DUPLICATE
0.15,1249,10,d,9,d,False,False,0,False,False,MATCH_OR_OTHER
0.15,987,1,u,1,u,True,False,0,False,False,MATCH_OR_OTHER
0.15,485,1,u,1,u,True,False,0,False,False,MATCH_OR_OTHER
0.15,135,5,u,5,u,True,False,0,False,False,MATCH_OR_OTHER
0.15,372,20,c,19,c,True,True,3,False,False,MATCH_OR_OTHER
0.15,93,1,u,1,u,True,False,0,False,False,MATCH_OR_OTHER
0.15,1054,4,u,4,u,True,False,0,False,False,MATCH_OR_OTHER
0.15,831,4,u,4,u,True,False,0,False,False,MATCH_OR_OTHER
0.15,1001,8,u,8,u,True,True,1,False,False,MATCH_OR_OTHER
0.15,1015,8,c,7,c,True,True,2,True,True,DUPLICATE
0.15,1009,2,u,2,u,True,True,1,True,True,DUPLICATE
0.15,1240,4,u,4,u,True,True,1,False,False,MATCH_OR_OTHER
0.15,934,18,u,18,u,True,True,3,False,False,MATCH_OR_OTHER
0.15,615,7,u,7,u,True,True,1,False,False,MATCH_OR_OTHER
0.15,228,14,u,14,u,True,True,2,False,False,MATCH_OR_OTHER
0.15,544,7,u,7,u,True,True,3,True,True,DUPLICATE
0.15,827,7,u,7,u,True,True,2,False,False,MATCH_OR_OTHER
0.15,50,3,u,3,u,True,True,1,False,False,MATCH_OR_OTHER
0.15,46,12,u,12,u,True,True,1,False,False,MATCH_OR_OTHER
0.15,291,6,u,6,u,True,True,3,True,True,DUPLICATE
0.15,1170,6,u,6,u,True,False,0,False,False,MATCH_OR_OTHER
0.15,826,4,c,3,c,True,False,0,False,False,MATCH_OR_OTHER
0.15,258,3,u,3,u,True,False,0,False,False,MATCH_OR_OTHER
0.15,1234,9,u,9,u,True,True,1,False,False,MATCH_OR_OTHER
0.15,205,3,u,3,u,True,True,1,False,False,MATCH_OR_OTHER
0.15,184,3,d,2,d,False,False,0,False,False,MATCH_OR_OTHER
0.15,727,5,u,5,u,True,False,0,False,False,MATCH_OR_OTHER
0.15,1109,4,u,4,u,True,True,1,False,False,MATCH_OR_OTHER
0.15,33,9,u,9,u,True,True,2,True,True,DUPLICATE
0.15,192,3,d,2,d,False,False,0,False,False,MATCH_OR_OTHER
0.15,579,2,d,1,d,False,False,0,False,False,MATCH_OR_OTHER
0.15,802,3,u,3,u,True,False,0,False,False,MATCH_OR_OTHER
0.15,329,4,u,4,u,True,True,1,False,False,MATCH_OR_OTHER
0.15,355,4,u,4,u,True,False,0,False,False,MATCH_OR_OTHER
0.15,1033,3,u,3,u,True,False,0,False,False,MATCH_OR_OTHER
0.15,290,4,u,4,u,True,False,0,False,False,MATCH_OR_OTHER
0.15,1183,3,u,3,u,True,True,1,True,True,DUPLICATE
0.15,645,3,u,3,u,True,False,0,False,False,MATCH_OR_OTHER
0.15,838,2,u,2,u,True,False,0,False,False,MATCH_OR_OTHER
0.15,223,9,u,9,u,True,True,1,False,False,MATCH_OR_OTHER
0.15,575,8,u,8,u,True,True,4,False,False,MATCH_OR_OTHER
0.15,373,2,u,2,u,True,False,0,False,False,MATCH_OR_OTHER
0.15,1201,7,c,6,c,True,False,0,False,False,MATCH_OR_OTHER
0.15,871,4,u,4,u,True,True,2,True,True,DUPLICATE
0.15,237,6,d,5,d,False,False,0,False,False,MATCH_OR_OTHER
0.15,1208,3,u,3,u,True,False,0,False,False,MATCH_OR_OTHER
0.15,794,10,d,9,d,False,True,1,False,False,MATCH_OR_OTHER
0.15,1132,4,u,4,u,True,False,0,False,False,MATCH_OR_OTHER
0.15,1031,2,u,2,u,True,False,0,False,False,MATCH_OR_OTHER
0.15,1118,7,u,7,u,True,True,3,False,False,MATCH_OR_OTHER
0.15,689,3,u,3,u,True,False,0,False,False,MATCH_OR_OTHER
0.15,1100,3,d,2,d,False,False,0,False,False,MATCH_OR_OTHER
0.15,707,2,u,2,u,True,True,1,True,True,DUPLICATE
0.15,1126,4,u,4,u,True,True,1,False,False,MATCH_OR_OTHER
0.15,502,2,u,2,u,True,False,0,False,False,MATCH_OR_OTHER
0.15,728,9,u,9,u,True,True,1,False,False,MATCH_OR_OTHER
0.15,365,11,u,11,u,True,True,1,False,False,MATCH_OR_OTHER
0.15,687,3,u,3,u,True,False,0,False,False,MATCH_OR_OTHER
0.15,549,1,u,1,u,True,False,0,False,False,MATCH_OR_OTHER
0.15,26,10,u,10,u,True,True,1,False,False,MATCH_OR_OTHER
0.15,926,2,u,2,u,True,False,0,False,False,MATCH_OR_OTHER
0.15,247,5,u,5,u,True,False,0,False,False,MATCH_OR_OTHER
0.15,114,17,u,17,u,True,True,1,False,False,MATCH_OR_OTHER
0.15,132,9,u,9,u,True,True,2,True,True,DUPLICATE
0.15,22,4,u,4,u,True,False,0,False,False,MATCH_OR_OTHER
0.15,816,2,u,2,u,True,False,0,False,False,MATCH_OR_OTHER
0.15,487,7,u,7,u,True,True,2,False,False,MATCH_OR_OTHER
0.15,528,6,u,6,u,True,True,2,False,False,MATCH_OR_OTHER
0.15,409,3,u,3,u,True,False,0,False,False,MATCH_OR_OTHER
0.15,820,5,u,5,u,True,True,1,False,False,MATCH_OR_OTHER
0.15,898,4,c,3,c,True,False,0,False,False,MATCH_OR_OTHER
0.15,333,8,u,8,u,True,True,2,True,True,DUPLICATE
0.15,241,3,u,3,u,True,True,1,False,False,MATCH_OR_OTHER
0.15,519,6,u,6,u,True,True,1,False,False,MATCH_OR_OTHER
0.15,214,6,c,5,c,True,True,2,False,False,MATCH_OR_OTHER
0.15,982,1,u,1,u,True,False,0,False,False,MATCH_OR_OTHER
0.15,448,4,u,4,u,True,False,0,False,False,MATCH_OR_OTHER
0.15,362,6,u,6,u,True,True,1,False,False,MATCH_OR_OTHER
0.15,380,4,u,4,u,True,True,1,True,True,DUPLICATE
0.15,263,5,u,5,u,True,True,1,False,False,MATCH_OR_OTHER
0.15,379,3,u,3,u,True,True,1,False,False,MATCH_OR_OTHER
0.15,174,3,u,3,u,True,False,0,False,False,MATCH_OR_OTHER
0.15,322,5,u,5,u,True,False,0,False,False,MATCH_OR_OTHER
0.15,1119,8,d,7,d,False,True,1,False,False,MATCH_OR_OTHER
0.15,201,2,d,1,d,False,False,0,False,False,MATCH_OR_OTHER
0.15,1139,2,u,2,u,True,False,0,False,False,MATCH_OR_OTHER
0.15,984,2,u,2,u,True,False,0,False,False,MATCH_OR_OTHER
0.15,788,4,u,4,u,True,True,1,False,False,MATCH_OR_OTHER
0.15,1016,6,u,6,u,True,False,0,False,False,MATCH_OR_OTHER
0.15,844,10,u,10,u,True,False,0,False,False,MATCH_OR_OTHER
0.15,509,1,u,1,u,True,False,0,False,False,MATCH_OR_OTHER
0.15,9,5,u,5,u,True,True,1,False,False,MATCH_OR_OTHER
0.15,1210,4,u,4,u,True,False,0,False,False,MATCH_OR_OTHER
0.15,202,6,u,6,u,True,False,0,False,False,MATCH_OR_OTHER
0.15,140,3,u,3,u,True,False,0,False,False,MATCH_OR_OTHER
0.15,318,3,u,3,u,True,False,0,False,False,MATCH_OR_OTHER
0.15,289,1,u,1,u,True,False,0,False,False,MATCH_OR_OTHER
0.15,51,2,u,2,u,True,False,0,False,False,MATCH_OR_OTHER
0.15,860,6,u,6,u,True,True,1,False,False,MATCH_OR_OTHER
0.15,394,2,u,2,u,True,True,1,False,False,MATCH_OR_OTHER
0.15,246,7,c,6,c,True,False,0,False,False,MATCH_OR_OTHER
0.15,369,11,u,11,u,True,True,2,False,False,MATCH_OR_OTHER
0.15,423,22,u,22,u,True,True,5,False,False,MATCH_OR_OTHER
0.15,25,1,u,1,u,True,False,0,False,False,MATCH_OR_OTHER
0.15,99,2,d,1,d,False,False,0,False,False,MATCH_OR_OTHER
0.15,775,10,d,9,d,False,True,1,False,False,MATCH_OR_OTHER
0.15,870,3,u,3,u,True,False,0,False,False,MATCH_OR_OTHER
0.15,764,4,u,4,u,True,True,1,False,False,MATCH_OR_OTHER
0.15,837,6,d,5,d,False,True,1,False,False,MATCH_OR_OTHER
0.15,169,3,u,3,u,True,True,1,False,False,MATCH_OR_OTHER
0.15,356,3,u,3,u,True,True,1,False,False,MATCH_OR_OTHER
0.15,973,14,u,14,u,True,True,4,True,True,DUPLICATE
0.15,627,2,u,2,u,True,True,1,False,False,MATCH_OR_OTHER
0.15,636,3,u,3,u,True,True,2,False,False,MATCH_OR_OTHER
0.15,1134,2,u,2,u,True,True,1,True,True,DUPLICATE
0.15,262,3,u,3,u,True,False,0,False,False,MATCH_OR_OTHER
0.15,547,1,u,1,u,True,False,0,False,False,MATCH_OR_OTHER
0.15,779,4,c,3,c,True,False,0,False,False,MATCH_OR_OTHER
0.15,546,4,d,3,d,False,False,0,False,False,MATCH_OR_OTHER
0.15,473,1,u,1,u,True,False,0,False,False,MATCH_OR_OTHER
0.15,154,3,u,3,u,True,False,0,False,False,MATCH_OR_OTHER
0.15,619,12,u,12,u,True,True,3,False,False,MATCH_OR_OTHER
0.15,55,11,u,11,u,True,True,1,False,False,MATCH_OR_OTHER
0.15,992,5,u,5,u,True,False,0,False,False,MATCH_OR_OTHER
0.15,1020,1,u,1,u,True,False,0,False,False,MATCH_OR_OTHER
0.15,1155,1,u,1,u,True,False,0,False,False,MATCH_OR_OTHER
0.15,166,2,u,2,u,True,False,0,False,False,MATCH_OR_OTHER
0.15,1059,8,d,7,d,False,True,2,False,False,MATCH_OR_OTHER
0.15,1228,5,u,5,u,True,False,0,False,False,MATCH_OR_OTHER
0.15,564,11,u,11,u,True,True,1,False,False,MATCH_OR_OTHER
0.15,398,3,u,3,u,True,True,1,False,False,MATCH_OR_OTHER
0.15,339,2,u,2,u,True,True,1,False,False,MATCH_OR_OTHER
0.15,415,2,u,2,u,True,True,1,True,True,DUPLICATE
0.15,229,3,u,3,u,True,True,1,True,True,DUPLICATE
0.15,530,7,u,7,u,True,True,1,False,False,MATCH_OR_OTHER
0.15,852,3,d,2,d,False,True,1,False,False,MATCH_OR_OTHER
0.15,558,8,d,7,d,False,True,3,False,False,MATCH_OR_OTHER
0.15,804,9,u,9,u,True,True,2,False,False,MATCH_OR_OTHER
0.15,155,9,u,9,u,True,False,0,False,False,MATCH_OR_OTHER
0.15,14,8,u,8,u,True,True,3,True,True,DUPLICATE
0.15,489,8,u,8,u,True,True,1,False,False,MATCH_OR_OTHER
0.15,1005,5,u,5,u,True,False,0,False,False,MATCH_OR_OTHER
0.15,143,6,u,6,u,True,False,0,False,False,MATCH_OR_OTHER
0.15,1235,10,u,10,u,True,True,3,True,True,DUPLICATE
0.15,58,5,u,5,u,True,False,0,False,False,MATCH_OR_OTHER
0.15,396,1,u,1,u,True,False,0,False,False,MATCH_OR_OTHER
0.15,1188,3,u,3,u,True,False,0,False,False,MATCH_OR_OTHER
0.15,230,3,u,3,u,True,True,1,False,False,MATCH_OR_OTHER
0.15,975,4,c,3,c,True,True,2,False,False,MATCH_OR_OTHER
0.15,970,4,u,4,u,True,False,0,False,False,MATCH_OR_OTHER
0.15,432,7,u,7,u,True,False,0,False,False,MATCH_OR_OTHER
0.15,654,10,u,10,u,True,True,3,True,True,DUPLICATE
0.15,106,2,u,2,u,True,False,0,False,False,MATCH_OR_OTHER
0.15,1111,7,u,7,u,True,True,1,False,False,MATCH_OR_OTHER
0.15,589,2,u,2,u,True,True,1,False,False,MATCH_OR_OTHER
0.15,989,5,u,5,u,True,True,1,False,False,MATCH_OR_OTHER
0.15,603,2,u,2,u,True,False,0,False,False,MATCH_OR_OTHER
0.15,742,7,d,6,d,False,False,0,False,False,MATCH_OR_OTHER
0.15,1092,7,u,7,u,True,True,1,False,False,MATCH_OR_OTHER
0.15,625,8,d,7,d,False,True,4,False,False,MATCH_OR_OTHER
0.15,650,2,u,2,u,True,True,2,True,True,DUPLICATE
0.15,206,9,u,9,u,True,False,0,False,False,MATCH_OR_OTHER
0.15,493,5,u,5,u,True,False,0,False,False,MATCH_OR_OTHER
0.15,1129,2,d,1,d,False,False,0,False,False,MATCH_OR_OTHER
0.15,807,5,c,4,c,True,True,1,False,False,MATCH_OR_OTHER
0.15,481,2,u,2,u,True,False,0,False,False,MATCH_OR_OTHER
0.15,1165,3,c,2,c,True,True,1,True,True,DUPLICATE
0.15,361,1,u,1,u,True,True,1,True,True,DUPLICATE
0.15,552,7,u,7,u,True,True,1,True,True,DUPLICATE
0.15,516,3,u,3,u,True,False,0,False,False,MATCH_OR_OTHER
0.15,326,2,u,2,u,True,False,0,False,False,MATCH_OR_OTHER
0.15,39,5,u,5,u,True,True,1,False,False,MATCH_OR_OTHER
0.15,68,4,u,4,u,True,True,1,False,False,MATCH_OR_OTHER
0.15,732,2,d,1,d,False,False,0,False,False,MATCH_OR_OTHER
0.15,551,6,u,6,u,True,True,2,False,False,MATCH_OR_OTHER
0.15,1022,5,c,4,c,True,True,1,True,True,DUPLICATE
0.15,321,7,u,7,u,True,True,1,False,False,MATCH_OR_OTHER
0.15,418,10,u,10,u,True,True,1,False,False,MATCH_OR_OTHER
0.15,1256,6,u,6,u,True,False,0,False,False,MATCH_OR_OTHER
0.15,1076,2,u,2,u,True,True,1,False,False,MATCH_OR_OTHER
0.15,945,14,d,13,d,False,True,1,False,False,MATCH_OR_OTHER
0.15,64,6,u,6,u,True,True,1,False,False,MATCH_OR_OTHER
0.15,1088,10,u,10,u,True,False,0,False,False,MATCH_OR_OTHER
0.15,958,4,u,4,u,True,True,1,False,False,MATCH_OR_OTHER
0.15,1115,6,u,6,u,True,True,2,False,False,MATCH_OR_OTHER
0.15,347,2,u,2,u,True,False,0,False,False,MATCH_OR_OTHER
0.15,367,4,u,4,u,True,True,1,True,True,DUPLICATE
0.15,803,6,u,6,u,True,False,0,False,False,MATCH_OR_OTHER
0.15,733,5,u,5,u,True,True,1,True,True,DUPLICATE
0.15,1057,3,c,2,c,True,False,0,False,False,MATCH_OR_OTHER
0.15,185,7,u,7,u,True,True,1,False,False,MATCH_OR_OTHER
0.15,442,1,u,1,u,True,False,0,False,False,MATCH_OR_OTHER
0.15,311,5,u,5,u,True,True,2,False,False,MATCH_OR_OTHER
0.15,1260,3,u,3,u,True,False,0,False,False,MATCH_OR_OTHER
0.15,1035,2,u,2,u,True,True,1,False,False,MATCH_OR_OTHER
0.15,233,16,d,15,d,False,True,3,False,False,MATCH_OR_OTHER
0.15,34,1,u,1,u,True,False,0,False,False,MATCH_OR_OTHER
0.15,879,1,u,1,u,True,False,0,False,False,MATCH_OR_OTHER
0.15,980,7,u,7,u,True,True,2,True,True,DUPLICATE
0.15,159,3,u,3,u,True,True,1,False,False,MATCH_OR_OTHER
0.15,817,3,u,3,u,True,False,0,False,False,MATCH_OR_OTHER
0.15,657,2,d,1,d,False,False,0,False,False,MATCH_OR_OTHER
0.15,559,3,u,3,u,True,True,1,True,True,DUPLICATE
0.15,784,5,u,5,u,True,True,1,False,False,MATCH_OR_OTHER
0.15,555,16,u,16,u,True,False,0,False,False,MATCH_OR_OTHER
0.15,954,2,u,2,u,True,False,0,False,False,MATCH_OR_OTHER
0.15,1241,13,u,13,u,True,True,2,False,False,MATCH_OR_OTHER
0.15,1,3,u,3,u,True,False,0,False,False,MATCH_OR_OTHER
0.15,102,3,d,2,d,False,False,0,False,False,MATCH_OR_OTHER
0.15,885,9,u,9,u,True,False,0,False,False,MATCH_OR_OTHER
0.15,1024,2,u,2,u,True,False,0,False,False,MATCH_OR_OTHER
0.15,220,5,u,5,u,True,False,0,False,False,MATCH_OR_OTHER
0.15,1108,4,u,4,u,True,True,1,False,False,MATCH_OR_OTHER
0.15,17,4,d,3,d,False,False,0,False,False,MATCH_OR_OTHER
0.15,54,8,d,7,d,False,True,1,False,False,MATCH_OR_OTHER
0.15,1090,2,u,2,u,True,False,0,False,False,MATCH_OR_OTHER
0.15,523,3,u,3,u,True,True,1,False,False,MATCH_OR_OTHER
0.15,1245,5,u,5,u,True,False,0,False,False,MATCH_OR_OTHER
0.15,859,1,u,1,u,True,False,0,False,False,MATCH_OR_OTHER
0.15,279,4,u,4,u,True,False,0,False,False,MATCH_OR_OTHER
0.15,712,8,u,8,u,True,True,4,False,False,MATCH_OR_OTHER
0.15,284,6,u,6,u,True,True,2,False,False,MATCH_OR_OTHER
0.15,618,6,u,6,u,True,True,3,True,True,DUPLICATE
0.15,75,3,d,2,d,False,True,1,False,False,MATCH_OR_OTHER
0.15,658,10,u,10,u,True,True,1,False,False,MATCH_OR_OTHER
0.15,914,1,u,1,u,True,True,1,True,True,DUPLICATE
0.15,1094,1,u,1,u,True,False,0,False,False,MATCH_OR_OTHER
0.15,88,4,u,4,u,True,False,0,False,False,MATCH_OR_OTHER
0.15,208,3,u,3,u,True,False,0,False,False,MATCH_OR_OTHER
0.15,832,2,d,1,d,False,False,0,False,False,MATCH_OR_OTHER
0.15,642,7,d,6,d,False,True,1,False,False,MATCH_OR_OTHER
0.15,829,4,u,4,u,True,True,1,True,True,DUPLICATE
0.15,466,3,u,3,u,True,False,0,False,False,MATCH_OR_OTHER
0.15,949,2,d,1,d,False,False,0,False,False,MATCH_OR_OTHER
0.15,537,3,u,3,u,True,False,0,False,False,MATCH_OR_OTHER
0.15,1232,11,c,10,c,True,True,2,False,False,MATCH_OR_OTHER
0.15,800,1,u,1,u,True,False,0,False,False,MATCH_OR_OTHER
0.15,294,4,u,4,u,True,True,1,False,False,MATCH_OR_OTHER
0.15,601,5,u,5,u,True,True,1,False,False,MATCH_OR_OTHER
0.15,1066,1,u,1,u,True,False,0,False,False,MATCH_OR_OTHER
0.15,584,6,u,6,u,True,False,0,False,False,MATCH_OR_OTHER
0.15,698,4,u,4,u,True,False,0,False,False,MATCH_OR_OTHER
0.15,1169,3,d,2,d,False,True,1,False,False,MATCH_OR_OTHER
0.15,521,2,u,2,u,True,False,0,False,False,MATCH_OR_OTHER
0.15,103,4,u,4,u,True,True,1,True,True,DUPLICATE
0.15,1067,2,u,2,u,True,False,0,False,False,MATCH_OR_OTHER
0.15,518,3,u,3,u,True,True,1,False,False,MATCH_OR_OTHER
0.15,757,9,u,9,u,True,False,0,False,False,MATCH_OR_OTHER
0.15,239,2,u,2,u,True,False,0,False,False,MATCH_OR_OTHER
0.15,1087,1,u,1,u,True,True,1,True,True,DUPLICATE
0.15,1039,2,u,2,u,True,True,1,False,False,MATCH_OR_OTHER
0.15,1207,9,u,9,u,True,True,1,False,False,MATCH_OR_OTHER
0.15,787,5,u,5,u,True,False,0,False,False,MATCH_OR_OTHER
0.15,858,8,c,7,c,True,True,2,False,False,MATCH_OR_OTHER
0.15,479,7,u,7,u,True,True,1,False,False,MATCH_OR_OTHER
0.15,292,1,u,1,u,True,False,0,False,False,MATCH_OR_OTHER
0.15,920,6,u,6,u,True,True,1,False,False,MATCH_OR_OTHER
0.15,565,3,d,2,d,False,True,1,False,False,MATCH_OR_OTHER
0.15,447,6,d,5,d,False,False,0,False,False,MATCH_OR_OTHER
0.15,1130,3,c,2,c,True,False,0,False,False,MATCH_OR_OTHER
0.15,711,1,u,1,u,True,True,1,True,True,DUPLICATE
0.15,661,3,u,3,u,True,True,1,False,False,MATCH_OR_OTHER
0.15,736,5,d,4,d,False,False,0,False,False,MATCH_OR_OTHER
0.15,925,4,u,4,u,True,True,1,False,False,MATCH_OR_OTHER
0.15,462,2,u,2,u,True,False,0,False,False,MATCH_OR_OTHER
0.15,1259,11,u,11,u,True,True,3,False,False,MATCH_OR_OTHER
0.15,1254,6,d,5,d,False,False,0,False,False,MATCH_OR_OTHER
0.15,67,3,d,2,d,False,False,0,False,False,MATCH_OR_OTHER
0.15,1217,2,u,2,u,True,False,0,False,False,MATCH_OR_OTHER
0.15,586,3,d,2,d,False,False,0,False,False,MATCH_OR_OTHER
0.15,746,1,u,1,u,True,False,0,False,False,MATCH_OR_OTHER
0.15,608,7,u,7,u,True,True,1,False,False,MATCH_OR_OTHER
0.15,312,1,u,1,u,True,True,1,True,True,DUPLICATE
0.15,842,4,u,4,u,True,False,0,False,False,MATCH_OR_OTHER
0.15,913,5,u,5,u,True,True,1,False,False,MATCH_OR_OTHER
0.15,29,5,d,4,d,False,False,0,False,False,MATCH_OR_OTHER
0.15,697,3,d,2,d,False,False,0,False,False,MATCH_OR_OTHER
0.15,342,1,u,1,u,True,False,0,False,False,MATCH_OR_OTHER
0.15,1011,3,d,2,d,False,False,0,False,False,MATCH_OR_OTHER
0.15,1197,6,u,6,u,True,False,0,False,False,MATCH_OR_OTHER
0.15,1153,1,u,1,u,True,False,0,False,False,MATCH_OR_OTHER
0.15,42,3,u,3,u,True,True,1,True,True,DUPLICATE
0.15,701,6,u,6,u,True,False,0,False,False,MATCH_OR_OTHER
0.15,59,3,u,3,u,True,True,1,True,True,DUPLICATE
0.15,81,1,u,1,u,True,True,1,True,True,DUPLICATE
0.15,669,2,u,2,u,True,False,0,False,False,MATCH_OR_OTHER
0.15,888,2,u,2,u,True,False,0,False,False,MATCH_OR_OTHER
0.15,7,4,u,4,u,True,False,0,False,False,MATCH_OR_OTHER
0.15,932,1,u,1,u,True,False,0,False,False,MATCH_OR_OTHER
0.15,37,3,u,3,u,True,True,1,True,True,DUPLICATE
0.15,886,8,u,8,u,True,True,3,False,False,MATCH_OR_OTHER
0.15,87,3,d,2,d,False,False,0,False,False,MATCH_OR_OTHER
0.15,452,4,u,4,u,True,False,0,False,False,MATCH_OR_OTHER
0.15,1121,1,u,1,u,True,False,0,False,False,MATCH_OR_OTHER
0.15,125,6,d,5,d,False,False,0,False,False,MATCH_OR_OTHER
0.15,815,8,u,8,u,True,True,2,False,False,MATCH_OR_OTHER
0.15,581,4,u,4,u,True,False,0,False,False,MATCH_OR_OTHER
0.15,1028,3,u,3,u,True,False,0,False,False,MATCH_OR_OTHER
0.15,912,2,u,2,u,True,False,0,False,False,MATCH_OR_OTHER
0.15,868,2,u,2,u,True,False,0,False,False,MATCH_OR_OTHER
0.15,680,3,u,3,u,True,False,0,False,False,MATCH_OR_OTHER
0.15,1065,3,u,3,u,True,True,1,False,False,MATCH_OR_OTHER
0.15,136,5,c,4,c,True,False,0,False,False,MATCH_OR_OTHER
0.15,1239,3,u,3,u,True,False,0,False,False,MATCH_OR_OTHER
0.15,677,1,u,1,u,True,False,0,False,False,MATCH_OR_OTHER
0.15,76,6,d,5,d,False,False,0,False,False,MATCH_OR_OTHER
0.15,231,3,u,3,u,True,True,2,True,True,DUPLICATE
0.15,995,4,u,4,u,True,False,0,False,False,MATCH_OR_OTHER
0.15,221,3,d,2,d,False,False,0,False,False,MATCH_OR_OTHER
0.15,359,5,u,5,u,True,True,2,True,True,DUPLICATE
0.15,703,1,u,1,u,True,False,0,False,False,MATCH_OR_OTHER
0.15,940,2,u,2,u,True,False,0,False,False,MATCH_OR_OTHER
0.15,643,1,u,1,u,True,False,0,False,False,MATCH_OR_OTHER
0.15,1180,2,u,2,u,True,True,1,False,False,MATCH_OR_OTHER
0.15,500,4,d,3,d,False,True,1,False,False,MATCH_OR_OTHER
0.15,773,4,u,4,u,True,True,1,True,True,DUPLICATE
0.15,226,8,u,8,u,True,True,1,False,False,MATCH_OR_OTHER
0.15,453,7,u,7,u,True,True,1,False,False,MATCH_OR_OTHER
0.15,557,2,u,2,u,True,False,0,False,False,MATCH_OR_OTHER
0.15,906,4,u,4,u,True,False,0,False,False,MATCH_OR_OTHER
0.15,1184,9,u,9,u,True,True,1,False,False,MATCH_OR_OTHER
0.15,332,11,u,11,u,True,True,3,False,False,MATCH_OR_OTHER
0.15,457,2,u,2,u,True,False,0,False,False,MATCH_OR_OTHER
0.15,876,1,u,1,u,True,False,0,False,False,MATCH_OR_OTHER
0.15,72,1,u,1,u,True,True,1,True,True,DUPLICATE
0.15,550,1,u,1,u,True,False,0,False,False,MATCH_OR_OTHER
0.15,561,6,u,6,u,True,True,2,False,False,MATCH_OR_OTHER
0.15,1091,3,u,3,u,True,False,0,False,False,MATCH_OR_OTHER
0.15,157,4,u,4,u,True,False,0,False,False,MATCH_OR_OTHER
0.15,187,3,u,3,u,True,True,1,False,False,MATCH_OR_OTHER
0.15,428,3,c,2,c,True,False,0,False,False,MATCH_OR_OTHER
0.15,465,4,d,3,d,False,False,0,False,False,MATCH_OR_OTHER
0.15,417,4,u,4,u,True,False,0,False,False,MATCH_OR_OTHER
0.15,375,1,u,1,u,True,False,0,False,False,MATCH_OR_OTHER
0.15,635,2,u,2,u,True,True,1,False,False,MATCH_OR_OTHER
0.15,164,8,u,8,u,True,True,1,False,False,MATCH_OR_OTHER
0.15,385,1,u,1,u,True,False,0,False,False,MATCH_OR_OTHER
0.15,979,2,d,1,d,False,False,0,False,False,MATCH_OR_OTHER
0.15,1048,4,u,4,u,True,True,2,False,False,MATCH_OR_OTHER
0.15,30,7,u,7,u,True,True,2,False,False,MATCH_OR_OTHER
0.15,1251,3,u,3,u,True,False,0,False,False,MATCH_OR_OTHER
0.15,1216,2,u,2,u,True,False,0,False,False,MATCH_OR_OTHER
0.15,529,5,u,5,u,True,False,0,False,False,MATCH_OR_OTHER
0.15,433,3,d,2,d,False,False,0,False,False,MATCH_OR_OTHER
0.15,799,7,u,7,u,True,True,2,False,False,MATCH_OR_OTHER
0.15,1147,1,u,1,u,True,False,0,False,False,MATCH_OR_OTHER
0.15,882,6,d,5,d,False,True,1,False,False,MATCH_OR_OTHER
0.15,670,3,d,2,d,False,False,0,False,False,MATCH_OR_OTHER
0.15,917,6,u,6,u,True,False,0,False,False,MATCH_OR_OTHER
0.15,1113,3,u,3,u,True,True,1,True,True,DUPLICATE
0.15,721,3,d,2,d,False,False,0,False,False,MATCH_OR_OTHER
0.15,717,6,u,6,u,True,False,0,False,False,MATCH_OR_OTHER
0.15,513,1,u,1,u,True,False,0,False,False,MATCH_OR_OTHER
0.15,1051,3,u,3,u,True,True,1,False,False,MATCH_OR_OTHER
0.15,320,3,u,3,u,True,True,1,False,False,MATCH_OR_OTHER
0.15,272,5,u,5,u,True,False,0,False,False,MATCH_OR_OTHER
0.15,840,1,u,1,u,True,False,0,False,False,MATCH_OR_OTHER
0.15,77,1,u,1,u,True,False,0,False,False,MATCH_OR_OTHER
0.15,985,2,u,2,u,True,True,1,True,True,DUPLICATE
0.15,881,8,u,8,u,True,True,2,True,True,DUPLICATE
0.15,515,3,u,3,u,True,True,1,False,False,MATCH_OR_OTHER
0.15,475,3,u,3,u,True,False,0,False,False,MATCH_OR_OTHER
0.15,585,4,u,4,u,True,False,0,False,False,MATCH_OR_OTHER
0.15,460,2,u,2,u,True,False,0,False,False,MATCH_OR_OTHER
0.15,981,1,u,1,u,True,False,0,False,False,MATCH_OR_OTHER
0.15,1224,2,u,2,u,True,False,0,False,False,MATCH_OR_OTHER
0.15,116,7,u,7,u,True,True,3,True,True,DUPLICATE
0.15,959,1,u,1,u,True,False,0,False,False,MATCH_OR_OTHER
0.15,553,1,u,1,u,True,False,0,False,False,MATCH_OR_OTHER
0.15,393,3,u,3,u,True,False,0,False,False,MATCH_OR_OTHER
0.15,776,7,u,7,u,True,False,0,False,False,MATCH_OR_OTHER
0.15,774,1,u,1,u,True,True,1,True,True,DUPLICATE
0.15,211,9,u,9,u,True,False,0,False,False,MATCH_OR_OTHER
0.15,138,1,u,1,u,True,False,0,False,False,MATCH_OR_OTHER
0.15,374,3,u,3,u,True,False,0,False,False,MATCH_OR_OTHER
0.15,249,3,d,2,d,False,False,0,False,False,MATCH_OR_OTHER
0.15,571,1,u,1,u,True,False,0,False,False,MATCH_OR_OTHER
0.15,463,2,d,1,d,False,False,0,False,False,MATCH_OR_OTHER
0.15,854,5,d,4,d,False,True,1,False,False,MATCH_OR_OTHER
0.15,1026,3,d,2,d,False,False,0,False,False,MATCH_OR_OTHER
0.15,207,1,u,1,u,True,True,1,True,True,DUPLICATE
0.15,1058,2,u,2,u,True,False,0,False,False,MATCH_OR_OTHER
0.15,593,7,c,6,c,True,True,1,False,False,MATCH_OR_OTHER
0.15,735,3,u,3,u,True,True,1,False,False,MATCH_OR_OTHER
0.15,877,3,d,2,d,False,False,0,False,False,MATCH_OR_OTHER
0.15,177,4,u,4,u,True,False,0,False,False,MATCH_OR_OTHER
0.15,867,4,u,4,u,True,True,2,False,False,MATCH_OR_OTHER
0.15,441,2,d,1,d,False,False,0,False,False,MATCH_OR_OTHER
0.15,215,1,u,1,u,True,False,0,False,False,MATCH_OR_OTHER
0.15,1145,1,u,1,u,True,False,0,False,False,MATCH_OR_OTHER
0.15,1167,3,u,3,u,True,True,1,False,False,MATCH_OR_OTHER
0.15,90,6,u,6,u,True,True,1,True,True,DUPLICATE
0.15,812,3,u,3,u,True,False,0,False,False,MATCH_OR_OTHER
0.15,704,4,u,4,u,True,True,1,False,False,MATCH_OR_OTHER
0.15,763,2,d,1,d,False,False,0,False,False,MATCH_OR_OTHER
0.15,540,3,u,3,u,True,False,0,False,False,MATCH_OR_OTHER
0.15,317,3,u,3,u,True,False,0,False,False,MATCH_OR_OTHER
0.15,607,3,u,3,u,True,True,1,False,False,MATCH_OR_OTHER
0.15,173,4,u,4,u,True,True,2,False,False,MATCH_OR_OTHER
0.15,960,6,u,6,u,True,False,0,False,False,MATCH_OR_OTHER
0.15,865,5,u,5,u,True,False,0,False,False,MATCH_OR_OTHER
0.15,133,2,u,2,u,True,False,0,False,False,MATCH_OR_OTHER
0.15,445,3,u,3,u,True,True,1,False,False,MATCH_OR_OTHER
0.15,1143,2,d,1,d,False,False,0,False,False,MATCH_OR_OTHER
0.15,1019,3,u,3,u,True,True,1,True,True,DUPLICATE
0.15,251,1,u,1,u,True,False,0,False,False,MATCH_OR_OTHER
0.15,420,3,u,3,u,True,False,0,False,False,MATCH_OR_OTHER
0.15,713,3,u,3,u,True,True,1,False,False,MATCH_OR_OTHER
0.15,250,4,u,4,u,True,False,0,False,False,MATCH_OR_OTHER
0.15,183,2,u,2,u,True,False,0,False,False,MATCH_OR_OTHER
0.15,1037,4,d,3,d,False,False,0,False,False,MATCH_OR_OTHER
0.15,386,1,u,1,u,True,False,0,False,False,MATCH_OR_OTHER
0.15,604,1,u,1,u,True,False,0,False,False,MATCH_OR_OTHER
0.15,324,2,d,1,d,False,False,0,False,False,MATCH_OR_OTHER
0.15,146,1,u,1,u,True,False,0,False,False,MATCH_OR_OTHER
0.15,482,2,u,2,u,True,False,0,False,False,MATCH_OR_OTHER
0.15,313,2,d,1,d,False,False,0,False,False,MATCH_OR_OTHER
0.15,189,2,u,2,u,True,False,0,False,False,MATCH_OR_OTHER
0.15,265,1,u,1,u,True,False,0,False,False,MATCH_OR_OTHER
0.15,944,3,u,3,u,True,True,1,True,True,DUPLICATE
0.15,437,2,u,2,u,True,False,0,False,False,MATCH_OR_OTHER
0.15,957,1,u,1,u,True,True,1,True,True,DUPLICATE
0.15,574,7,u,7,u,True,True,2,True,True,DUPLICATE
0.15,923,2,u,2,u,True,False,0,False,False,MATCH_OR_OTHER
0.15,675,4,u,4,u,True,True,1,True,True,DUPLICATE
0.15,1004,1,u,1,u,True,False,0,False,False,MATCH_OR_OTHER
0.15,1101,3,u,3,u,True,False,0,False,False,MATCH_OR_OTHER
0.15,1136,6,u,6,u,True,False,0,False,False,MATCH_OR_OTHER
0.15,1141,2,d,1,d,False,False,0,False,False,MATCH_OR_OTHER
0.15,737,9,u,9,u,True,True,2,True,True,DUPLICATE
0.15,805,3,c,2,c,True,False,0,False,False,MATCH_OR_OTHER
0.15,856,4,d,3,d,False,False,0,False,False,MATCH_OR_OTHER
0.15,1044,2,d,1,d,False,False,0,False,False,MATCH_OR_OTHER
0.15,276,1,u,1,u,True,False,0,False,False,MATCH_OR_OTHER
0.15,905,3,u,3,u,True,True,1,False,False,MATCH_OR_OTHER
0.15,532,1,u,1,u,True,False,0,False,False,MATCH_OR_OTHER
0.15,141,2,u,2,u,True,False,0,False,False,MATCH_OR_OTHER
0.15,474,2,u,2,u,True,True,1,False,False,MATCH_OR_OTHER
0.15,306,2,u,2,u,True,False,0,False,False,MATCH_OR_OTHER
0.15,203,1,u,1,u,True,False,0,False,False,MATCH_OR_OTHER
0.15,1003,3,u,3,u,True,True,1,False,False,MATCH_OR_OTHER
0.15,254,1,u,1,u,True,False,0,False,False,MATCH_OR_OTHER
0.15,38,1,u,1,u,True,False,0,False,False,MATCH_OR_OTHER
0.15,406,1,u,1,u,True,False,0,False,False,MATCH_OR_OTHER
0.15,744,3,u,3,u,True,False,0,False,False,MATCH_OR_OTHER
0.15,933,1,u,1,u,True,False,0,False,False,MATCH_OR_OTHER
0.15,937,2,u,2,u,True,False,0,False,False,MATCH_OR_OTHER
0.15,455,5,u,5,u,True,False,0,False,False,MATCH_OR_OTHER
0.15,137,4,u,4,u,True,True,1,False,False,MATCH_OR_OTHER
0.15,534,2,u,2,u,True,False,0,False,False,MATCH_OR_OTHER
0.15,280,2,u,2,u,True,False,0,False,False,MATCH_OR_OTHER
0.15,1027,3,u,3,u,True,False,0,False,False,MATCH_OR_OTHER
0.15,1190,2,d,1,d,False,False,0,False,False,MATCH_OR_OTHER
0.15,259,3,u,3,u,True,False,0,False,False,MATCH_OR_OTHER
0.15,1171,5,u,5,u,True,True,1,False,False,MATCH_OR_OTHER
0.15,1199,1,u,1,u,True,False,0,False,False,MATCH_OR_OTHER
0.15,1151,2,u,2,u,True,False,0,False,False,MATCH_OR_OTHER
0.15,821,2,u,2,u,True,False,0,False,False,MATCH_OR_OTHER
0.15,891,3,d,2,d,False,False,0,False,False,MATCH_OR_OTHER
0.15,1227,3,u,3,u,True,False,0,False,False,MATCH_OR_OTHER
0.15,57,2,u,2,u,True,False,0,False,False,MATCH_OR_OTHER
0.15,993,1,u,1,u,True,True,1,True,True,DUPLICATE
0.15,498,1,u,1,u,True,False,0,False,False,MATCH_OR_OTHER
0.15,903,6,u,6,u,True,True,1,False,False,MATCH_OR_OTHER
0.15,765,1,u,1,u,True,False,0,False,False,MATCH_OR_OTHER
0.15,334,6,d,5,d,False,True,1,False,False,MATCH_OR_OTHER
0.15,384,3,u,3,u,True,False,0,False,False,MATCH_OR_OTHER
0.15,264,4,u,4,u,True,True,1,False,False,MATCH_OR_OTHER
0.15,999,6,u,6,u,True,True,1,True,True,DUPLICATE
0.15,849,4,u,4,u,True,False,0,False,False,MATCH_OR_OTHER
0.15,1148,4,u,4,u,True,True,1,False,False,MATCH_OR_OTHER
0.15,296,3,u,3,u,True,False,0,False,False,MATCH_OR_OTHER
0.15,1047,2,u,2,u,True,False,0,False,False,MATCH_OR_OTHER
0.15,48,2,u,2,u,True,False,0,False,False,MATCH_OR_OTHER
0.15,524,2,u,2,u,True,False,0,False,False,MATCH_OR_OTHER
0.15,659,1,u,1,u,True,False,0,False,False,MATCH_OR_OTHER
0.15,353,2,d,1,d,False,True,1,False,False,MATCH_OR_OTHER
0.15,1248,3,u,3,u,True,False,0,False,False,MATCH_OR_OTHER
0.15,1107,1,u,1,u,True,False,0,False,False,MATCH_OR_OTHER
0.15,1025,1,u,1,u,True,False,0,False,False,MATCH_OR_OTHER
0.15,404,2,u,2,u,True,True,1,True,True,DUPLICATE
0.15,8,3,u,3,u,True,False,0,False,False,MATCH_OR_OTHER
0.15,110,4,u,4,u,True,False,0,False,False,MATCH_OR_OTHER
0.15,1178,3,d,2,d,False,False,0,False,False,MATCH_OR_OTHER
0.15,6,2,d,1,d,False,False,0,False,False,MATCH_OR_OTHER
0.15,1154,3,u,3,u,True,False,0,False,False,MATCH_OR_OTHER
0.15,86,3,u,3,u,True,False,0,False,False,MATCH_OR_OTHER
0.15,480,3,d,2,d,False,False,0,False,False,MATCH_OR_OTHER
0.15,47,2,u,2,u,True,False,0,False,False,MATCH_OR_OTHER
0.15,503,5,u,5,u,True,True,1,True,True,DUPLICATE
0.15,977,2,u,2,u,True,False,0,False,False,MATCH_OR_OTHER
0.15,1194,2,u,2,u,True,True,1,False,False,MATCH_OR_OTHER
0.15,1192,1,u,1,u,True,False,0,False,False,MATCH_OR_OTHER
0.15,436,1,u,1,u,True,False,0,False,False,MATCH_OR_OTHER
0.15,1255,3,u,3,u,True,False,0,False,False,MATCH_OR_OTHER
0.15,591,2,u,2,u,True,True,1,False,False,MATCH_OR_OTHER
0.15,1173,2,u,2,u,True,False,0,False,False,MATCH_OR_OTHER
0.15,458,3,u,3,u,True,False,0,False,False,MATCH_OR_OTHER
0.15,240,1,u,1,u,True,False,0,False,False,MATCH_OR_OTHER
0.15,681,1,u,1,u,True,True,1,True,True,DUPLICATE
0.15,1095,1,u,1,u,True,False,0,False,False,MATCH_OR_OTHER
0.15,1023,1,u,1,u,True,False,0,False,False,MATCH_OR_OTHER
0.15,889,2,u,2,u,True,False,0,False,False,MATCH_OR_OTHER
0.15,1010,4,d,3,d,False,True,1,False,False,MATCH_OR_OTHER
0.15,869,2,u,2,u,True,False,0,False,False,MATCH_OR_OTHER
0.15,576,1,u,1,u,True,False,0,False,False,MATCH_OR_OTHER
0.15,288,3,u,3,u,True,True,1,False,False,MATCH_OR_OTHER
0.15,1191,1,u,1,u,True,False,0,False,False,MATCH_OR_OTHER
0.15,899,7,u,7,u,True,True,1,False,False,MATCH_OR_OTHER
0.15,300,3,u,3,u,True,True,1,True,True,DUPLICATE
0.15,1081,2,u,2,u,True,False,0,False,False,MATCH_OR_OTHER
0.15,878,2,u,2,u,True,False,0,False,False,MATCH_OR_OTHER
0.15,688,3,u,3,u,True,False,0,False,False,MATCH_OR_OTHER
0.15,573,2,u,2,u,True,False,0,False,False,MATCH_OR_OTHER
0.15,598,2,u,2,u,True,True,1,False,False,MATCH_OR_OTHER
0.15,340,6,u,6,u,True,True,1,False,False,MATCH_OR_OTHER
0.15,11,1,u,1,u,True,False,0,False,False,MATCH_OR_OTHER
0.15,439,2,u,2,u,True,False,0,False,False,MATCH_OR_OTHER
0.15,1096,2,u,2,u,True,True,1,False,False,MATCH_OR_OTHER
0.15,848,5,u,5,u,True,True,2,False,False,MATCH_OR_OTHER
0.15,491,2,u,2,u,True,False,0,False,False,MATCH_OR_OTHER
0.15,188,1,u,1,u,True,True,1,True,True,DUPLICATE
0.15,131,1,u,1,u,True,False,0,False,False,MATCH_OR_OTHER
0.15,464,1,u,1,u,True,False,0,False,False,MATCH_OR_OTHER
0.15,260,2,u,2,u,True,False,0,False,False,MATCH_OR_OTHER
0.15,994,1,u,1,u,True,False,0,False,False,MATCH_OR_OTHER
0.15,726,4,u,4,u,True,False,0,False,False,MATCH_OR_OTHER
0.15,626,2,u,2,u,True,False,0,False,False,MATCH_OR_OTHER
0.15,210,1,u,1,u,True,False,0,False,False,MATCH_OR_OTHER
0.15,15,2,u,2,u,True,False,0,False,False,MATCH_OR_OTHER
0.15,295,1,u,1,u,True,False,0,False,False,MATCH_OR_OTHER
0.15,572,2,d,1,d,False,False,0,False,False,MATCH_OR_OTHER
0.15,414,1,u,1,u,True,False,0,False,False,MATCH_OR_OTHER
0.15,673,5,u,5,u,True,False,0,False,False,MATCH_OR_OTHER
0.15,514,4,u,4,u,True,True,1,False,False,MATCH_OR_OTHER
0.15,194,2,u,2,u,True,False,0,False,False,MATCH_OR_OTHER
0.15,956,3,u,3,u,True,False,0,False,False,MATCH_OR_OTHER
0.15,139,2,u,2,u,True,False,0,False,False,MATCH_OR_OTHER
0.15,578,4,u,4,u,True,False,0,False,False,MATCH_OR_OTHER
0.15,752,1,u,1,u,True,False,0,False,False,MATCH_OR_OTHER
0.15,508,1,u,1,u,True,False,0,False,False,MATCH_OR_OTHER
0.15,609,1,u,1,u,True,False,0,False,False,MATCH_OR_OTHER
0.15,810,3,c,2,c,True,False,0,False,False,MATCH_OR_OTHER
0.15,676,4,u,4,u,True,False,0,False,False,MATCH_OR_OTHER
0.15,376,1,u,1,u,True,False,0,False,False,MATCH_OR_OTHER
0.15,162,1,u,1,u,True,True,1,True,True,DUPLICATE
0.15,1050,2,u,2,u,True,True,1,True,True,DUPLICATE
0.15,41,2,u,2,u,True,True,1,False,False,MATCH_OR_OTHER
0.15,739,1,u,1,u,True,True,1,True,True,DUPLICATE
0.15,261,4,d,3,d,False,True,1,False,False,MATCH_OR_OTHER
0.15,1168,1,u,1,u,True,False,0,False,False,MATCH_OR_OTHER
0.15,316,2,u,2,u,True,False,0,False,False,MATCH_OR_OTHER
0.15,1046,4,u,4,u,True,False,0,False,False,MATCH_OR_OTHER
0.15,533,1,u,1,u,True,False,0,False,False,MATCH_OR_OTHER
0.15,1196,3,u,3,u,True,True,1,True,True,DUPLICATE
0.15,715,1,u,1,u,True,False,0,False,False,MATCH_OR_OTHER
0.15,95,2,u,2,u,True,True,1,False,False,MATCH_OR_OTHER
0.15,268,2,d,1,d,False,True,1,False,False,MATCH_OR_OTHER
0.15,873,5,u,5,u,True,False,0,False,False,MATCH_OR_OTHER
0.15,1013,3,u,3,u,True,False,0,False,False,MATCH_OR_OTHER
0.15,580,2,u,2,u,True,False,0,False,False,MATCH_OR_OTHER
0.15,1093,4,u,4,u,True,True,1,False,False,MATCH_OR_OTHER
0.15,69,3,u,3,u,True,False,0,False,False,MATCH_OR_OTHER
0.15,408,2,u,2,u,True,False,0,False,False,MATCH_OR_OTHER
0.15,835,1,u,1,u,True,False,0,False,False,MATCH_OR_OTHER
0.15,449,3,u,3,u,True,False,0,False,False,MATCH_OR_OTHER
0.15,943,2,u,2,u,True,False,0,False,False,MATCH_OR_OTHER
0.15,893,3,u,3,u,True,False,0,False,False,MATCH_OR_OTHER
0.15,163,4,u,4,u,True,True,1,True,True,DUPLICATE
0.15,806,3,u,3,u,True,True,2,True,True,DUPLICATE
0.15,535,1,u,1,u,True,False,0,False,False,MATCH_OR_OTHER
0.15,197,3,u,3,u,True,False,0,False,False,MATCH_OR_OTHER
0.15,94,2,u,2,u,True,True,1,True,True,DUPLICATE
0.15,857,1,u,1,u,True,False,0,False,False,MATCH_OR_OTHER
0.15,467,1,u,1,u,True,False,0,False,False,MATCH_OR_OTHER
0.15,443,3,c,2,c,True,False,0,False,False,MATCH_OR_OTHER
0.15,111,2,u,2,u,True,True,1,True,True,DUPLICATE
0.15,388,2,u,2,u,True,True,1,False,False,MATCH_OR_OTHER
0.15,560,2,u,2,u,True,True,1,True,True,DUPLICATE
0.15,822,1,u,1,u,True,False,0,False,False,MATCH_OR_OTHER
0.15,978,2,u,2,u,True,True,1,True,True,DUPLICATE
0.15,495,1,u,1,u,True,False,0,False,False,MATCH_OR_OTHER
0.15,674,2,u,2,u,True,True,1,True,True,DUPLICATE
0.15,348,2,u,2,u,True,False,0,False,False,MATCH_OR_OTHER
0.15,631,1,u,1,u,True,False,0,False,False,MATCH_OR_OTHER
0.15,161,2,u,2,u,True,False,0,False,False,MATCH_OR_OTHER
0.15,286,2,u,2,u,True,True,1,True,True,DUPLICATE
0.15,685,2,u,2,u,True,False,0,False,False,MATCH_OR_OTHER
0.15,497,2,d,1,d,False,False,0,False,False,MATCH_OR_OTHER
0.15,950,1,u,1,u,True,False,0,False,False,MATCH_OR_OTHER
0.15,483,1,u,1,u,True,True,1,True,True,DUPLICATE
0.15,431,2,d,1,d,False,False,0,False,False,MATCH_OR_OTHER
0.15,269,4,u,4,u,True,True,3,False,False,MATCH_OR_OTHER
0.15,1177,1,u,1,u,True,False,0,False,False,MATCH_OR_OTHER
0.15,274,2,u,2,u,True,False,0,False,False,MATCH_OR_OTHER
0.15,942,2,u,2,u,True,True,1,False,False,MATCH_OR_OTHER
0.15,281,2,u,2,u,True,False,0,False,False,MATCH_OR_OTHER
0.15,667,2,u,2,u,True,False,0,False,False,MATCH_OR_OTHER
0.15,156,3,u,3,u,True,False,0,False,False,MATCH_OR_OTHER
0.15,769,1,u,1,u,True,False,0,False,False,MATCH_OR_OTHER
0.15,421,2,d,1,d,False,False,0,False,False,MATCH_OR_OTHER
0.15,450,2,d,1,d,False,False,0,False,False,MATCH_OR_OTHER
0.15,360,3,u,3,u,True,False,0,False,False,MATCH_OR_OTHER
0.15,630,2,u,2,u,True,False,0,False,False,MATCH_OR_OTHER
0.15,754,1,u,1,u,True,True,1,True,True,DUPLICATE
0.15,182,1,u,1,u,True,True,1,True,True,DUPLICATE
0.15,387,1,u,1,u,True,False,0,False,False,MATCH_OR_OTHER
0.15,1055,2,u,2,u,True,True,1,True,True,DUPLICATE
0.15,1138,1,u,1,u,True,False,0,False,False,MATCH_OR_OTHER
0.15,85,2,u,2,u,True,False,0,False,False,MATCH_OR_OTHER
0.15,344,3,u,3,u,True,True,1,False,False,MATCH_OR_OTHER
0.15,70,1,u,1,u,True,False,0,False,False,MATCH_OR_OTHER
0.15,554,1,u,1,u,True,True,1,True,True,DUPLICATE
0.15,1159,1,u,1,u,True,False,0,False,False,MATCH_OR_OTHER
0.15,679,1,u,1,u,True,False,0,False,False,MATCH_OR_OTHER
0.15,998,1,u,1,u,True,False,0,False,False,MATCH_OR_OTHER
0.15,862,3,u,3,u,True,True,1,False,False,MATCH_OR_OTHER
0.15,875,2,u,2,u,True,False,0,False,False,MATCH_OR_OTHER
0.15,287,1,u,1,u,True,False,0,False,False,MATCH_OR_OTHER
0.15,1000,1,u,1,u,True,False,0,False,False,MATCH_OR_OTHER
0.15,217,2,u,2,u,True,False,0,False,False,MATCH_OR_OTHER
0.15,924,1,u,1,u,True,False,0,False,False,MATCH_OR_OTHER
0.15,346,4,u,4,u,True,False,0,False,False,MATCH_OR_OTHER
0.15,872,1,u,1,u,True,True,1,True,True,DUPLICATE
0.15,996,1,u,1,u,True,False,0,False,False,MATCH_OR_OTHER
0.15,327,1,u,1,u,True,False,0,False,False,MATCH_OR_OTHER
0.15,1038,1,u,1,u,True,False,0,False,False,MATCH_OR_OTHER
0.15,632,2,u,2,u,True,False,0,False,False,MATCH_OR_OTHER
0.15,753,2,d,1,d,False,True,1,False,False,MATCH_OR_OTHER
0.15,84,1,u,1,u,True,False,0,False,False,MATCH_OR_OTHER
0.15,176,1,u,1,u,True,False,0,False,False,MATCH_OR_OTHER
0.15,213,1,u,1,u,True,False,0,False,False,MATCH_OR_OTHER
0.15,216,1,u,1,u,True,True,1,True,True,DUPLICATE
0.15,257,1,u,1,u,True,False,0,False,False,MATCH_OR_OTHER
0.15,152,2,u,2,u,True,False,0,False,False,MATCH_OR_OTHER
0.15,894,2,u,2,u,True,True,2,True,True,DUPLICATE
0.15,919,1,u,1,u,True,False,0,False,False,MATCH_OR_OTHER
0.15,338,1,u,1,u,True,False,0,False,False,MATCH_OR_OTHER
0.15,35,1,u,1,u,True,False,0,False,False,MATCH_OR_OTHER
0.15,134,1,u,1,u,True,False,0,False,False,MATCH_OR_OTHER
0.15,1195,4,d,3,d,False,True,1,False,False,MATCH_OR_OTHER
0.15,1149,1,u,1,u,True,False,0,False,False,MATCH_OR_OTHER
0.15,160,1,u,1,u,True,False,0,False,False,MATCH_OR_OTHER
0.15,232,2,u,2,u,True,False,0,False,False,MATCH_OR_OTHER
0.15,1144,1,u,1,u,True,False,0,False,False,MATCH_OR_OTHER
0.15,683,1,u,1,u,True,False,0,False,False,MATCH_OR_OTHER
0.15,916,1,u,1,u,True,False,0,False,False,MATCH_OR_OTHER
0.15,796,1,u,1,u,True,False,0,False,False,MATCH_OR_OTHER
0.15,747,2,u,2,u,True,False,0,False,False,MATCH_OR_OTHER
0.15,1258,3,u,3,u,True,False,0,False,False,MATCH_OR_OTHER
0.15,368,2,u,2,u,True,True,1,False,False,MATCH_OR_OTHER
0.15,751,2,d,1,d,False,False,0,False,False,MATCH_OR_OTHER
0.15,656,1,u,1,u,True,False,0,False,False,MATCH_OR_OTHER
0.15,511,1,u,1,u,True,False,0,False,False,MATCH_OR_OTHER
0.15,363,1,u,1,u,True,True,1,True,True,DUPLICATE
0.15,761,1,u,1,u,True,False,0,False,False,MATCH_OR_OTHER
0.15,411,1,u,1,u,True,False,0,False,False,MATCH_OR_OTHER
0.15,302,1,u,1,u,True,False,0,False,False,MATCH_OR_OTHER
0.15,705,1,u,1,u,True,False,0,False,False,MATCH_OR_OTHER
0.15,1021,3,u,3,u,True,False,0,False,False,MATCH_OR_OTHER
0.15,1105,1,u,1,u,True,False,0,False,False,MATCH_OR_OTHER
0.15,665,1,u,1,u,True,False,0,False,False,MATCH_OR_OTHER
0.15,966,3,u,3,u,True,False,0,False,False,MATCH_OR_OTHER
0.15,180,1,u,1,u,True,False,0,False,False,MATCH_OR_OTHER
0.15,1012,3,u,3,u,True,True,1,False,False,MATCH_OR_OTHER
0.15,691,1,u,1,u,True,False,0,False,False,MATCH_OR_OTHER
0.15,309,2,u,2,u,True,False,0,False,False,MATCH_OR_OTHER
0.15,1125,1,u,1,u,True,False,0,False,False,MATCH_OR_OTHER
0.15,209,2,u,2,u,True,False,0,False,False,MATCH_OR_OTHER
0.15,104,1,u,1,u,True,False,0,False,False,MATCH_OR_OTHER
0.15,961,1,u,1,u,True,False,0,False,False,MATCH_OR_OTHER
0.15,122,1,u,1,u,True,False,0,False,False,MATCH_OR_OTHER
0.15,666,1,u,1,u,True,True,1,True,True,DUPLICATE
0.15,1160,1,u,1,u,True,True,1,True,True,DUPLICATE
0.15,330,1,u,1,u,True,True,1,True,True,DUPLICATE
0.15,846,1,u,1,u,True,False,0,False,False,MATCH_OR_OTHER
0.15,52,1,u,1,u,True,False,0,False,False,MATCH_OR_OTHER
0.15,119,1,u,1,u,True,False,0,False,False,MATCH_OR_OTHER
0.15,749,1,u,1,u,True,True,1,True,True,DUPLICATE
0.15,562,1,u,1,u,True,True,1,True,True,DUPLICATE
0.15,1133,2,d,1,d,False,False,0,False,False,MATCH_OR_OTHER
0.15,117,3,d,2,d,False,False,0,False,False,MATCH_OR_OTHER
0.15,1214,2,u,2,u,True,False,0,False,False,MATCH_OR_OTHER
0.15,1185,1,u,1,u,True,False,0,False,False,MATCH_OR_OTHER
0.15,71,1,u,1,u,True,False,0,False,False,MATCH_OR_OTHER
0.15,1085,1,u,1,u,True,False,0,False,False,MATCH_OR_OTHER
0.15,149,1,u,1,u,True,False,0,False,False,MATCH_OR_OTHER
0.15,1053,1,u,1,u,True,False,0,False,False,MATCH_OR_OTHER
0.15,918,2,d,1,d,False,False,0,False,False,MATCH_OR_OTHER
0.15,382,1,u,1,u,True,True,1,True,True,DUPLICATE
0.15,952,1,u,1,u,True,False,0,False,False,MATCH_OR_OTHER
0.15,695,1,u,1,u,True,False,0,False,False,MATCH_OR_OTHER
0.15,200,1,u,1,u,True,True,1,True,True,DUPLICATE
0.15,896,1,u,1,u,True,False,0,False,False,MATCH_OR_OTHER
0.15,253,1,u,1,u,True,False,0,False,False,MATCH_OR_OTHER
0.15,504,1,u,1,u,True,False,0,False,False,MATCH_OR_OTHER
0.15,762,1,u,1,u,True,False,0,False,False,MATCH_OR_OTHER
0.15,204,1,u,1,u,True,True,1,True,True,DUPLICATE
0.15,543,1,u,1,u,True,False,0,False,False,MATCH_OR_OTHER
0.15,531,1,u,1,u,True,True,1,True,True,DUPLICATE
0.3,1253,4,u,4,u,True,True,1,False,False,MATCH_OR_OTHER
0.3,358,9,d,8,d,False,True,3,False,False,MATCH_OR_OTHER
0.3,890,6,u,6,u,True,True,1,False,False,MATCH_OR_OTHER
0.3,179,10,u,10,u,True,True,2,True,True,DUPLICATE
0.3,49,7,u,7,u,True,True,2,False,False,MATCH_OR_OTHER
0.3,748,6,u,6,u,True,True,3,True,True,DUPLICATE
0.3,1029,9,u,9,u,True,True,4,True,True,DUPLICATE
0.3,301,12,u,12,u,True,True,4,False,False,MATCH_OR_OTHER
0.3,823,14,u,14,u,True,True,4,True,True,DUPLICATE
0.3,1072,27,u,27,u,True,True,10,True,True,DUPLICATE
0.3,527,50,c,49,c,True,True,16,False,False,MATCH_OR_OTHER
0.3,542,10,u,10,u,True,True,2,False,False,MATCH_OR_OTHER
0.3,66,9,u,9,u,True,True,1,False,False,MATCH_OR_OTHER
0.3,407,3,u,3,u,True,True,2,True,True,DUPLICATE
0.3,556,8,u,8,u,True,True,2,False,False,MATCH_OR_OTHER
0.3,267,7,u,7,u,True,True,1,True,True,DUPLICATE
0.3,224,13,d,12,d,False,True,1,False,False,MATCH_OR_OTHER
0.3,719,7,u,7,u,True,True,1,False,False,MATCH_OR_OTHER
0.3,988,10,c,9,c,True,True,3,False,False,MATCH_OR_OTHER
0.3,10,9,u,9,u,True,True,4,True,True,DUPLICATE
0.3,962,2,u,2,u,True,False,0,False,False,MATCH_OR_OTHER
0.3,1161,5,d,4,d,False,True,1,False,False,MATCH_OR_OTHER
0.3,400,5,u,5,u,True,True,1,False,False,MATCH_OR_OTHER
0.3,425,5,d,4,d,False,False,0,False,False,MATCH_OR_OTHER
0.3,567,10,u,10,u,True,True,4,False,False,MATCH_OR_OTHER
0.3,734,8,u,8,u,True,True,3,True,True,DUPLICATE
0.3,623,19,u,19,u,True,True,6,False,False,MATCH_OR_OTHER
0.3,456,9,u,9,u,True,False,0,False,False,MATCH_OR_OTHER
0.3,836,21,u,21,u,True,True,4,True,True,DUPLICATE
0.3,1006,2,u,2,u,True,True,1,False,False,MATCH_OR_OTHER
0.3,599,8,u,8,u,True,True,1,False,False,MATCH_OR_OTHER
0.3,563,4,u,4,u,True,True,2,False,False,MATCH_OR_OTHER
0.3,412,13,u,13,u,True,True,3,True,True,DUPLICATE
0.3,1124,12,u,12,u,True,True,3,False,False,MATCH_OR_OTHER
0.3,1074,4,u,4,u,True,True,2,True,True,DUPLICATE
0.3,597,10,d,9,d,False,True,2,False,False,MATCH_OR_OTHER
0.3,383,6,u,6,u,True,True,3,False,False,MATCH_OR_OTHER
0.3,153,10,u,10,u,True,True,5,False,False,MATCH_OR_OTHER
0.3,1102,3,u,3,u,True,False,0,False,False,MATCH_OR_OTHER
0.3,277,16,d,15,d,False,True,4,False,False,MATCH_OR_OTHER
0.3,1238,8,u,8,u,True,True,1,False,False,MATCH_OR_OTHER
0.3,112,10,d,9,d,False,True,2,False,False,MATCH_OR_OTHER
0.3,1116,6,u,6,u,True,True,3,True,True,DUPLICATE
0.3,880,18,u,18,u,True,True,8,False,False,MATCH_OR_OTHER
0.3,499,6,u,6,u,True,True,5,True,True,DUPLICATE
0.3,652,8,u,8,u,True,True,1,False,False,MATCH_OR_OTHER
0.3,1150,2,u,2,u,True,True,1,True,True,DUPLICATE
0.3,399,13,u,13,u,True,True,4,True,True,DUPLICATE
0.3,671,4,u,4,u,True,True,1,False,False,MATCH_OR_OTHER
0.3,315,9,u,9,u,True,True,2,False,False,MATCH_OR_OTHER
0.3,1164,10,u,10,u,True,True,4,False,False,MATCH_OR_OTHER
0.3,1236,2,u,2,u,True,True,1,False,False,MATCH_OR_OTHER
0.3,304,3,u,3,u,True,False,0,False,False,MATCH_OR_OTHER
0.3,505,14,d,13,d,False,True,5,False,False,MATCH_OR_OTHER
0.3,370,4,c,3,c,True,False,0,False,False,MATCH_OR_OTHER
0.3,469,4,u,4,u,True,False,0,False,False,MATCH_OR_OTHER
0.3,663,10,u,10,u,True,True,1,False,False,MATCH_OR_OTHER
0.3,1181,9,d,8,d,False,True,4,False,False,MATCH_OR_OTHER
0.3,855,3,d,2,d,False,False,0,False,False,MATCH_OR_OTHER
0.3,61,5,u,5,u,True,True,1,True,True,DUPLICATE
0.3,477,9,d,8,d,False,True,3,False,False,MATCH_OR_OTHER
0.3,938,3,u,3,u,True,False,0,False,False,MATCH_OR_OTHER
0.3,82,11,u,11,u,True,True,5,True,True,DUPLICATE
0.3,545,10,c,9,c,True,True,4,False,False,MATCH_OR_OTHER
0.3,1257,7,u,7,u,True,True,2,False,False,MATCH_OR_OTHER
0.3,13,8,u,8,u,True,True,2,True,True,DUPLICATE
0.3,124,3,u,3,u,True,True,1,False,False,MATCH_OR_OTHER
0.3,722,8,u,8,u,True,True,3,False,False,MATCH_OR_OTHER
0.3,27,2,u,2,u,True,True,1,True,True,DUPLICATE
0.3,847,1,u,1,u,True,False,0,False,False,MATCH_OR_OTHER
0.3,195,6,u,6,u,True,True,1,False,False,MATCH_OR_OTHER
0.3,723,4,u,4,u,True,True,1,False,False,MATCH_OR_OTHER
0.3,496,1,u,1,u,True,True,1,True,True,DUPLICATE
0.3,714,23,d,22,d,False,True,3,False,False,MATCH_OR_OTHER
0.3,621,16,u,16,u,True,True,7,False,False,MATCH_OR_OTHER
0.3,120,6,u,6,u,True,True,2,False,False,MATCH_OR_OTHER
0.3,1064,21,u,21,u,True,True,8,True,True,DUPLICATE
0.3,97,1,u,1,u,True,False,0,False,False,MATCH_OR_OTHER
0.3,690,6,u,6,u,True,True,3,False,False,MATCH_OR_OTHER
0.3,900,7,d,6,d,False,True,2,False,False,MATCH_OR_OTHER
0.3,930,8,u,8,u,True,True,1,False,False,MATCH_OR_OTHER
0.3,424,9,u,9,u,True,True,1,False,False,MATCH_OR_OTHER
0.3,129,1,u,1,u,True,False,0,False,False,MATCH_OR_OTHER
0.3,227,2,d,1,d,False,False,0,False,False,MATCH_OR_OTHER
0.3,614,1,u,1,u,True,True,1,True,True,DUPLICATE
0.3,1247,16,d,15,d,False,True,4,False,False,MATCH_OR_OTHER
0.3,946,1,u,1,u,True,False,0,False,False,MATCH_OR_OTHER
0.3,1052,6,u,6,u,True,True,1,False,False,MATCH_OR_OTHER
0.3,915,6,u,6,u,True,True,1,False,False,MATCH_OR_OTHER
0.3,1142,9,c,8,c,True,True,1,False,False,MATCH_OR_OTHER
0.3,929,11,d,10,d,False,True,2,False,False,MATCH_OR_OTHER
0.3,1219,15,c,14,c,True,True,3,True,True,DUPLICATE
0.3,1061,10,c,9,c,True,True,2,False,False,MATCH_OR_OTHER
0.3,378,11,u,11,u,True,True,2,False,False,MATCH_OR_OTHER
0.3,328,5,c,4,c,True,True,3,True,True,DUPLICATE
0.3,1179,12,u,12,u,True,True,5,False,False,MATCH_OR_OTHER
0.3,702,4,u,4,u,True,True,3,True,True,DUPLICATE
0.3,270,3,u,3,u,True,True,1,True,True,DUPLICATE
0.3,792,15,d,14,d,False,True,4,False,False,MATCH_OR_OTHER
0.3,983,9,u,9,u,True,True,2,False,False,MATCH_OR_OTHER
0.3,538,1,u,1,u,True,True,1,True,True,DUPLICATE
0.3,1198,15,u,15,u,True,True,5,False,False,MATCH_OR_OTHER
0.3,506,3,d,2,d,False,False,0,False,False,MATCH_OR_OTHER
0.3,743,14,d,13,d,False,True,5,False,False,MATCH_OR_OTHER
0.3,235,15,u,15,u,True,False,0,False,False,MATCH_OR_OTHER
0.3,5,12,c,11,c,True,True,3,False,False,MATCH_OR_OTHER
0.3,40,3,u,3,u,True,False,0,False,False,MATCH_OR_OTHER
0.3,298,6,u,6,u,True,False,0,False,False,MATCH_OR_OTHER
0.3,243,10,u,10,u,True,True,3,False,False,MATCH_OR_OTHER
0.3,410,5,u,5,u,True,True,3,True,True,DUPLICATE
0.3,780,5,u,5,u,True,True,2,False,False,MATCH_OR_OTHER
0.3,741,4,u,4,u,True,True,2,True,True,DUPLICATE
0.3,525,10,u,10,u,True,True,1,False,False,MATCH_OR_OTHER
0.3,1032,11,u,11,u,True,True,3,False,False,MATCH_OR_OTHER
0.3,692,4,u,4,u,True,True,2,True,True,DUPLICATE
0.3,1089,8,u,8,u,True,True,2,True,True,DUPLICATE
0.3,824,7,u,7,u,True,True,2,False,False,MATCH_OR_OTHER
0.3,1077,7,u,7,u,True,True,1,False,False,MATCH_OR_OTHER
0.3,336,10,u,10,u,True,True,3,True,True,DUPLICATE
0.3,278,10,u,10,u,True,True,2,False,False,MATCH_OR_OTHER
0.3,594,12,d,11,d,False,True,6,False,False,MATCH_OR_OTHER
0.3,158,6,u,6,u,True,True,2,False,False,MATCH_OR_OTHER
0.3,335,1,u,1,u,True,True,1,True,True,DUPLICATE
0.3,1146,6,u,6,u,True,True,2,True,True,DUPLICATE
0.3,171,5,u,5,u,True,True,1,False,False,MATCH_OR_OTHER
0.3,939,11,d,10,d,False,True,1,False,False,MATCH_OR_OTHER
0.3,83,6,d,5,d,False,True,2,False,False,MATCH_OR_OTHER
0.3,1246,4,d,3,d,False,False,0,False,False,MATCH_OR_OTHER
0.3,1079,3,u,3,u,True,True,2,True,True,DUPLICATE
0.3,682,3,u,3,u,True,True,1,True,True,DUPLICATE
0.3,151,11,u,11,u,True,True,3,False,False,MATCH_OR_OTHER
0.3,314,5,d,4,d,False,True,1,False,False,MATCH_OR_OTHER
0.3,839,6,u,6,u,True,True,2,True,True,DUPLICATE
0.3,351,11,u,11,u,True,True,5,True,True,DUPLICATE
0.3,706,11,c,10,c,True,True,4,False,False,MATCH_OR_OTHER
0.3,922,6,u,6,u,True,False,0,False,False,MATCH_OR_OTHER
0.3,310,1,u,1,u,True,False,0,False,False,MATCH_OR_OTHER
0.3,1123,9,d,8,d,False,True,1,False,False,MATCH_OR_OTHER
0.3,592,3,c,2,c,True,False,0,False,False,MATCH_OR_OTHER
0.3,490,16,u,16,u,True,True,7,True,True,DUPLICATE
0.3,716,2,u,2,u,True,False,0,False,False,MATCH_OR_OTHER
0.3,1157,8,u,8,u,True,True,3,True,True,DUPLICATE
0.3,969,9,u,9,u,True,True,3,False,False,MATCH_OR_OTHER
0.3,397,7,u,7,u,True,False,0,False,False,MATCH_OR_OTHER
0.3,108,5,u,5,u,True,True,1,False,False,MATCH_OR_OTHER
0.3,1200,7,u,7,u,True,True,2,False,False,MATCH_OR_OTHER
0.3,953,4,u,4,u,True,True,1,True,True,DUPLICATE
0.3,819,1,u,1,u,True,True,1,True,True,DUPLICATE
0.3,307,3,u,3,u,True,True,1,True,True,DUPLICATE
0.3,478,4,d,3,d,False,False,0,False,False,MATCH_OR_OTHER
0.3,319,4,u,4,u,True,False,0,False,False,MATCH_OR_OTHER
0.3,600,11,u,11,u,True,True,2,False,False,MATCH_OR_OTHER
0.3,1071,3,c,2,c,True,True,1,True,True,DUPLICATE
0.3,789,4,u,4,u,True,True,1,False,False,MATCH_OR_OTHER
0.3,853,6,u,6,u,True,True,2,False,False,MATCH_OR_OTHER
0.3,1174,11,u,11,u,True,True,4,True,True,DUPLICATE
0.3,402,4,c,3,c,True,True,2,True,True,DUPLICATE
0.3,770,12,d,11,d,False,True,3,False,False,MATCH_OR_OTHER
0.3,1222,3,u,3,u,True,True,1,False,False,MATCH_OR_OTHER
0.3,539,10,c,9,c,True,True,1,False,False,MATCH_OR_OTHER
0.3,1231,14,d,13,d,False,True,4,False,False,MATCH_OR_OTHER
0.3,12,8,u,8,u,True,True,2,False,False,MATCH_OR_OTHER
0.3,354,2,u,2,u,True,False,0,False,False,MATCH_OR_OTHER
0.3,895,5,c,4,c,True,True,2,False,False,MATCH_OR_OTHER
0.3,863,18,u,18,u,True,True,6,False,False,MATCH_OR_OTHER
0.3,92,13,c,12,c,True,True,3,False,False,MATCH_OR_OTHER
0.3,902,10,u,10,u,True,False,0,False,False,MATCH_OR_OTHER
0.3,56,6,c,5,c,True,True,2,True,True,DUPLICATE
0.3,1202,4,u,4,u,True,False,0,False,False,MATCH_OR_OTHER
0.3,629,5,u,5,u,True,True,1,False,False,MATCH_OR_OTHER
0.3,640,9,u,9,u,True,True,2,True,True,DUPLICATE
0.3,1243,10,u,10,u,True,True,2,False,False,MATCH_OR_OTHER
0.3,577,3,u,3,u,True,True,1,True,True,DUPLICATE
0.3,1084,13,u,13,u,True,True,4,True,True,DUPLICATE
0.3,1069,9,u,9,u,True,True,4,True,True,DUPLICATE
0.3,454,15,u,15,u,True,True,5,True,True,DUPLICATE
0.3,797,10,d,9,d,False,True,2,False,False,MATCH_OR_OTHER
0.3,1176,9,d,8,d,False,True,4,False,False,MATCH_OR_OTHER
0.3,4,1,u,1,u,True,False,0,False,False,MATCH_OR_OTHER
0.3,1218,14,d,13,d,False,True,3,False,False,MATCH_OR_OTHER
0.3,507,9,d,8,d,False,True,5,False,False,MATCH_OR_OTHER
0.3,740,9,u,9,u,True,True,1,True,True,DUPLICATE
0.3,634,8,d,7,d,False,True,4,False,False,MATCH_OR_OTHER
0.3,172,1,u,1,u,True,True,1,True,True,DUPLICATE
0.3,435,19,u,19,u,True,True,6,False,False,MATCH_OR_OTHER
0.3,471,10,u,10,u,True,True,2,False,False,MATCH_OR_OTHER
0.3,965,7,d,6,d,False,True,2,False,False,MATCH_OR_OTHER
0.3,931,8,u,8,u,True,True,3,True,True,DUPLICATE
0.3,1098,3,c,2,c,True,False,0,False,False,MATCH_OR_OTHER
0.3,45,18,u,18,u,True,True,7,False,False,MATCH_OR_OTHER
0.3,1230,8,u,8,u,True,True,2,False,False,MATCH_OR_OTHER
0.3,892,4,u,4,u,True,True,2,False,False,MATCH_OR_OTHER
0.3,123,3,u,3,u,True,True,2,False,False,MATCH_OR_OTHER
0.3,616,5,u,5,u,True,True,1,False,False,MATCH_OR_OTHER
0.3,16,4,u,4,u,True,True,1,False,False,MATCH_OR_OTHER
0.3,349,15,u,15,u,True,True,3,False,False,MATCH_OR_OTHER
0.3,181,3,u,3,u,True,False,0,False,False,MATCH_OR_OTHER
0.3,401,13,u,13,u,True,True,5,True,True,DUPLICATE
0.3,610,8,u,8,u,True,True,3,True,True,DUPLICATE
0.3,1112,15,u,15,u,True,True,8,True,True,DUPLICATE
0.3,105,8,u,8,u,True,True,5,True,True,DUPLICATE
0.3,175,7,u,7,u,True,True,3,True,True,DUPLICATE
0.3,951,2,d,1,d,False,False,0,False,False,MATCH_OR_OTHER
0.3,501,2,d,1,d,False,False,0,False,False,MATCH_OR_OTHER
0.3,866,2,u,2,u,True,True,1,False,False,MATCH_OR_OTHER
0.3,587,9,c,8,c,True,True,2,True,True,DUPLICATE
0.3,1082,5,d,4,d,False,True,2,False,False,MATCH_OR_OTHER
0.3,909,2,u,2,u,True,True,1,False,False,MATCH_OR_OTHER
0.3,818,10,d,9,d,False,True,2,False,False,MATCH_OR_OTHER
0.3,405,5,c,4,c,True,True,1,True,True,DUPLICATE
0.3,612,9,d,8,d,False,True,4,False,False,MATCH_OR_OTHER
0.3,568,2,u,2,u,True,False,0,False,False,MATCH_OR_OTHER
0.3,725,4,u,4,u,True,False,0,False,False,MATCH_OR_OTHER
0.3,130,6,u,6,u,True,True,1,False,False,MATCH_OR_OTHER
0.3,907,9,u,9,u,True,True,3,False,False,MATCH_OR_OTHER
0.3,1030,2,u,2,u,True,False,0,False,False,MATCH_OR_OTHER
0.3,494,4,u,4,u,True,True,3,True,True,DUPLICATE
0.3,628,12,u,12,u,True,True,3,False,False,MATCH_OR_OTHER
0.3,699,4,d,3,d,False,True,2,False,False,MATCH_OR_OTHER
0.3,305,8,u,8,u,True,True,3,True,True,DUPLICATE
0.3,1086,3,u,3,u,True,True,1,True,True,DUPLICATE
0.3,389,9,d,8,d,False,True,2,False,False,MATCH_OR_OTHER
0.3,928,5,u,5,u,True,True,2,False,False,MATCH_OR_OTHER
0.3,31,1,u,1,u,True,True,1,True,True,DUPLICATE
0.3,74,4,d,3,d,False,True,1,False,False,MATCH_OR_OTHER
0.3,649,3,d,2,d,False,True,1,False,False,MATCH_OR_OTHER
0.3,758,5,d,4,d,False,False,0,False,False,MATCH_OR_OTHER
0.3,331,5,u,5,u,True,True,2,False,False,MATCH_OR_OTHER
0.3,343,13,d,12,d,False,True,5,False,False,MATCH_OR_OTHER
0.3,1215,10,d,9,d,False,True,3,False,False,MATCH_OR_OTHER
0.3,1002,4,d,3,d,False,True,1,False,False,MATCH_OR_OTHER
0.3,1242,3,u,3,u,True,True,1,False,False,MATCH_OR_OTHER
0.3,1070,4,u,4,u,True,True,1,True,True,DUPLICATE
0.3,874,9,u,9,u,True,True,5,False,False,MATCH_OR_OTHER
0.3,990,7,d,6,d,False,True,2,False,False,MATCH_OR_OTHER
0.3,325,4,c,3,c,True,True,1,False,False,MATCH_OR_OTHER
0.3,1209,4,u,4,u,True,True,3,True,True,DUPLICATE
0.3,696,9,u,9,u,True,True,5,True,True,DUPLICATE
0.3,541,2,u,2,u,True,False,0,False,False,MATCH_OR_OTHER
0.3,1008,2,u,2,u,True,False,0,False,False,MATCH_OR_OTHER
0.3,225,1,u,1,u,True,False,0,False,False,MATCH_OR_OTHER
0.3,1062,2,u,2,u,True,True,2,True,True,DUPLICATE
0.3,582,4,d,3,d,False,True,2,False,False,MATCH_OR_OTHER
0.3,569,13,u,13,u,True,True,7,True,True,DUPLICATE
0.3,668,17,u,17,u,True,True,1,False,False,MATCH_OR_OTHER
0.3,1163,6,u,6,u,True,True,1,False,False,MATCH_OR_OTHER
0.3,366,3,u,3,u,True,False,0,False,False,MATCH_OR_OTHER
0.3,662,4,u,4,u,True,False,0,False,False,MATCH_OR_OTHER
0.3,1233,5,c,4,c,True,False,0,False,False,MATCH_OR_OTHER
0.3,660,4,u,4,u,True,True,1,True,True,DUPLICATE
0.3,1042,3,u,3,u,True,True,1,True,True,DUPLICATE
0.3,1018,5,c,4,c,True,True,1,False,False,MATCH_OR_OTHER
0.3,80,7,c,6,c,True,True,2,False,False,MATCH_OR_OTHER
0.3,724,8,u,8,u,True,True,3,True,True,DUPLICATE
0.3,731,9,u,9,u,True,True,3,False,False,MATCH_OR_OTHER
0.3,1017,1,u,1,u,True,False,0,False,False,MATCH_OR_OTHER
0.3,1127,5,c,4,c,True,False,0,False,False,MATCH_OR_OTHER
0.3,1122,10,d,9,d,False,True,3,False,False,MATCH_OR_OTHER
0.3,429,5,c,4,c,True,True,2,True,True,DUPLICATE
0.3,486,4,u,4,u,True,True,1,False,False,MATCH_OR_OTHER
0.3,884,4,d,3,d,False,True,1,False,False,MATCH_OR_OTHER
0.3,91,4,u,4,u,True,True,1,False,False,MATCH_OR_OTHER
0.3,222,4,u,4,u,True,True,1,False,False,MATCH_OR_OTHER
0.3,566,4,u,4,u,True,True,3,True,True,DUPLICATE
0.3,341,13,u,13,u,True,True,2,True,True,DUPLICATE
0.3,1205,9,u,9,u,True,True,4,False,False,MATCH_OR_OTHER
0.3,517,10,c,9,c,True,True,2,False,False,MATCH_OR_OTHER
0.3,678,9,u,9,u,True,True,2,False,False,MATCH_OR_OTHER
0.3,255,7,u,7,u,True,True,3,False,False,MATCH_OR_OTHER
0.3,323,2,u,2,u,True,False,0,False,False,MATCH_OR_OTHER
0.3,1225,10,d,9,d,False,True,3,False,False,MATCH_OR_OTHER
0.3,186,2,u,2,u,True,True,1,True,True,DUPLICATE
0.3,1152,1,u,1,u,True,True,1,True,True,DUPLICATE
0.3,974,7,u,7,u,True,True,1,False,False,MATCH_OR_OTHER
0.3,1237,6,u,6,u,True,True,2,False,False,MATCH_OR_OTHER
0.3,283,2,u,2,u,True,False,0,False,False,MATCH_OR_OTHER
0.3,23,5,u,5,u,True,True,1,False,False,MATCH_OR_OTHER
0.3,1060,5,u,5,u,True,True,3,False,False,MATCH_OR_OTHER
0.3,1221,9,u,9,u,True,True,6,True,True,DUPLICATE
0.3,470,6,u,6,u,True,True,4,True,True,DUPLICATE
0.3,798,10,u,10,u,True,True,4,False,False,MATCH_OR_OTHER
0.3,512,3,u,3,u,True,False,0,False,False,MATCH_OR_OTHER
0.3,193,5,u,5,u,True,True,3,True,True,DUPLICATE
0.3,364,11,u,11,u,True,True,3,False,False,MATCH_OR_OTHER
0.3,1041,3,u,3,u,True,True,3,True,True,DUPLICATE
0.3,107,2,d,1,d,False,False,0,False,False,MATCH_OR_OTHER
0.3,904,11,u,11,u,True,True,4,True,True,DUPLICATE
0.3,148,11,u,11,u,True,True,1,False,False,MATCH_OR_OTHER
0.3,782,3,u,3,u,True,False,0,False,False,MATCH_OR_OTHER
0.3,422,6,c,5,c,True,True,1,True,True,DUPLICATE
0.3,352,8,u,8,u,True,True,2,False,False,MATCH_OR_OTHER
0.3,613,2,u,2,u,True,True,1,False,False,MATCH_OR_OTHER
0.3,128,13,d,12,d,False,True,2,False,False,MATCH_OR_OTHER
0.3,1166,8,c,7,c,True,True,3,True,True,DUPLICATE
0.3,357,8,u,8,u,True,True,1,False,False,MATCH_OR_OTHER
0.3,633,3,u,3,u,True,False,0,False,False,MATCH_OR_OTHER
0.3,684,8,u,8,u,True,True,5,False,False,MATCH_OR_OTHER
0.3,644,3,u,3,u,True,True,2,True,True,DUPLICATE
0.3,89,4,u,4,u,True,True,1,False,False,MATCH_OR_OTHER
0.3,647,17,u,17,u,True,True,4,False,False,MATCH_OR_OTHER
0.3,390,12,u,12,u,True,True,5,True,True,DUPLICATE
0.3,851,4,d,3,d,False,True,2,False,False,MATCH_OR_OTHER
0.3,653,3,u,3,u,True,True,1,False,False,MATCH_OR_OTHER
0.3,1104,14,u,14,u,True,True,6,False,False,MATCH_OR_OTHER
0.3,118,10,u,10,u,True,True,3,False,False,MATCH_OR_OTHER
0.3,968,1,u,1,u,True,False,0,False,False,MATCH_OR_OTHER
0.3,451,4,u,4,u,True,False,0,False,False,MATCH_OR_OTHER
0.3,583,7,u,7,u,True,True,2,False,False,MATCH_OR_OTHER
0.3,147,4,u,4,u,True,True,1,True,True,DUPLICATE
0.3,252,2,u,2,u,True,False,0,False,False,MATCH_OR_OTHER
0.3,948,12,u,12,u,True,True,7,True,True,DUPLICATE
0.3,430,11,u,11,u,True,True,2,False,False,MATCH_OR_OTHER
0.3,1140,4,d,3,d,False,True,2,False,False,MATCH_OR_OTHER
0.3,622,6,d,5,d,False,False,0,False,False,MATCH_OR_OTHER
0.3,438,2,d,1,d,False,False,0,False,False,MATCH_OR_OTHER
0.3,488,3,u,3,u,True,True,1,False,False,MATCH_OR_OTHER
0.3,234,6,c,5,c,True,True,3,True,True,DUPLICATE
0.3,785,9,d,8,d,False,True,2,False,False,MATCH_OR_OTHER
0.3,522,5,u,5,u,True,False,0,False,False,MATCH_OR_OTHER
0.3,955,1,u,1,u,True,True,1,True,True,DUPLICATE
0.3,170,3,u,3,u,True,True,2,True,True,DUPLICATE
0.3,285,8,u,8,u,True,True,3,False,False,MATCH_OR_OTHER
0.3,121,8,d,7,d,False,True,1,False,False,MATCH_OR_OTHER
0.3,910,6,u,6,u,True,True,3,True,True,DUPLICATE
0.3,1117,5,u,5,u,True,True,1,False,False,MATCH_OR_OTHER
0.3,218,18,u,18,u,True,True,3,False,False,MATCH_OR_OTHER
0.3,20,2,u,2,u,True,False,0,False,False,MATCH_OR_OTHER
0.3,795,5,u,5,u,True,True,3,False,False,MATCH_OR_OTHER
0.3,664,7,u,7,u,True,True,4,False,False,MATCH_OR_OTHER
0.3,729,5,u,5,u,True,True,2,False,False,MATCH_OR_OTHER
0.3,440,9,d,8,d,False,True,2,False,False,MATCH_OR_OTHER
0.3,730,7,u,7,u,True,True,1,False,False,MATCH_OR_OTHER
0.3,710,2,u,2,u,True,False,0,False,False,MATCH_OR_OTHER
0.3,3,3,u,3,u,True,True,2,True,True,DUPLICATE
0.3,718,5,d,4,d,False,True,2,False,False,MATCH_OR_OTHER
0.3,484,6,u,6,u,True,True,2,False,False,MATCH_OR_OTHER
0.3,434,6,u,6,u,True,True,1,False,False,MATCH_OR_OTHER
0.3,641,15,u,15,u,True,True,5,False,False,MATCH_OR_OTHER
0.3,651,12,c,11,c,True,True,4,False,False,MATCH_OR_OTHER
0.3,79,4,u,4,u,True,True,2,False,False,MATCH_OR_OTHER
0.3,1211,11,c,10,c,True,True,2,True,True,DUPLICATE
0.3,1068,2,u,2,u,True,True,1,True,True,DUPLICATE
0.3,767,7,u,7,u,True,True,2,False,False,MATCH_OR_OTHER
0.3,1131,1,u,1,u,True,False,0,False,False,MATCH_OR_OTHER
0.3,771,6,d,5,d,False,True,1,False,False,MATCH_OR_OTHER
0.3,44,1,u,1,u,True,False,0,False,False,MATCH_OR_OTHER
0.3,808,4,u,4,u,True,True,1,False,False,MATCH_OR_OTHER
0.3,781,5,d,4,d,False,True,1,False,False,MATCH_OR_OTHER
0.3,468,2,u,2,u,True,True,1,True,True,DUPLICATE
0.3,828,27,u,27,u,True,True,4,False,False,MATCH_OR_OTHER
0.3,273,1,u,1,u,True,True,1,True,True,DUPLICATE
0.3,127,7,u,7,u,True,True,4,False,False,MATCH_OR_OTHER
0.3,750,6,u,6,u,True,True,1,False,False,MATCH_OR_OTHER
0.3,590,6,u,6,u,True,False,0,False,False,MATCH_OR_OTHER
0.3,212,3,u,3,u,True,True,1,False,False,MATCH_OR_OTHER
0.3,426,11,c,10,c,True,True,3,False,False,MATCH_OR_OTHER
0.3,830,2,d,1,d,False,False,0,False,False,MATCH_OR_OTHER
0.3,65,5,c,4,c,True,True,1,False,False,MATCH_OR_OTHER
0.3,783,9,u,9,u,True,False,0,False,False,MATCH_OR_OTHER
0.3,1226,2,u,2,u,True,False,0,False,False,MATCH_OR_OTHER
0.3,1045,14,u,14,u,True,True,1,False,False,MATCH_OR_OTHER
0.3,73,13,d,12,d,False,True,5,False,False,MATCH_OR_OTHER
0.3,1014,7,u,7,u,True,True,1,False,False,MATCH_OR_OTHER
0.3,444,2,u,2,u,True,True,1,False,False,MATCH_OR_OTHER
0.3,476,2,u,2,u,True,True,1,True,True,DUPLICATE
0.3,606,4,c,3,c,True,True,1,True,True,DUPLICATE
0.3,168,12,u,12,u,True,True,2,False,False,MATCH_OR_OTHER
0.3,297,9,u,9,u,True,True,2,False,False,MATCH_OR_OTHER
0.3,21,12,u,12,u,True,True,2,False,False,MATCH_OR_OTHER
0.3,145,9,u,9,u,True,True,1,False,False,MATCH_OR_OTHER
0.3,63,2,u,2,u,True,True,1,False,False,MATCH_OR_OTHER
0.3,271,5,d,4,d,False,True,1,False,False,MATCH_OR_OTHER
0.3,605,3,u,3,u,True,True,3,True,True,DUPLICATE
0.3,1080,8,u,8,u,True,True,1,False,False,MATCH_OR_OTHER
0.3,833,6,u,6,u,True,True,1,False,False,MATCH_OR_OTHER
0.3,245,11,u,11,u,True,True,3,False,False,MATCH_OR_OTHER
0.3,1120,5,u,5,u,True,True,2,False,False,MATCH_OR_OTHER
0.3,1206,4,d,3,d,False,True,2,False,False,MATCH_OR_OTHER
0.3,809,12,u,12,u,True,True,6,True,True,DUPLICATE
0.3,1220,13,c,12,c,True,True,5,True,True,DUPLICATE
0.3,1172,5,u,5,u,True,False,0,False,False,MATCH_OR_OTHER
0.3,611,1,u,1,u,True,True,1,True,True,DUPLICATE
0.3,236,10,u,10,u,True,True,2,False,False,MATCH_OR_OTHER
0.3,1182,11,u,11,u,True,True,2,True,True,DUPLICATE
0.3,901,4,d,3,d,False,True,1,False,False,MATCH_OR_OTHER
0.3,1229,6,u,6,u,True,True,1,False,False,MATCH_OR_OTHER
0.3,777,4,d,3,d,False,True,2,False,False,MATCH_OR_OTHER
0.3,167,1,u,1,u,True,False,0,False,False,MATCH_OR_OTHER
0.3,395,11,d,10,d,False,True,5,False,False,MATCH_OR_OTHER
0.3,768,5,d,4,d,False,True,2,False,False,MATCH_OR_OTHER
0.3,986,1,u,1,u,True,True,1,True,True,DUPLICATE
0.3,834,3,d,2,d,False,True,2,False,False,MATCH_OR_OTHER
0.3,165,10,u,10,u,True,False,0,False,False,MATCH_OR_OTHER
0.3,971,15,u,15,u,True,True,6,False,False,MATCH_OR_OTHER
0.3,1063,13,u,13,u,True,True,5,False,False,MATCH_OR_OTHER
0.3,693,11,u,11,u,True,True,3,False,False,MATCH_OR_OTHER
0.3,242,8,u,8,u,True,True,3,True,True,DUPLICATE
0.3,18,13,u,13,u,True,True,4,True,True,DUPLICATE
0.3,115,5,u,5,u,True,True,2,True,True,DUPLICATE
0.3,299,2,u,2,u,True,True,1,True,True,DUPLICATE
0.3,935,8,c,7,c,True,True,1,False,False,MATCH_OR_OTHER
0.3,1040,2,u,2,u,True,True,1,False,False,MATCH_OR_OTHER
0.3,520,3,d,2,d,False,False,0,False,False,MATCH_OR_OTHER
0.3,32,7,d,6,d,False,True,4,False,False,MATCH_OR_OTHER
0.3,620,2,u,2,u,True,True,1,False,False,MATCH_OR_OTHER
0.3,911,4,d,3,d,False,False,0,False,False,MATCH_OR_OTHER
0.3,759,15,u,15,u,True,True,3,False,False,MATCH_OR_OTHER
0.3,19,9,u,9,u,True,True,5,False,False,MATCH_OR_OTHER
0.3,109,5,u,5,u,True,True,3,True,True,DUPLICATE
0.3,936,12,u,12,u,True,True,2,False,False,MATCH_OR_OTHER
0.3,801,3,u,3,u,True,True,1,False,False,MATCH_OR_OTHER
0.3,1103,2,u,2,u,True,False,0,False,False,MATCH_OR_OTHER
0.3,381,8,u,8,u,True,True,1,False,False,MATCH_OR_OTHER
0.3,377,13,u,13,u,True,True,8,True,True,DUPLICATE
0.3,921,3,d,2,d,False,False,0,False,False,MATCH_OR_OTHER
0.3,756,6,u,6,u,True,False,0,False,False,MATCH_OR_OTHER
0.3,1223,13,u,13,u,True,True,2,False,False,MATCH_OR_OTHER
0.3,191,13,u,13,u,True,True,5,False,False,MATCH_OR_OTHER
0.3,947,7,u,7,u,True,True,1,True,True,DUPLICATE
0.3,526,4,u,4,u,True,True,2,False,False,MATCH_OR_OTHER
0.3,1075,4,d,3,d,False,True,1,False,False,MATCH_OR_OTHER
0.3,238,5,u,5,u,True,False,0,False,False,MATCH_OR_OTHER
0.3,472,4,c,3,c,True,True,1,False,False,MATCH_OR_OTHER
0.3,337,13,c,12,c,True,True,3,False,False,MATCH_OR_OTHER
0.3,1128,3,c,2,c,True,True,1,False,False,MATCH_OR_OTHER
0.3,43,14,u,14,u,True,True,3,False,False,MATCH_OR_OTHER
0.3,100,3,u,3,u,True,True,1,True,True,DUPLICATE
0.3,144,2,u,2,u,True,False,0,False,False,MATCH_OR_OTHER
0.3,793,11,u,11,u,True,True,4,False,False,MATCH_OR_OTHER
0.3,142,6,u,6,u,True,True,1,False,False,MATCH_OR_OTHER
0.3,709,14,u,14,u,True,True,4,True,True,DUPLICATE
0.3,708,17,u,17,u,True,True,6,False,False,MATCH_OR_OTHER
0.3,53,12,u,12,u,True,True,3,True,True,DUPLICATE
0.3,841,8,d,7,d,False,True,1,False,False,MATCH_OR_OTHER
0.3,843,3,u,3,u,True,True,1,True,True,DUPLICATE
0.3,1189,2,u,2,u,True,True,1,True,True,DUPLICATE
0.3,997,8,u,8,u,True,True,4,True,True,DUPLICATE
0.3,941,2,u,2,u,True,False,0,False,False,MATCH_OR_OTHER
0.3,282,13,u,13,u,True,True,6,False,False,MATCH_OR_OTHER
0.3,446,7,u,7,u,True,True,2,False,False,MATCH_OR_OTHER
0.3,700,4,u,4,u,True,True,2,False,False,MATCH_OR_OTHER
0.3,976,9,u,9,u,True,True,2,True,True,DUPLICATE
0.3,303,4,u,4,u,True,True,2,False,False,MATCH_OR_OTHER
0.3,596,3,c,2,c,True,True,1,True,True,DUPLICATE
0.3,1203,2,u,2,u,True,True,1,True,True,DUPLICATE
0.3,101,9,d,8,d,False,True,4,False,False,MATCH_OR_OTHER
0.3,196,9,d,8,d,False,True,1,False,False,MATCH_OR_OTHER
0.3,1073,12,u,12,u,True,True,2,False,False,MATCH_OR_OTHER
0.3,1034,6,u,6,u,True,True,3,False,False,MATCH_OR_OTHER
0.3,413,6,u,6,u,True,True,1,False,False,MATCH_OR_OTHER
0.3,1213,2,u,2,u,True,False,0,False,False,MATCH_OR_OTHER
0.3,570,4,u,4,u,True,True,1,False,False,MATCH_OR_OTHER
0.3,403,5,u,5,u,True,True,2,False,False,MATCH_OR_OTHER
0.3,1036,4,u,4,u,True,True,1,False,False,MATCH_OR_OTHER
0.3,883,9,u,9,u,True,True,4,False,False,MATCH_OR_OTHER
0.3,760,3,u,3,u,True,True,2,False,False,MATCH_OR_OTHER
0.3,510,6,u,6,u,True,False,0,False,False,MATCH_OR_OTHER
0.3,1099,6,u,6,u,True,True,2,False,False,MATCH_OR_OTHER
0.3,1007,9,d,8,d,False,True,4,False,False,MATCH_OR_OTHER
0.3,1049,13,u,13,u,True,True,6,True,True,DUPLICATE
0.3,1212,16,u,16,u,True,True,6,False,False,MATCH_OR_OTHER
0.3,62,9,d,8,d,False,True,3,False,False,MATCH_OR_OTHER
0.3,350,2,u,2,u,True,True,2,True,True,DUPLICATE
0.3,655,10,u,10,u,True,True,4,False,False,MATCH_OR_OTHER
0.3,1186,3,u,3,u,True,True,1,False,False,MATCH_OR_OTHER
0.3,459,16,c,15,c,True,True,4,True,True,DUPLICATE
0.3,113,7,u,7,u,True,True,1,False,False,MATCH_OR_OTHER
0.3,96,3,u,3,u,True,True,1,False,False,MATCH_OR_OTHER
0.3,293,8,u,8,u,True,True,2,False,False,MATCH_OR_OTHER
0.3,419,8,u,8,u,True,True,3,False,False,MATCH_OR_OTHER
0.3,825,2,d,1,d,False,True,1,False,False,MATCH_OR_OTHER
0.3,492,1,u,1,u,True,False,0,False,False,MATCH_OR_OTHER
0.3,1158,4,d,3,d,False,False,0,False,False,MATCH_OR_OTHER
0.3,908,2,u,2,u,True,False,0,False,False,MATCH_OR_OTHER
0.3,766,4,u,4,u,True,False,0,False,False,MATCH_OR_OTHER
0.3,28,3,u,3,u,True,False,0,False,False,MATCH_OR_OTHER
0.3,266,1,u,1,u,True,True,1,True,True,DUPLICATE
0.3,772,6,u,6,u,True,True,3,False,False,MATCH_OR_OTHER
0.3,1156,7,u,7,u,True,True,1,False,False,MATCH_OR_OTHER
0.3,60,5,d,4,d,False,True,1,False,False,MATCH_OR_OTHER
0.3,126,2,u,2,u,True,False,0,False,False,MATCH_OR_OTHER
0.3,639,16,d,15,d,False,True,4,False,False,MATCH_OR_OTHER
0.3,845,3,u,3,u,True,True,1,False,False,MATCH_OR_OTHER
0.3,694,3,u,3,u,True,False,0,False,False,MATCH_OR_OTHER
0.3,1137,6,c,5,c,True,True,2,False,False,MATCH_OR_OTHER
0.3,36,8,c,7,c,True,True,2,False,False,MATCH_OR_OTHER
0.3,897,2,u,2,u,True,True,1,True,True,DUPLICATE
0.3,791,6,u,6,u,True,False,0,False,False,MATCH_OR_OTHER
0.3,1114,6,c,5,c,True,True,1,False,False,MATCH_OR_OTHER
0.3,624,1,u,1,u,True,True,1,True,True,DUPLICATE
0.3,638,4,d,3,d,False,True,1,False,False,MATCH_OR_OTHER
0.3,1175,3,u,3,u,True,False,0,False,False,MATCH_OR_OTHER
0.3,536,5,d,4,d,False,True,1,False,False,MATCH_OR_OTHER
0.3,24,2,u,2,u,True,False,0,False,False,MATCH_OR_OTHER
0.3,814,4,u,4,u,True,True,2,False,False,MATCH_OR_OTHER
0.3,78,5,u,5,u,True,True,3,False,False,MATCH_OR_OTHER
0.3,1056,9,u,9,u,True,True,4,False,False,MATCH_OR_OTHER
0.3,308,5,u,5,u,True,True,2,True,True,DUPLICATE
0.3,1083,1,u,1,u,True,False,0,False,False,MATCH_OR_OTHER
0.3,861,3,u,3,u,True,True,1,True,True,DUPLICATE
0.3,811,7,u,7,u,True,True,2,False,False,MATCH_OR_OTHER
0.3,371,2,u,2,u,True,True,1,True,True,DUPLICATE
0.3,991,2,u,2,u,True,False,0,False,False,MATCH_OR_OTHER
0.3,275,8,u,8,u,True,True,2,False,False,MATCH_OR_OTHER
0.3,461,3,d,2,d,False,True,2,False,False,MATCH_OR_OTHER
0.3,927,5,u,5,u,True,True,2,False,False,MATCH_OR_OTHER
0.3,648,1,u,1,u,True,False,0,False,False,MATCH_OR_OTHER
0.3,392,7,u,7,u,True,True,1,False,False,MATCH_OR_OTHER
0.3,1043,6,u,6,u,True,True,3,True,True,DUPLICATE
0.3,813,4,u,4,u,True,True,2,False,False,MATCH_OR_OTHER
0.3,745,5,d,4,d,False,True,1,False,False,MATCH_OR_OTHER
0.3,672,2,d,1,d,False,False,0,False,False,MATCH_OR_OTHER
0.3,1244,5,u,5,u,True,True,2,True,True,DUPLICATE
0.3,964,1,u,1,u,True,True,1,True,True,DUPLICATE
0.3,595,9,u,9,u,True,True,5,True,True,DUPLICATE
0.3,1204,7,u,7,u,True,True,3,True,True,DUPLICATE
0.3,1252,5,u,5,u,True,True,1,False,False,MATCH_OR_OTHER
0.3,416,5,u,5,u,True,True,3,True,True,DUPLICATE
0.3,972,7,u,7,u,True,True,2,True,True,DUPLICATE
0.3,786,2,d,1,d,False,True,1,False,False,MATCH_OR_OTHER
0.3,963,5,u,5,u,True,True,3,False,False,MATCH_OR_OTHER
0.3,391,7,u,7,u,True,True,4,True,True,DUPLICATE
0.3,150,3,d,2,d,False,False,0,False,False,MATCH_OR_OTHER
0.3,345,3,c,2,c,True,True,2,True,True,DUPLICATE
0.3,967,17,u,17,u,True,True,7,True,True,DUPLICATE
0.3,1193,2,u,2,u,True,False,0,False,False,MATCH_OR_OTHER
0.3,864,7,u,7,u,True,True,4,True,True,DUPLICATE
0.3,1097,9,d,8,d,False,True,2,False,False,MATCH_OR_OTHER
0.3,755,9,c,8,c,True,True,3,True,True,DUPLICATE
0.3,199,3,u,3,u,True,False,0,False,False,MATCH_OR_OTHER
0.3,602,6,u,6,u,True,True,4,False,False,MATCH_OR_OTHER
0.3,248,7,u,7,u,True,True,3,True,True,DUPLICATE
0.3,1187,7,u,7,u,True,True,2,True,True,DUPLICATE
0.3,219,2,u,2,u,True,True,1,True,True,DUPLICATE
0.3,427,4,u,4,u,True,True,2,False,False,MATCH_OR_OTHER
0.3,887,3,u,3,u,True,False,0,False,False,MATCH_OR_OTHER
0.3,617,5,u,5,u,True,True,2,True,True,DUPLICATE
0.3,98,3,d,2,d,False,True,2,False,False,MATCH_OR_OTHER
0.3,778,3,d,2,d,False,False,0,False,False,MATCH_OR_OTHER
0.3,850,3,u,3,u,True,True,2,True,True,DUPLICATE
0.3,548,3,u,3,u,True,False,0,False,False,MATCH_OR_OTHER
0.3,588,2,u,2,u,True,False,0,False,False,MATCH_OR_OTHER
0.3,646,5,u,5,u,True,True,1,False,False,MATCH_OR_OTHER
0.3,1250,5,u,5,u,True,False,0,False,False,MATCH_OR_OTHER
0.3,1110,2,u,2,u,True,True,1,False,False,MATCH_OR_OTHER
0.3,686,8,u,8,u,True,True,1,False,False,MATCH_OR_OTHER
0.3,1106,7,u,7,u,True,True,3,True,True,DUPLICATE
0.3,1162,4,d,3,d,False,False,0,False,False,MATCH_OR_OTHER
0.3,790,5,u,5,u,True,False,0,False,False,MATCH_OR_OTHER
0.3,244,5,u,5,u,True,True,1,False,False,MATCH_OR_OTHER
0.3,2,1,u,1,u,True,False,0,False,False,MATCH_OR_OTHER
0.3,738,8,u,8,u,True,True,3,False,False,MATCH_OR_OTHER
0.3,1078,13,u,13,u,True,True,5,False,False,MATCH_OR_OTHER
0.3,637,3,d,2,d,False,False,0,False,False,MATCH_OR_OTHER
0.3,256,1,u,1,u,True,False,0,False,False,MATCH_OR_OTHER
0.3,1135,5,u,5,u,True,True,1,False,False,MATCH_OR_OTHER
0.3,190,9,u,9,u,True,True,2,True,True,DUPLICATE
0.3,178,4,u,4,u,True,False,0,False,False,MATCH_OR_OTHER
0.3,198,1,u,1,u,True,False,0,False,False,MATCH_OR_OTHER
0.3,720,2,u,2,u,True,True,1,True,True,DUPLICATE
0.3,1249,10,d,9,d,False,False,0,False,False,MATCH_OR_OTHER
0.3,987,1,u,1,u,True,False,0,False,False,MATCH_OR_OTHER
0.3,485,1,u,1,u,True,False,0,False,False,MATCH_OR_OTHER
0.3,135,5,u,5,u,True,True,1,False,False,MATCH_OR_OTHER
0.3,372,20,c,19,c,True,True,8,False,False,MATCH_OR_OTHER
0.3,93,1,u,1,u,True,False,0,False,False,MATCH_OR_OTHER
0.3,1054,4,u,4,u,True,True,1,True,True,DUPLICATE
0.3,831,4,u,4,u,True,False,0,False,False,MATCH_OR_OTHER
0.3,1001,8,u,8,u,True,True,2,False,False,MATCH_OR_OTHER
0.3,1015,8,c,7,c,True,True,2,True,True,DUPLICATE
0.3,1009,2,u,2,u,True,True,1,True,True,DUPLICATE
0.3,1240,4,u,4,u,True,True,2,True,True,DUPLICATE
0.3,934,18,u,18,u,True,True,8,True,True,DUPLICATE
0.3,615,7,u,7,u,True,True,2,False,False,MATCH_OR_OTHER
0.3,228,14,u,14,u,True,True,3,False,False,MATCH_OR_OTHER
0.3,544,7,u,7,u,True,True,3,True,True,DUPLICATE
0.3,827,7,u,7,u,True,True,2,False,False,MATCH_OR_OTHER
0.3,50,3,u,3,u,True,True,1,False,False,MATCH_OR_OTHER
0.3,46,12,u,12,u,True,True,4,False,False,MATCH_OR_OTHER
0.3,291,6,u,6,u,True,True,3,True,True,DUPLICATE
0.3,1170,6,u,6,u,True,True,3,False,False,MATCH_OR_OTHER
0.3,826,4,c,3,c,True,False,0,False,False,MATCH_OR_OTHER
0.3,258,3,u,3,u,True,False,0,False,False,MATCH_OR_OTHER
0.3,1234,9,u,9,u,True,True,1,False,False,MATCH_OR_OTHER
0.3,205,3,u,3,u,True,True,1,False,False,MATCH_OR_OTHER
0.3,184,3,d,2,d,False,False,0,False,False,MATCH_OR_OTHER
0.3,727,5,u,5,u,True,True,1,True,True,DUPLICATE
0.3,1109,4,u,4,u,True,True,2,False,False,MATCH_OR_OTHER
0.3,33,9,u,9,u,True,True,2,True,True,DUPLICATE
0.3,192,3,d,2,d,False,False,0,False,False,MATCH_OR_OTHER
0.3,579,2,d,1,d,False,False,0,False,False,MATCH_OR_OTHER
0.3,802,3,u,3,u,True,False,0,False,False,MATCH_OR_OTHER
0.3,329,4,u,4,u,True,True,2,False,False,MATCH_OR_OTHER
0.3,355,4,u,4,u,True,True,1,False,False,MATCH_OR_OTHER
0.3,1033,3,u,3,u,True,False,0,False,False,MATCH_OR_OTHER
0.3,290,4,u,4,u,True,True,1,False,False,MATCH_OR_OTHER
0.3,1183,3,u,3,u,True,True,1,True,True,DUPLICATE
0.3,645,3,u,3,u,True,False,0,False,False,MATCH_OR_OTHER
0.3,838,2,u,2,u,True,False,0,False,False,MATCH_OR_OTHER
0.3,223,9,u,9,u,True,True,3,False,False,MATCH_OR_OTHER
0.3,575,8,u,8,u,True,True,5,False,False,MATCH_OR_OTHER
0.3,373,2,u,2,u,True,False,0,False,False,MATCH_OR_OTHER
0.3,1201,7,c,6,c,True,True,1,True,True,DUPLICATE
0.3,871,4,u,4,u,True,True,3,True,True,DUPLICATE
0.3,237,6,d,5,d,False,True,2,False,False,MATCH_OR_OTHER
0.3,1208,3,u,3,u,True,True,1,True,True,DUPLICATE
0.3,794,10,d,9,d,False,True,3,False,False,MATCH_OR_OTHER
0.3,1132,4,u,4,u,True,False,0,False,False,MATCH_OR_OTHER
0.3,1031,2,u,2,u,True,False,0,False,False,MATCH_OR_OTHER
0.3,1118,7,u,7,u,True,True,3,False,False,MATCH_OR_OTHER
0.3,689,3,u,3,u,True,False,0,False,False,MATCH_OR_OTHER
0.3,1100,3,d,2,d,False,True,1,False,False,MATCH_OR_OTHER
0.3,707,2,u,2,u,True,True,1,True,True,DUPLICATE
0.3,1126,4,u,4,u,True,True,1,False,False,MATCH_OR_OTHER
0.3,502,2,u,2,u,True,False,0,False,False,MATCH_OR_OTHER
0.3,728,9,u,9,u,True,True,4,False,False,MATCH_OR_OTHER
0.3,365,11,u,11,u,True,True,1,False,False,MATCH_OR_OTHER
0.3,687,3,u,3,u,True,False,0,False,False,MATCH_OR_OTHER
0.3,549,1,u,1,u,True,False,0,False,False,MATCH_OR_OTHER
0.3,26,10,u,10,u,True,True,2,False,False,MATCH_OR_OTHER
0.3,926,2,u,2,u,True,False,0,False,False,MATCH_OR_OTHER
0.3,247,5,u,5,u,True,False,0,False,False,MATCH_OR_OTHER
0.3,114,17,u,17,u,True,True,6,False,False,MATCH_OR_OTHER
0.3,132,9,u,9,u,True,True,2,True,True,DUPLICATE
0.3,22,4,u,4,u,True,True,4,True,True,DUPLICATE
0.3,816,2,u,2,u,True,False,0,False,False,MATCH_OR_OTHER
0.3,487,7,u,7,u,True,True,3,False,False,MATCH_OR_OTHER
0.3,528,6,u,6,u,True,True,2,False,False,MATCH_OR_OTHER
0.3,409,3,u,3,u,True,False,0,False,False,MATCH_OR_OTHER
0.3,820,5,u,5,u,True,True,3,True,True,DUPLICATE
0.3,898,4,c,3,c,True,False,0,False,False,MATCH_OR_OTHER
0.3,333,8,u,8,u,True,True,5,True,True,DUPLICATE
0.3,241,3,u,3,u,True,True,2,True,True,DUPLICATE
0.3,519,6,u,6,u,True,True,3,True,True,DUPLICATE
0.3,214,6,c,5,c,True,True,2,False,False,MATCH_OR_OTHER
0.3,982,1,u,1,u,True,False,0,False,False,MATCH_OR_OTHER
0.3,448,4,u,4,u,True,True,2,True,True,DUPLICATE
0.3,362,6,u,6,u,True,True,3,False,False,MATCH_OR_OTHER
0.3,380,4,u,4,u,True,True,3,True,True,DUPLICATE
0.3,263,5,u,5,u,True,True,2,False,False,MATCH_OR_OTHER
0.3,379,3,u,3,u,True,True,1,False,False,MATCH_OR_OTHER
0.3,174,3,u,3,u,True,True,1,False,False,MATCH_OR_OTHER
0.3,322,5,u,5,u,True,True,2,False,False,MATCH_OR_OTHER
0.3,1119,8,d,7,d,False,True,3,False,False,MATCH_OR_OTHER
0.3,201,2,d,1,d,False,True,1,False,False,MATCH_OR_OTHER
0.3,1139,2,u,2,u,True,False,0,False,False,MATCH_OR_OTHER
0.3,984,2,u,2,u,True,True,2,True,True,DUPLICATE
0.3,788,4,u,4,u,True,True,2,True,True,DUPLICATE
0.3,1016,6,u,6,u,True,True,1,False,False,MATCH_OR_OTHER
0.3,844,10,u,10,u,True,True,2,False,False,MATCH_OR_OTHER
0.3,509,1,u,1,u,True,False,0,False,False,MATCH_OR_OTHER
0.3,9,5,u,5,u,True,True,1,False,False,MATCH_OR_OTHER
0.3,1210,4,u,4,u,True,False,0,False,False,MATCH_OR_OTHER
0.3,202,6,u,6,u,True,True,1,True,True,DUPLICATE
0.3,140,3,u,3,u,True,False,0,False,False,MATCH_OR_OTHER
0.3,318,3,u,3,u,True,True,1,False,False,MATCH_OR_OTHER
0.3,289,1,u,1,u,True,True,1,True,True,DUPLICATE
0.3,51,2,u,2,u,True,False,0,False,False,MATCH_OR_OTHER
0.3,860,6,u,6,u,True,True,3,True,True,DUPLICATE
0.3,394,2,u,2,u,True,True,1,False,False,MATCH_OR_OTHER
0.3,246,7,c,6,c,True,True,2,False,False,MATCH_OR_OTHER
0.3,369,11,u,11,u,True,True,2,False,False,MATCH_OR_OTHER
0.3,423,22,u,22,u,True,True,7,True,True,DUPLICATE
0.3,25,1,u,1,u,True,False,0,False,False,MATCH_OR_OTHER
0.3,99,2,d,1,d,False,False,0,False,False,MATCH_OR_OTHER
0.3,775,10,d,9,d,False,True,3,False,False,MATCH_OR_OTHER
0.3,870,3,u,3,u,True,True,1,False,False,MATCH_OR_OTHER
0.3,764,4,u,4,u,True,True,1,False,False,MATCH_OR_OTHER
0.3,837,6,d,5,d,False,True,2,False,False,MATCH_OR_OTHER
0.3,169,3,u,3,u,True,True,2,False,False,MATCH_OR_OTHER
0.3,356,3,u,3,u,True,True,2,True,True,DUPLICATE
0.3,973,14,u,14,u,True,True,6,True,True,DUPLICATE
0.3,627,2,u,2,u,True,True,1,False,False,MATCH_OR_OTHER
0.3,636,3,u,3,u,True,True,2,False,False,MATCH_OR_OTHER
0.3,1134,2,u,2,u,True,True,1,True,True,DUPLICATE
0.3,262,3,u,3,u,True,False,0,False,False,MATCH_OR_OTHER
0.3,547,1,u,1,u,True,False,0,False,False,MATCH_OR_OTHER
0.3,779,4,c,3,c,True,False,0,False,False,MATCH_OR_OTHER
0.3,546,4,d,3,d,False,False,0,False,False,MATCH_OR_OTHER
0.3,473,1,u,1,u,True,False,0,False,False,MATCH_OR_OTHER
0.3,154,3,u,3,u,True,True,1,False,False,MATCH_OR_OTHER
0.3,619,12,u,12,u,True,True,4,False,False,MATCH_OR_OTHER
0.3,55,11,u,11,u,True,True,2,False,False,MATCH_OR_OTHER
0.3,992,5,u,5,u,True,False,0,False,False,MATCH_OR_OTHER
0.3,1020,1,u,1,u,True,False,0,False,False,MATCH_OR_OTHER
0.3,1155,1,u,1,u,True,False,0,False,False,MATCH_OR_OTHER
0.3,166,2,u,2,u,True,False,0,False,False,MATCH_OR_OTHER
0.3,1059,8,d,7,d,False,True,3,False,False,MATCH_OR_OTHER
0.3,1228,5,u,5,u,True,False,0,False,False,MATCH_OR_OTHER
0.3,564,11,u,11,u,True,True,3,False,False,MATCH_OR_OTHER
0.3,398,3,u,3,u,True,True,2,False,False,MATCH_OR_OTHER
0.3,339,2,u,2,u,True,True,1,False,False,MATCH_OR_OTHER
0.3,415,2,u,2,u,True,True,1,True,True,DUPLICATE
0.3,229,3,u,3,u,True,True,1,True,True,DUPLICATE
0.3,530,7,u,7,u,True,True,3,True,True,DUPLICATE
0.3,852,3,d,2,d,False,True,1,False,False,MATCH_OR_OTHER
0.3,558,8,d,7,d,False,True,4,False,False,MATCH_OR_OTHER
0.3,804,9,u,9,u,True,True,3,False,False,MATCH_OR_OTHER
0.3,155,9,u,9,u,True,True,1,False,False,MATCH_OR_OTHER
0.3,14,8,u,8,u,True,True,3,True,True,DUPLICATE
0.3,489,8,u,8,u,True,True,2,False,False,MATCH_OR_OTHER
0.3,1005,5,u,5,u,True,True,2,True,True,DUPLICATE
0.3,143,6,u,6,u,True,True,2,True,True,DUPLICATE
0.3,1235,10,u,10,u,True,True,4,True,True,DUPLICATE
0.3,58,5,u,5,u,True,False,0,False,False,MATCH_OR_OTHER
0.3,396,1,u,1,u,True,False,0,False,False,MATCH_OR_OTHER
0.3,1188,3,u,3,u,True,True,2,True,True,DUPLICATE
0.3,230,3,u,3,u,True,True,1,False,False,MATCH_OR_OTHER
0.3,975,4,c,3,c,True,True,3,True,True,DUPLICATE
0.3,970,4,u,4,u,True,True,2,False,False,MATCH_OR_OTHER
0.3,432,7,u,7,u,True,True,2,True,True,DUPLICATE
0.3,654,10,u,10,u,True,True,4,True,True,DUPLICATE
0.3,106,2,u,2,u,True,False,0,False,False,MATCH_OR_OTHER
0.3,1111,7,u,7,u,True,True,1,False,False,MATCH_OR_OTHER
0.3,589,2,u,2,u,True,True,1,False,False,MATCH_OR_OTHER
0.3,989,5,u,5,u,True,True,2,False,False,MATCH_OR_OTHER
0.3,603,2,u,2,u,True,True,1,True,True,DUPLICATE
0.3,742,7,d,6,d,False,True,1,False,False,MATCH_OR_OTHER
0.3,1092,7,u,7,u,True,True,2,False,False,MATCH_OR_OTHER
0.3,625,8,d,7,d,False,True,4,False,False,MATCH_OR_OTHER
0.3,650,2,u,2,u,True,True,2,True,True,DUPLICATE
0.3,206,9,u,9,u,True,True,5,True,True,DUPLICATE
0.3,493,5,u,5,u,True,True,1,True,True,DUPLICATE
0.3,1129,2,d,1,d,False,False,0,False,False,MATCH_OR_OTHER
0.3,807,5,c,4,c,True,True,3,True,True,DUPLICATE
0.3,481,2,u,2,u,True,True,1,True,True,DUPLICATE
0.3,1165,3,c,2,c,True,True,1,True,True,DUPLICATE
0.3,361,1,u,1,u,True,True,1,True,True,DUPLICATE
0.3,552,7,u,7,u,True,True,2,True,True,DUPLICATE
0.3,516,3,u,3,u,True,False,0,False,False,MATCH_OR_OTHER
0.3,326,2,u,2,u,True,True,1,False,False,MATCH_OR_OTHER
0.3,39,5,u,5,u,True,True,1,False,False,MATCH_OR_OTHER
0.3,68,4,u,4,u,True,True,3,True,True,DUPLICATE
0.3,732,2,d,1,d,False,False,0,False,False,MATCH_OR_OTHER
0.3,551,6,u,6,u,True,True,3,False,False,MATCH_OR_OTHER
0.3,1022,5,c,4,c,True,True,2,True,True,DUPLICATE
0.3,321,7,u,7,u,True,True,2,True,True,DUPLICATE
0.3,418,10,u,10,u,True,True,1,False,False,MATCH_OR_OTHER
0.3,1256,6,u,6,u,True,True,1,True,True,DUPLICATE
0.3,1076,2,u,2,u,True,True,2,True,True,DUPLICATE
0.3,945,14,d,13,d,False,True,2,False,False,MATCH_OR_OTHER
0.3,64,6,u,6,u,True,True,2,True,True,DUPLICATE
0.3,1088,10,u,10,u,True,True,6,False,False,MATCH_OR_OTHER
0.3,958,4,u,4,u,True,True,1,False,False,MATCH_OR_OTHER
0.3,1115,6,u,6,u,True,True,3,False,False,MATCH_OR_OTHER
0.3,347,2,u,2,u,True,False,0,False,False,MATCH_OR_OTHER
0.3,367,4,u,4,u,True,True,1,True,True,DUPLICATE
0.3,803,6,u,6,u,True,True,1,False,False,MATCH_OR_OTHER
0.3,733,5,u,5,u,True,True,3,True,True,DUPLICATE
0.3,1057,3,c,2,c,True,False,0,False,False,MATCH_OR_OTHER
0.3,185,7,u,7,u,True,True,3,True,True,DUPLICATE
0.3,442,1,u,1,u,True,False,0,False,False,MATCH_OR_OTHER
0.3,311,5,u,5,u,True,True,2,False,False,MATCH_OR_OTHER
0.3,1260,3,u,3,u,True,False,0,False,False,MATCH_OR_OTHER
0.3,1035,2,u,2,u,True,True,1,False,False,MATCH_OR_OTHER
0.3,233,16,d,15,d,False,True,4,False,False,MATCH_OR_OTHER
0.3,34,1,u,1,u,True,True,1,True,True,DUPLICATE
0.3,879,1,u,1,u,True,False,0,False,False,MATCH_OR_OTHER
0.3,980,7,u,7,u,True,True,2,True,True,DUPLICATE
0.3,159,3,u,3,u,True,True,1,False,False,MATCH_OR_OTHER
0.3,817,3,u,3,u,True,False,0,False,False,MATCH_OR_OTHER
0.3,657,2,d,1,d,False,False,0,False,False,MATCH_OR_OTHER
0.3,559,3,u,3,u,True,True,2,True,True,DUPLICATE
0.3,784,5,u,5,u,True,True,2,True,True,DUPLICATE
0.3,555,16,u,16,u,True,True,4,False,False,MATCH_OR_OTHER
0.3,954,2,u,2,u,True,True,1,False,False,MATCH_OR_OTHER
0.3,1241,13,u,13,u,True,True,3,False,False,MATCH_OR_OTHER
0.3,1,3,u,3,u,True,False,0,False,False,MATCH_OR_OTHER
0.3,102,3,d,2,d,False,False,0,False,False,MATCH_OR_OTHER
0.3,885,9,u,9,u,True,True,2,False,False,MATCH_OR_OTHER
0.3,1024,2,u,2,u,True,True,1,False,False,MATCH_OR_OTHER
0.3,220,5,u,5,u,True,True,1,False,False,MATCH_OR_OTHER
0.3,1108,4,u,4,u,True,True,1,False,False,MATCH_OR_OTHER
0.3,17,4,d,3,d,False,True,2,False,False,MATCH_OR_OTHER
0.3,54,8,d,7,d,False,True,3,False,False,MATCH_OR_OTHER
0.3,1090,2,u,2,u,True,False,0,False,False,MATCH_OR_OTHER
0.3,523,3,u,3,u,True,True,1,False,False,MATCH_OR_OTHER
0.3,1245,5,u,5,u,True,False,0,False,False,MATCH_OR_OTHER
0.3,859,1,u,1,u,True,False,0,False,False,MATCH_OR_OTHER
0.3,279,4,u,4,u,True,True,2,True,True,DUPLICATE
0.3,712,8,u,8,u,True,True,5,False,False,MATCH_OR_OTHER
0.3,284,6,u,6,u,True,True,3,True,True,DUPLICATE
0.3,618,6,u,6,u,True,True,4,True,True,DUPLICATE
0.3,75,3,d,2,d,False,True,1,False,False,MATCH_OR_OTHER
0.3,658,10,u,10,u,True,True,2,False,False,MATCH_OR_OTHER
0.3,914,1,u,1,u,True,True,1,True,True,DUPLICATE
0.3,1094,1,u,1,u,True,False,0,False,False,MATCH_OR_OTHER
0.3,88,4,u,4,u,True,False,0,False,False,MATCH_OR_OTHER
0.3,208,3,u,3,u,True,True,1,False,False,MATCH_OR_OTHER
0.3,832,2,d,1,d,False,False,0,False,False,MATCH_OR_OTHER
0.3,642,7,d,6,d,False,True,1,False,False,MATCH_OR_OTHER
0.3,829,4,u,4,u,True,True,1,True,True,DUPLICATE
0.3,466,3,u,3,u,True,False,0,False,False,MATCH_OR_OTHER
0.3,949,2,d,1,d,False,False,0,False,False,MATCH_OR_OTHER
0.3,537,3,u,3,u,True,False,0,False,False,MATCH_OR_OTHER
0.3,1232,11,c,10,c,True,True,4,False,False,MATCH_OR_OTHER
0.3,800,1,u,1,u,True,False,0,False,False,MATCH_OR_OTHER
0.3,294,4,u,4,u,True,True,3,True,True,DUPLICATE
0.3,601,5,u,5,u,True,True,1,False,False,MATCH_OR_OTHER
0.3,1066,1,u,1,u,True,False,0,False,False,MATCH_OR_OTHER
0.3,584,6,u,6,u,True,True,1,False,False,MATCH_OR_OTHER
0.3,698,4,u,4,u,True,True,2,False,False,MATCH_OR_OTHER
0.3,1169,3,d,2,d,False,True,1,False,False,MATCH_OR_OTHER
0.3,521,2,u,2,u,True,False,0,False,False,MATCH_OR_OTHER
0.3,103,4,u,4,u,True,True,1,True,True,DUPLICATE
0.3,1067,2,u,2,u,True,False,0,False,False,MATCH_OR_OTHER
0.3,518,3,u,3,u,True,True,1,False,False,MATCH_OR_OTHER
0.3,757,9,u,9,u,True,True,3,True,True,DUPLICATE
0.3,239,2,u,2,u,True,True,1,True,True,DUPLICATE
0.3,1087,1,u,1,u,True,True,1,True,True,DUPLICATE
0.3,1039,2,u,2,u,True,True,1,False,False,MATCH_OR_OTHER
0.3,1207,9,u,9,u,True,True,2,False,False,MATCH_OR_OTHER
0.3,787,5,u,5,u,True,True,2,True,True,DUPLICATE
0.3,858,8,c,7,c,True,True,3,True,True,DUPLICATE
0.3,479,7,u,7,u,True,True,3,False,False,MATCH_OR_OTHER
0.3,292,1,u,1,u,True,False,0,False,False,MATCH_OR_OTHER
0.3,920,6,u,6,u,True,True,2,False,False,MATCH_OR_OTHER
0.3,565,3,d,2,d,False,True,1,False,False,MATCH_OR_OTHER
0.3,447,6,d,5,d,False,False,0,False,False,MATCH_OR_OTHER
0.3,1130,3,c,2,c,True,False,0,False,False,MATCH_OR_OTHER
0.3,711,1,u,1,u,True,True,1,True,True,DUPLICATE
0.3,661,3,u,3,u,True,True,2,False,False,MATCH_OR_OTHER
0.3,736,5,d,4,d,False,True,1,False,False,MATCH_OR_OTHER
0.3,925,4,u,4,u,True,True,1,False,False,MATCH_OR_OTHER
0.3,462,2,u,2,u,True,False,0,False,False,MATCH_OR_OTHER
0.3,1259,11,u,11,u,True,True,4,True,True,DUPLICATE
0.3,1254,6,d,5,d,False,False,0,False,False,MATCH_OR_OTHER
0.3,67,3,d,2,d,False,False,0,False,False,MATCH_OR_OTHER
0.3,1217,2,u,2,u,True,True,1,True,True,DUPLICATE
0.3,586,3,d,2,d,False,False,0,False,False,MATCH_OR_OTHER
0.3,746,1,u,1,u,True,False,0,False,False,MATCH_OR_OTHER
0.3,608,7,u,7,u,True,True,1,False,False,MATCH_OR_OTHER
0.3,312,1,u,1,u,True,True,1,True,True,DUPLICATE
0.3,842,4,u,4,u,True,False,0,False,False,MATCH_OR_OTHER
0.3,913,5,u,5,u,True,True,1,False,False,MATCH_OR_OTHER
0.3,29,5,d,4,d,False,True,1,False,False,MATCH_OR_OTHER
0.3,697,3,d,2,d,False,True,1,False,False,MATCH_OR_OTHER
0.3,342,1,u,1,u,True,False,0,False,False,MATCH_OR_OTHER
0.3,1011,3,d,2,d,False,False,0,False,False,MATCH_OR_OTHER
0.3,1197,6,u,6,u,True,True,2,True,True,DUPLICATE
0.3,1153,1,u,1,u,True,False,0,False,False,MATCH_OR_OTHER
0.3,42,3,u,3,u,True,True,1,True,True,DUPLICATE
0.3,701,6,u,6,u,True,False,0,False,False,MATCH_OR_OTHER
0.3,59,3,u,3,u,True,True,2,True,True,DUPLICATE
0.3,81,1,u,1,u,True,True,1,True,True,DUPLICATE
0.3,669,2,u,2,u,True,False,0,False,False,MATCH_OR_OTHER
0.3,888,2,u,2,u,True,False,0,False,False,MATCH_OR_OTHER
0.3,7,4,u,4,u,True,False,0,False,False,MATCH_OR_OTHER
0.3,932,1,u,1,u,True,False,0,False,False,MATCH_OR_OTHER
0.3,37,3,u,3,u,True,True,2,True,True,DUPLICATE
0.3,886,8,u,8,u,True,True,4,False,False,MATCH_OR_OTHER
0.3,87,3,d,2,d,False,False,0,False,False,MATCH_OR_OTHER
0.3,452,4,u,4,u,True,False,0,False,False,MATCH_OR_OTHER
0.3,1121,1,u,1,u,True,False,0,False,False,MATCH_OR_OTHER
0.3,125,6,d,5,d,False,False,0,False,False,MATCH_OR_OTHER
0.3,815,8,u,8,u,True,True,2,False,False,MATCH_OR_OTHER
0.3,581,4,u,4,u,True,False,0,False,False,MATCH_OR_OTHER
0.3,1028,3,u,3,u,True,False,0,False,False,MATCH_OR_OTHER
0.3,912,2,u,2,u,True,False,0,False,False,MATCH_OR_OTHER
0.3,868,2,u,2,u,True,False,0,False,False,MATCH_OR_OTHER
0.3,680,3,u,3,u,True,True,1,False,False,MATCH_OR_OTHER
0.3,1065,3,u,3,u,True,True,2,False,False,MATCH_OR_OTHER
0.3,136,5,c,4,c,True,False,0,False,False,MATCH_OR_OTHER
0.3,1239,3,u,3,u,True,True,1,False,False,MATCH_OR_OTHER
0.3,677,1,u,1,u,True,False,0,False,False,MATCH_OR_OTHER
0.3,76,6,d,5,d,False,False,0,False,False,MATCH_OR_OTHER
0.3,231,3,u,3,u,True,True,2,True,True,DUPLICATE
0.3,995,4,u,4,u,True,True,1,False,False,MATCH_OR_OTHER
0.3,221,3,d,2,d,False,False,0,False,False,MATCH_OR_OTHER
0.3,359,5,u,5,u,True,True,3,True,True,DUPLICATE
0.3,703,1,u,1,u,True,False,0,False,False,MATCH_OR_OTHER
0.3,940,2,u,2,u,True,True,1,False,False,MATCH_OR_OTHER
0.3,643,1,u,1,u,True,False,0,False,False,MATCH_OR_OTHER
0.3,1180,2,u,2,u,True,True,1,False,False,MATCH_OR_OTHER
0.3,500,4,d,3,d,False,True,1,False,False,MATCH_OR_OTHER
0.3,773,4,u,4,u,True,True,2,True,True,DUPLICATE
0.3,226,8,u,8,u,True,True,2,False,False,MATCH_OR_OTHER
0.3,453,7,u,7,u,True,True,2,False,False,MATCH_OR_OTHER
0.3,557,2,u,2,u,True,False,0,False,False,MATCH_OR_OTHER
0.3,906,4,u,4,u,True,True,2,True,True,DUPLICATE
0.3,1184,9,u,9,u,True,True,1,False,False,MATCH_OR_OTHER
0.3,332,11,u,11,u,True,True,7,True,True,DUPLICATE
0.3,457,2,u,2,u,True,False,0,False,False,MATCH_OR_OTHER
0.3,876,1,u,1,u,True,False,0,False,False,MATCH_OR_OTHER
0.3,72,1,u,1,u,True,True,1,True,True,DUPLICATE
0.3,550,1,u,1,u,True,False,0,False,False,MATCH_OR_OTHER
0.3,561,6,u,6,u,True,True,2,False,False,MATCH_OR_OTHER
0.3,1091,3,u,3,u,True,True,1,False,False,MATCH_OR_OTHER
0.3,157,4,u,4,u,True,False,0,False,False,MATCH_OR_OTHER
0.3,187,3,u,3,u,True,True,1,False,False,MATCH_OR_OTHER
0.3,428,3,c,2,c,True,False,0,False,False,MATCH_OR_OTHER
0.3,465,4,d,3,d,False,False,0,False,False,MATCH_OR_OTHER
0.3,417,4,u,4,u,True,False,0,False,False,MATCH_OR_OTHER
0.3,375,1,u,1,u,True,False,0,False,False,MATCH_OR_OTHER
0.3,635,2,u,2,u,True,True,1,False,False,MATCH_OR_OTHER
0.3,164,8,u,8,u,True,True,2,False,False,MATCH_OR_OTHER
0.3,385,1,u,1,u,True,True,1,True,True,DUPLICATE
0.3,979,2,d,1,d,False,False,0,False,False,MATCH_OR_OTHER
0.3,1048,4,u,4,u,True,True,2,False,False,MATCH_OR_OTHER
0.3,30,7,u,7,u,True,True,3,False,False,MATCH_OR_OTHER
0.3,1251,3,u,3,u,True,False,0,False,False,MATCH_OR_OTHER
0.3,1216,2,u,2,u,True,False,0,False,False,MATCH_OR_OTHER
0.3,529,5,u,5,u,True,True,1,True,True,DUPLICATE
0.3,433,3,d,2,d,False,False,0,False,False,MATCH_OR_OTHER
0.3,799,7,u,7,u,True,True,2,False,False,MATCH_OR_OTHER
0.3,1147,1,u,1,u,True,False,0,False,False,MATCH_OR_OTHER
0.3,882,6,d,5,d,False,True,3,False,False,MATCH_OR_OTHER
0.3,670,3,d,2,d,False,True,1,False,False,MATCH_OR_OTHER
0.3,917,6,u,6,u,True,False,0,False,False,MATCH_OR_OTHER
0.3,1113,3,u,3,u,True,True,1,True,True,DUPLICATE
0.3,721,3,d,2,d,False,False,0,False,False,MATCH_OR_OTHER
0.3,717,6,u,6,u,True,True,2,True,True,DUPLICATE
0.3,513,1,u,1,u,True,False,0,False,False,MATCH_OR_OTHER
0.3,1051,3,u,3,u,True,True,1,False,False,MATCH_OR_OTHER
0.3,320,3,u,3,u,True,True,1,False,False,MATCH_OR_OTHER
0.3,272,5,u,5,u,True,True,3,True,True,DUPLICATE
0.3,840,1,u,1,u,True,True,1,True,True,DUPLICATE
0.3,77,1,u,1,u,True,False,0,False,False,MATCH_OR_OTHER
0.3,985,2,u,2,u,True,True,1,True,True,DUPLICATE
0.3,881,8,u,8,u,True,True,2,True,True,DUPLICATE
0.3,515,3,u,3,u,True,True,1,False,False,MATCH_OR_OTHER
0.3,475,3,u,3,u,True,False,0,False,False,MATCH_OR_OTHER
0.3,585,4,u,4,u,True,True,1,False,False,MATCH_OR_OTHER
0.3,460,2,u,2,u,True,False,0,False,False,MATCH_OR_OTHER
0.3,981,1,u,1,u,True,False,0,False,False,MATCH_OR_OTHER
0.3,1224,2,u,2,u,True,False,0,False,False,MATCH_OR_OTHER
0.3,116,7,u,7,u,True,True,4,True,True,DUPLICATE
0.3,959,1,u,1,u,True,False,0,False,False,MATCH_OR_OTHER
0.3,553,1,u,1,u,True,False,0,False,False,MATCH_OR_OTHER
0.3,393,3,u,3,u,True,False,0,False,False,MATCH_OR_OTHER
0.3,776,7,u,7,u,True,True,3,True,True,DUPLICATE
0.3,774,1,u,1,u,True,True,1,True,True,DUPLICATE
0.3,211,9,u,9,u,True,True,2,False,False,MATCH_OR_OTHER
0.3,138,1,u,1,u,True,False,0,False,False,MATCH_OR_OTHER
0.3,374,3,u,3,u,True,False,0,False,False,MATCH_OR_OTHER
0.3,249,3,d,2,d,False,True,1,False,False,MATCH_OR_OTHER
0.3,571,1,u,1,u,True,False,0,False,False,MATCH_OR_OTHER
0.3,463,2,d,1,d,False,True,1,False,False,MATCH_OR_OTHER
0.3,854,5,d,4,d,False,True,2,False,False,MATCH_OR_OTHER
0.3,1026,3,d,2,d,False,True,2,False,False,MATCH_OR_OTHER
0.3,207,1,u,1,u,True,True,1,True,True,DUPLICATE
0.3,1058,2,u,2,u,True,False,0,False,False,MATCH_OR_OTHER
0.3,593,7,c,6,c,True,True,1,False,False,MATCH_OR_OTHER
0.3,735,3,u,3,u,True,True,1,False,False,MATCH_OR_OTHER
0.3,877,3,d,2,d,False,False,0,False,False,MATCH_OR_OTHER
0.3,177,4,u,4,u,True,True,2,False,False,MATCH_OR_OTHER
0.3,867,4,u,4,u,True,True,3,False,False,MATCH_OR_OTHER
0.3,441,2,d,1,d,False,True,1,False,False,MATCH_OR_OTHER
0.3,215,1,u,1,u,True,False,0,False,False,MATCH_OR_OTHER
0.3,1145,1,u,1,u,True,True,1,True,True,DUPLICATE
0.3,1167,3,u,3,u,True,True,2,True,True,DUPLICATE
0.3,90,6,u,6,u,True,True,6,True,True,DUPLICATE
0.3,812,3,u,3,u,True,False,0,False,False,MATCH_OR_OTHER
0.3,704,4,u,4,u,True,True,2,True,True,DUPLICATE
0.3,763,2,d,1,d,False,False,0,False,False,MATCH_OR_OTHER
0.3,540,3,u,3,u,True,False,0,False,False,MATCH_OR_OTHER
0.3,317,3,u,3,u,True,False,0,False,False,MATCH_OR_OTHER
0.3,607,3,u,3,u,True,True,1,False,False,MATCH_OR_OTHER
0.3,173,4,u,4,u,True,True,3,True,True,DUPLICATE
0.3,960,6,u,6,u,True,False,0,False,False,MATCH_OR_OTHER
0.3,865,5,u,5,u,True,True,1,False,False,MATCH_OR_OTHER
0.3,133,2,u,2,u,True,True,1,True,True,DUPLICATE
0.3,445,3,u,3,u,True,True,1,False,False,MATCH_OR_OTHER
0.3,1143,2,d,1,d,False,False,0,False,False,MATCH_OR_OTHER
0.3,1019,3,u,3,u,True,True,1,True,True,DUPLICATE
0.3,251,1,u,1,u,True,False,0,False,False,MATCH_OR_OTHER
0.3,420,3,u,3,u,True,True,1,False,False,MATCH_OR_OTHER
0.3,713,3,u,3,u,True,True,1,False,False,MATCH_OR_OTHER
0.3,250,4,u,4,u,True,False,0,False,False,MATCH_OR_OTHER
0.3,183,2,u,2,u,True,True,1,False,False,MATCH_OR_OTHER
0.3,1037,4,d,3,d,False,False,0,False,False,MATCH_OR_OTHER
0.3,386,1,u,1,u,True,False,0,False,False,MATCH_OR_OTHER
0.3,604,1,u,1,u,True,True,1,True,True,DUPLICATE
0.3,324,2,d,1,d,False,True,1,False,False,MATCH_OR_OTHER
0.3,146,1,u,1,u,True,False,0,False,False,MATCH_OR_OTHER
0.3,482,2,u,2,u,True,False,0,False,False,MATCH_OR_OTHER
0.3,313,2,d,1,d,False,False,0,False,False,MATCH_OR_OTHER
0.3,189,2,u,2,u,True,False,0,False,False,MATCH_OR_OTHER
0.3,265,1,u,1,u,True,False,0,False,False,MATCH_OR_OTHER
0.3,944,3,u,3,u,True,True,1,True,True,DUPLICATE
0.3,437,2,u,2,u,True,True,1,False,False,MATCH_OR_OTHER
0.3,957,1,u,1,u,True,True,1,True,True,DUPLICATE
0.3,574,7,u,7,u,True,True,2,True,True,DUPLICATE
0.3,923,2,u,2,u,True,False,0,False,False,MATCH_OR_OTHER
0.3,675,4,u,4,u,True,True,2,True,True,DUPLICATE
0.3,1004,1,u,1,u,True,False,0,False,False,MATCH_OR_OTHER
0.3,1101,3,u,3,u,True,False,0,False,False,MATCH_OR_OTHER
0.3,1136,6,u,6,u,True,True,1,True,True,DUPLICATE
0.3,1141,2,d,1,d,False,False,0,False,False,MATCH_OR_OTHER
0.3,737,9,u,9,u,True,True,3,True,True,DUPLICATE
0.3,805,3,c,2,c,True,False,0,False,False,MATCH_OR_OTHER
0.3,856,4,d,3,d,False,True,2,False,False,MATCH_OR_OTHER
0.3,1044,2,d,1,d,False,True,1,False,False,MATCH_OR_OTHER
0.3,276,1,u,1,u,True,False,0,False,False,MATCH_OR_OTHER
0.3,905,3,u,3,u,True,True,1,False,False,MATCH_OR_OTHER
0.3,532,1,u,1,u,True,False,0,False,False,MATCH_OR_OTHER
0.3,141,2,u,2,u,True,False,0,False,False,MATCH_OR_OTHER
0.3,474,2,u,2,u,True,True,1,False,False,MATCH_OR_OTHER
0.3,306,2,u,2,u,True,True,1,True,True,DUPLICATE
0.3,203,1,u,1,u,True,False,0,False,False,MATCH_OR_OTHER
0.3,1003,3,u,3,u,True,True,1,False,False,MATCH_OR_OTHER
0.3,254,1,u,1,u,True,False,0,False,False,MATCH_OR_OTHER
0.3,38,1,u,1,u,True,False,0,False,False,MATCH_OR_OTHER
0.3,406,1,u,1,u,True,False,0,False,False,MATCH_OR_OTHER
0.3,744,3,u,3,u,True,False,0,False,False,MATCH_OR_OTHER
0.3,933,1,u,1,u,True,False,0,False,False,MATCH_OR_OTHER
0.3,937,2,u,2,u,True,False,0,False,False,MATCH_OR_OTHER
0.3,455,5,u,5,u,True,True,1,False,False,MATCH_OR_OTHER
0.3,137,4,u,4,u,True,True,1,False,False,MATCH_OR_OTHER
0.3,534,2,u,2,u,True,True,1,True,True,DUPLICATE
0.3,280,2,u,2,u,True,False,0,False,False,MATCH_OR_OTHER
0.3,1027,3,u,3,u,True,True,1,True,True,DUPLICATE
0.3,1190,2,d,1,d,False,True,1,False,False,MATCH_OR_OTHER
0.3,259,3,u,3,u,True,False,0,False,False,MATCH_OR_OTHER
0.3,1171,5,u,5,u,True,True,4,True,True,DUPLICATE
0.3,1199,1,u,1,u,True,False,0,False,False,MATCH_OR_OTHER
0.3,1151,2,u,2,u,True,False,0,False,False,MATCH_OR_OTHER
0.3,821,2,u,2,u,True,True,1,True,True,DUPLICATE
0.3,891,3,d,2,d,False,True,1,False,False,MATCH_OR_OTHER
0.3,1227,3,u,3,u,True,True,2,False,False,MATCH_OR_OTHER
0.3,57,2,u,2,u,True,True,1,True,True,DUPLICATE
0.3,993,1,u,1,u,True,True,1,True,True,DUPLICATE
0.3,498,1,u,1,u,True,False,0,False,False,MATCH_OR_OTHER
0.3,903,6,u,6,u,True,True,2,False,False,MATCH_OR_OTHER
0.3,765,1,u,1,u,True,False,0,False,False,MATCH_OR_OTHER
0.3,334,6,d,5,d,False,True,1,False,False,MATCH_OR_OTHER
0.3,384,3,u,3,u,True,False,0,False,False,MATCH_OR_OTHER
0.3,264,4,u,4,u,True,True,1,False,False,MATCH_OR_OTHER
0.3,999,6,u,6,u,True,True,1,True,True,DUPLICATE
0.3,849,4,u,4,u,True,False,0,False,False,MATCH_OR_OTHER
0.3,1148,4,u,4,u,True,True,1,False,False,MATCH_OR_OTHER
0.3,296,3,u,3,u,True,True,1,False,False,MATCH_OR_OTHER
0.3,1047,2,u,2,u,True,False,0,False,False,MATCH_OR_OTHER
0.3,48,2,u,2,u,True,False,0,False,False,MATCH_OR_OTHER
0.3,524,2,u,2,u,True,False,0,False,False,MATCH_OR_OTHER
0.3,659,1,u,1,u,True,False,0,False,False,MATCH_OR_OTHER
0.3,353,2,d,1,d,False,True,1,False,False,MATCH_OR_OTHER
0.3,1248,3,u,3,u,True,True,1,False,False,MATCH_OR_OTHER
0.3,1107,1,u,1,u,True,False,0,False,False,MATCH_OR_OTHER
0.3,1025,1,u,1,u,True,True,1,True,True,DUPLICATE
0.3,404,2,u,2,u,True,True,2,True,True,DUPLICATE
0.3,8,3,u,3,u,True,True,1,True,True,DUPLICATE
0.3,110,4,u,4,u,True,True,1,False,False,MATCH_OR_OTHER
0.3,1178,3,d,2,d,False,False,0,False,False,MATCH_OR_OTHER
0.3,6,2,d,1,d,False,True,1,False,False,MATCH_OR_OTHER
0.3,1154,3,u,3,u,True,False,0,False,False,MATCH_OR_OTHER
0.3,86,3,u,3,u,True,False,0,False,False,MATCH_OR_OTHER
0.3,480,3,d,2,d,False,False,0,False,False,MATCH_OR_OTHER
0.3,47,2,u,2,u,True,False,0,False,False,MATCH_OR_OTHER
0.3,503,5,u,5,u,True,True,2,True,True,DUPLICATE
0.3,977,2,u,2,u,True,False,0,False,False,MATCH_OR_OTHER
0.3,1194,2,u,2,u,True,True,1,False,False,MATCH_OR_OTHER
0.3,1192,1,u,1,u,True,True,1,True,True,DUPLICATE
0.3,436,1,u,1,u,True,False,0,False,False,MATCH_OR_OTHER
0.3,1255,3,u,3,u,True,False,0,False,False,MATCH_OR_OTHER
0.3,591,2,u,2,u,True,True,1,False,False,MATCH_OR_OTHER
0.3,1173,2,u,2,u,True,True,1,True,True,DUPLICATE
0.3,458,3,u,3,u,True,False,0,False,False,MATCH_OR_OTHER
0.3,240,1,u,1,u,True,False,0,False,False,MATCH_OR_OTHER
0.3,681,1,u,1,u,True,True,1,True,True,DUPLICATE
0.3,1095,1,u,1,u,True,False,0,False,False,MATCH_OR_OTHER
0.3,1023,1,u,1,u,True,False,0,False,False,MATCH_OR_OTHER
0.3,889,2,u,2,u,True,False,0,False,False,MATCH_OR_OTHER
0.3,1010,4,d,3,d,False,True,1,False,False,MATCH_OR_OTHER
0.3,869,2,u,2,u,True,True,1,False,False,MATCH_OR_OTHER
0.3,576,1,u,1,u,True,False,0,False,False,MATCH_OR_OTHER
0.3,288,3,u,3,u,True,True,1,False,False,MATCH_OR_OTHER
0.3,1191,1,u,1,u,True,False,0,False,False,MATCH_OR_OTHER
0.3,899,7,u,7,u,True,True,2,False,False,MATCH_OR_OTHER
0.3,300,3,u,3,u,True,True,3,True,True,DUPLICATE
0.3,1081,2,u,2,u,True,False,0,False,False,MATCH_OR_OTHER
0.3,878,2,u,2,u,True,True,1,True,True,DUPLICATE
0.3,688,3,u,3,u,True,True,1,False,False,MATCH_OR_OTHER
0.3,573,2,u,2,u,True,False,0,False,False,MATCH_OR_OTHER
0.3,598,2,u,2,u,True,True,1,False,False,MATCH_OR_OTHER
0.3,340,6,u,6,u,True,True,2,True,True,DUPLICATE
0.3,11,1,u,1,u,True,False,0,False,False,MATCH_OR_OTHER
0.3,439,2,u,2,u,True,True,1,True,True,DUPLICATE
0.3,1096,2,u,2,u,True,True,1,False,False,MATCH_OR_OTHER
0.3,848,5,u,5,u,True,True,3,False,False,MATCH_OR_OTHER
0.3,491,2,u,2,u,True,False,0,False,False,MATCH_OR_OTHER
0.3,188,1,u,1,u,True,True,1,True,True,DUPLICATE
0.3,131,1,u,1,u,True,False,0,False,False,MATCH_OR_OTHER
0.3,464,1,u,1,u,True,False,0,False,False,MATCH_OR_OTHER
0.3,260,2,u,2,u,True,False,0,False,False,MATCH_OR_OTHER
0.3,994,1,u,1,u,True,False,0,False,False,MATCH_OR_OTHER
0.3,726,4,u,4,u,True,True,1,False,False,MATCH_OR_OTHER
0.3,626,2,u,2,u,True,False,0,False,False,MATCH_OR_OTHER
0.3,210,1,u,1,u,True,True,1,True,True,DUPLICATE
0.3,15,2,u,2,u,True,True,2,True,True,DUPLICATE
0.3,295,1,u,1,u,True,True,1,True,True,DUPLICATE
0.3,572,2,d,1,d,False,False,0,False,False,MATCH_OR_OTHER
0.3,414,1,u,1,u,True,False,0,False,False,MATCH_OR_OTHER
0.3,673,5,u,5,u,True,False,0,False,False,MATCH_OR_OTHER
0.3,514,4,u,4,u,True,True,3,True,True,DUPLICATE
0.3,194,2,u,2,u,True,True,1,True,True,DUPLICATE
0.3,956,3,u,3,u,True,False,0,False,False,MATCH_OR_OTHER
0.3,139,2,u,2,u,True,True,1,False,False,MATCH_OR_OTHER
0.3,578,4,u,4,u,True,True,2,False,False,MATCH_OR_OTHER
0.3,752,1,u,1,u,True,False,0,False,False,MATCH_OR_OTHER
0.3,508,1,u,1,u,True,False,0,False,False,MATCH_OR_OTHER
0.3,609,1,u,1,u,True,False,0,False,False,MATCH_OR_OTHER
0.3,810,3,c,2,c,True,False,0,False,False,MATCH_OR_OTHER
0.3,676,4,u,4,u,True,False,0,False,False,MATCH_OR_OTHER
0.3,376,1,u,1,u,True,True,1,True,True,DUPLICATE
0.3,162,1,u,1,u,True,True,1,True,True,DUPLICATE
0.3,1050,2,u,2,u,True,True,1,True,True,DUPLICATE
0.3,41,2,u,2,u,True,True,1,False,False,MATCH_OR_OTHER
0.3,739,1,u,1,u,True,True,1,True,True,DUPLICATE
0.3,261,4,d,3,d,False,True,2,False,False,MATCH_OR_OTHER
0.3,1168,1,u,1,u,True,False,0,False,False,MATCH_OR_OTHER
0.3,316,2,u,2,u,True,False,0,False,False,MATCH_OR_OTHER
0.3,1046,4,u,4,u,True,False,0,False,False,MATCH_OR_OTHER
0.3,533,1,u,1,u,True,True,1,True,True,DUPLICATE
0.3,1196,3,u,3,u,True,True,1,True,True,DUPLICATE
0.3,715,1,u,1,u,True,True,1,True,True,DUPLICATE
0.3,95,2,u,2,u,True,True,1,False,False,MATCH_OR_OTHER
0.3,268,2,d,1,d,False,True,1,False,False,MATCH_OR_OTHER
0.3,873,5,u,5,u,True,True,1,False,False,MATCH_OR_OTHER
0.3,1013,3,u,3,u,True,True,1,False,False,MATCH_OR_OTHER
0.3,580,2,u,2,u,True,False,0,False,False,MATCH_OR_OTHER
0.3,1093,4,u,4,u,True,True,2,False,False,MATCH_OR_OTHER
0.3,69,3,u,3,u,True,False,0,False,False,MATCH_OR_OTHER
0.3,408,2,u,2,u,True,False,0,False,False,MATCH_OR_OTHER
0.3,835,1,u,1,u,True,False,0,False,False,MATCH_OR_OTHER
0.3,449,3,u,3,u,True,False,0,False,False,MATCH_OR_OTHER
0.3,943,2,u,2,u,True,False,0,False,False,MATCH_OR_OTHER
0.3,893,3,u,3,u,True,True,1,False,False,MATCH_OR_OTHER
0.3,163,4,u,4,u,True,True,1,True,True,DUPLICATE
0.3,806,3,u,3,u,True,True,2,True,True,DUPLICATE
0.3,535,1,u,1,u,True,True,1,True,True,DUPLICATE
0.3,197,3,u,3,u,True,False,0,False,False,MATCH_OR_OTHER
0.3,94,2,u,2,u,True,True,1,True,True,DUPLICATE
0.3,857,1,u,1,u,True,False,0,False,False,MATCH_OR_OTHER
0.3,467,1,u,1,u,True,False,0,False,False,MATCH_OR_OTHER
0.3,443,3,c,2,c,True,False,0,False,False,MATCH_OR_OTHER
0.3,111,2,u,2,u,True,True,1,True,True,DUPLICATE
0.3,388,2,u,2,u,True,True,1,False,False,MATCH_OR_OTHER
0.3,560,2,u,2,u,True,True,2,True,True,DUPLICATE
0.3,822,1,u,1,u,True,False,0,False,False,MATCH_OR_OTHER
0.3,978,2,u,2,u,True,True,1,True,True,DUPLICATE
0.3,495,1,u,1,u,True,False,0,False,False,MATCH_OR_OTHER
0.3,674,2,u,2,u,True,True,1,True,True,DUPLICATE
0.3,348,2,u,2,u,True,False,0,False,False,MATCH_OR_OTHER
0.3,631,1,u,1,u,True,False,0,False,False,MATCH_OR_OTHER
0.3,161,2,u,2,u,True,False,0,False,False,MATCH_OR_OTHER
0.3,286,2,u,2,u,True,True,2,True,True,DUPLICATE
0.3,685,2,u,2,u,True,False,0,False,False,MATCH_OR_OTHER
0.3,497,2,d,1,d,False,False,0,False,False,MATCH_OR_OTHER
0.3,950,1,u,1,u,True,False,0,False,False,MATCH_OR_OTHER
0.3,483,1,u,1,u,True,True,1,True,True,DUPLICATE
0.3,431,2,d,1,d,False,False,0,False,False,MATCH_OR_OTHER
0.3,269,4,u,4,u,True,True,3,False,False,MATCH_OR_OTHER
0.3,1177,1,u,1,u,True,False,0,False,False,MATCH_OR_OTHER
0.3,274,2,u,2,u,True,False,0,False,False,MATCH_OR_OTHER
0.3,942,2,u,2,u,True,True,1,False,False,MATCH_OR_OTHER
0.3,281,2,u,2,u,True,False,0,False,False,MATCH_OR_OTHER
0.3,667,2,u,2,u,True,True,1,True,True,DUPLICATE
0.3,156,3,u,3,u,True,True,1,True,True,DUPLICATE
0.3,769,1,u,1,u,True,False,0,False,False,MATCH_OR_OTHER
0.3,421,2,d,1,d,False,False,0,False,False,MATCH_OR_OTHER
0.3,450,2,d,1,d,False,False,0,False,False,MATCH_OR_OTHER
0.3,360,3,u,3,u,True,False,0,False,False,MATCH_OR_OTHER
0.3,630,2,u,2,u,True,False,0,False,False,MATCH_OR_OTHER
0.3,754,1,u,1,u,True,True,1,True,True,DUPLICATE
0.3,182,1,u,1,u,True,True,1,True,True,DUPLICATE
0.3,387,1,u,1,u,True,True,1,True,True,DUPLICATE
0.3,1055,2,u,2,u,True,True,1,True,True,DUPLICATE
0.3,1138,1,u,1,u,True,True,1,True,True,DUPLICATE
0.3,85,2,u,2,u,True,True,1,True,True,DUPLICATE
0.3,344,3,u,3,u,True,True,1,False,False,MATCH_OR_OTHER
0.3,70,1,u,1,u,True,False,0,False,False,MATCH_OR_OTHER
0.3,554,1,u,1,u,True,True,1,True,True,DUPLICATE
0.3,1159,1,u,1,u,True,False,0,False,False,MATCH_OR_OTHER
0.3,679,1,u,1,u,True,False,0,False,False,MATCH_OR_OTHER
0.3,998,1,u,1,u,True,True,1,True,True,DUPLICATE
0.3,862,3,u,3,u,True,True,2,True,True,DUPLICATE
0.3,875,2,u,2,u,True,False,0,False,False,MATCH_OR_OTHER
0.3,287,1,u,1,u,True,False,0,False,False,MATCH_OR_OTHER
0.3,1000,1,u,1,u,True,False,0,False,False,MATCH_OR_OTHER
0.3,217,2,u,2,u,True,False,0,False,False,MATCH_OR_OTHER
0.3,924,1,u,1,u,True,False,0,False,False,MATCH_OR_OTHER
0.3,346,4,u,4,u,True,True,1,True,True,DUPLICATE
0.3,872,1,u,1,u,True,True,1,True,True,DUPLICATE
0.3,996,1,u,1,u,True,False,0,False,False,MATCH_OR_OTHER
0.3,327,1,u,1,u,True,False,0,False,False,MATCH_OR_OTHER
0.3,1038,1,u,1,u,True,False,0,False,False,MATCH_OR_OTHER
0.3,632,2,u,2,u,True,False,0,False,False,MATCH_OR_OTHER
0.3,753,2,d,1,d,False,True,1,False,False,MATCH_OR_OTHER
0.3,84,1,u,1,u,True,True,1,True,True,DUPLICATE
0.3,176,1,u,1,u,True,False,0,False,False,MATCH_OR_OTHER
0.3,213,1,u,1,u,True,True,1,True,True,DUPLICATE
0.3,216,1,u,1,u,True,True,1,True,True,DUPLICATE
0.3,257,1,u,1,u,True,False,0,False,False,MATCH_OR_OTHER
0.3,152,2,u,2,u,True,False,0,False,False,MATCH_OR_OTHER
0.3,894,2,u,2,u,True,True,2,True,True,DUPLICATE
0.3,919,1,u,1,u,True,False,0,False,False,MATCH_OR_OTHER
0.3,338,1,u,1,u,True,False,0,False,False,MATCH_OR_OTHER
0.3,35,1,u,1,u,True,False,0,False,False,MATCH_OR_OTHER
0.3,134,1,u,1,u,True,True,1,True,True,DUPLICATE
0.3,1195,4,d,3,d,False,True,1,False,False,MATCH_OR_OTHER
0.3,1149,1,u,1,u,True,False,0,False,False,MATCH_OR_OTHER
0.3,160,1,u,1,u,True,False,0,False,False,MATCH_OR_OTHER
0.3,232,2,u,2,u,True,False,0,False,False,MATCH_OR_OTHER
0.3,1144,1,u,1,u,True,False,0,False,False,MATCH_OR_OTHER
0.3,683,1,u,1,u,True,False,0,False,False,MATCH_OR_OTHER
0.3,916,1,u,1,u,True,False,0,False,False,MATCH_OR_OTHER
0.3,796,1,u,1,u,True,False,0,False,False,MATCH_OR_OTHER
0.3,747,2,u,2,u,True,True,1,False,False,MATCH_OR_OTHER
0.3,1258,3,u,3,u,True,True,1,False,False,MATCH_OR_OTHER
0.3,368,2,u,2,u,True,True,2,True,True,DUPLICATE
0.3,751,2,d,1,d,False,False,0,False,False,MATCH_OR_OTHER
0.3,656,1,u,1,u,True,False,0,False,False,MATCH_OR_OTHER
0.3,511,1,u,1,u,True,False,0,False,False,MATCH_OR_OTHER
0.3,363,1,u,1,u,True,True,1,True,True,DUPLICATE
0.3,761,1,u,1,u,True,False,0,False,False,MATCH_OR_OTHER
0.3,411,1,u,1,u,True,False,0,False,False,MATCH_OR_OTHER
0.3,302,1,u,1,u,True,False,0,False,False,MATCH_OR_OTHER
0.3,705,1,u,1,u,True,False,0,False,False,MATCH_OR_OTHER
0.3,1021,3,u,3,u,True,True,1,False,False,MATCH_OR_OTHER
0.3,1105,1,u,1,u,True,False,0,False,False,MATCH_OR_OTHER
0.3,665,1,u,1,u,True,True,1,True,True,DUPLICATE
0.3,966,3,u,3,u,True,True,1,False,False,MATCH_OR_OTHER
0.3,180,1,u,1,u,True,False,0,False,False,MATCH_OR_OTHER
0.3,1012,3,u,3,u,True,True,1,False,False,MATCH_OR_OTHER
0.3,691,1,u,1,u,True,False,0,False,False,MATCH_OR_OTHER
0.3,309,2,u,2,u,True,False,0,False,False,MATCH_OR_OTHER
0.3,1125,1,u,1,u,True,False,0,False,False,MATCH_OR_OTHER
0.3,209,2,u,2,u,True,False,0,False,False,MATCH_OR_OTHER
0.3,104,1,u,1,u,True,True,1,True,True,DUPLICATE
0.3,961,1,u,1,u,True,False,0,False,False,MATCH_OR_OTHER
0.3,122,1,u,1,u,True,False,0,False,False,MATCH_OR_OTHER
0.3,666,1,u,1,u,True,True,1,True,True,DUPLICATE
0.3,1160,1,u,1,u,True,True,1,True,True,DUPLICATE
0.3,330,1,u,1,u,True,True,1,True,True,DUPLICATE
0.3,846,1,u,1,u,True,False,0,False,False,MATCH_OR_OTHER
0.3,52,1,u,1,u,True,False,0,False,False,MATCH_OR_OTHER
0.3,119,1,u,1,u,True,False,0,False,False,MATCH_OR_OTHER
0.3,749,1,u,1,u,True,True,1,True,True,DUPLICATE
0.3,562,1,u,1,u,True,True,1,True,True,DUPLICATE
0.3,1133,2,d,1,d,False,True,1,False,False,MATCH_OR_OTHER
0.3,117,3,d,2,d,False,True,1,False,False,MATCH_OR_OTHER
0.3,1214,2,u,2,u,True,False,0,False,False,MATCH_OR_OTHER
0.3,1185,1,u,1,u,True,False,0,False,False,MATCH_OR_OTHER
0.3,71,1,u,1,u,True,False,0,False,False,MATCH_OR_OTHER
0.3,1085,1,u,1,u,True,False,0,False,False,MATCH_OR_OTHER
0.3,149,1,u,1,u,True,False,0,False,False,MATCH_OR_OTHER
0.3,1053,1,u,1,u,True,False,0,False,False,MATCH_OR_OTHER
0.3,918,2,d,1,d,False,True,1,False,False,MATCH_OR_OTHER
0.3,382,1,u,1,u,True,True,1,True,True,DUPLICATE
0.3,952,1,u,1,u,True,False,0,False,False,MATCH_OR_OTHER
0.3,695,1,u,1,u,True,True,1,True,True,DUPLICATE
0.3,200,1,u,1,u,True,True,1,True,True,DUPLICATE
0.3,896,1,u,1,u,True,False,0,False,False,MATCH_OR_OTHER
0.3,253,1,u,1,u,True,False,0,False,False,MATCH_OR_OTHER
0.3,504,1,u,1,u,True,False,0,False,False,MATCH_OR_OTHER
0.3,762,1,u,1,u,True,False,0,False,False,MATCH_OR_OTHER
0.3,204,1,u,1,u,True,True,1,True,True,DUPLICATE
0.3,543,1,u,1,u,True,False,0,False,False,MATCH_OR_OTHER
0.3,531,1,u,1,u,True,True,1,True,True,DUPLICATE
