ooo_rate,key_id,m,tail_op,competitive_lsns,competitive_ops,clean_seqs,final_seqs,n_pairs,n_fired,fired_pairs,fired_detail,n_descent,n_invisible,last_pair_fired,winner_lsn,winner_op,current_lsn,violated,verdict
0.25,1253,4,u,1201;1969;5703;5709,cuuu,1;2;3;4,2;1;3;4,3,1,1,1:invisible,0,1,False,5709,u,5709,False,MATCH
0.25,358,9,d,1202;2928;2951;3401;4641;5233;5850;6608;7359,uuuuuuuud,1;2;3;4;5;6;7;8;9,1;2;3;5;4;6;7;8;9,8,1,4,4:invisible,0,1,False,7359,d,7359,False,MATCH
0.25,890,6,u,1203;1668;1934;3449;5080;5511,uuuuuu,1;2;3;4;5;6,1;3;4;2;5;6,5,2,2;3,2:invisible;3:invisible,0,2,False,5511,u,5511,False,MATCH
0.25,179,10,u,1204;2439;2796;3742;3908;3951;4093;5569;6418;7037,uuuuuuuuuu,1;2;3;4;5;6;7;8;9;10,2;1;3;4;6;7;8;5;9;10,9,4,1;5;6;7,1:invisible;5:invisible;6:invisible;7:invisible,0,4,False,7037,u,7037,False,MATCH
0.25,49,7,u,1205;1233;3695;4275;5683;6045;6381,uuuuuuu,1;2;3;4;5;6;7,1;3;2;4;5;7;6,6,2,2;6,2:invisible;6:descent,1,1,True,6045,u,6381,True,STALE_WINS
0.25,748,6,u,1206;1432;1461;4637;5154;6964,uuuuuu,1;2;3;4;5;6,1;3;2;5;4;6,5,2,2;4,2:invisible;4:invisible,0,2,False,6964,u,6964,False,MATCH
0.25,1029,9,u,1207;1290;1815;4786;5747;6161;6995;7125;7322,uuuuuuuuu,1;2;3;4;5;6;7;8;9,1;3;2;4;5;6;7;8;9,8,1,2,2:invisible,0,1,False,7322,u,7322,False,MATCH
0.25,301,12,u,1208;2592;2987;3049;3676;3790;4427;5517;5885;6176;6747;6755,uuuuuuuuuuuu,1;2;3;4;5;6;7;8;9;10;11;12,1;2;4;3;5;6;7;8;9;10;11;12,11,1,3,3:invisible,0,1,False,6755,u,6755,False,MATCH
0.25,823,14,u,1209;1758;2235;3044;3527;4816;4861;5392;6178;6309;6558;6734;6739;6945,uuuuuuuuuuuuuu,1;2;3;4;5;6;7;8;9;10;11;12;13;14,1;2;3;4;5;6;8;7;9;10;11;12;13;14,13,1,7,7:invisible,0,1,False,6945,u,6945,False,MATCH
0.25,1072,27,u,1210;2065;2148;2470;3055;3110;3457;3524;3541;3747;4152;4208;4428;4947;5072;5075;5121;5193;5780;5816;6120;6137;6334;6539;6689;6800;7232,uuuuuuuuuuuuuuuuuuuuuuuuuuu,1;2;3;4;5;6;7;8;9;10;11;12;13;14;15;16;17;18;19;20;21;22;23;24;25;26;27,1;2;3;5;4;6;7;9;8;10;11;13;14;12;15;16;18;17;20;19;21;23;22;24;25;26;27,26,7,4;8;12;13;17;19;22,4:invisible;8:invisible;12:invisible;13:invisible;17:invisible;19:invisible;22:invisible,0,7,False,7232,u,7232,False,MATCH
0.25,527,50,c,1211;1235;1513;1762;1809;1897;1901;1904;1949;2071;2110;2168;2437;2460;2647;2931;3593;3981;3996;4008;4204;4238;4261;4460;4506;4600;4808;4869;4880;4889;5022;5143;5209;5258;5423;5450;5531;5637;5675;5847;5856;6053;6166;6183;6335;6450;6983;7006;7119;7152,uuuuuuuuuuuuuuuuuuuuuuuuuuuuuuuuuuuuuuuuuuuuuuuudc,1;2;3;4;5;6;7;8;9;10;11;12;13;14;15;16;17;18;19;20;21;22;23;24;25;26;27;28;29;30;31;32;33;34;35;36;37;38;39;40;41;42;43;44;45;46;47;48;49;50,2;1;4;3;5;6;7;9;8;10;11;12;13;14;15;17;16;18;20;19;22;21;23;24;25;26;27;28;29;30;32;31;33;34;35;37;36;38;39;41;40;42;43;44;45;46;47;48;49;50,49,9,1;3;8;16;19;21;31;36;40,1:invisible;3:invisible;8:invisible;16:invisible;19:invisible;21:invisible;31:invisible;36:invisible;40:invisible,0,9,False,7152,c,7152,False,MATCH
0.25,542,10,u,1212;3733;3982;4183;4207;4414;5294;5378;6780;7076,uuuuuuuuuu,1;2;3;4;5;6;7;8;9;10,1;2;3;4;6;5;7;8;10;9,9,2,5;9,5:invisible;9:descent,1,1,True,6780,u,7076,True,STALE_WINS
0.25,66,9,u,1213;1281;1581;1785;2939;4145;4581;4980;7063,uuuuuuuuu,1;2;3;4;5;6;7;8;9,1;2;3;4;5;6;7;9;8,8,1,8,8:descent,1,0,True,4980,u,7063,True,STALE_WINS
0.25,407,3,u,1214;4602;4841,uuu,1;2;3,1;2;3,2,0,-,-,0,0,False,4841,u,4841,False,MATCH
0.25,556,8,u,1215;2708;3331;3847;5192;5801;5809;6561,uuuuuuuu,1;2;3;4;5;6;7;8,2;3;1;5;6;7;4;8,7,5,1;2;4;5;6,1:invisible;2:invisible;4:invisible;5:invisible;6:invisible,0,5,False,6561,u,6561,False,MATCH
0.25,267,7,u,1216;1644;2362;2587;3217;5914;6198,uuuuuuu,1;2;3;4;5;6;7,2;1;3;4;6;5;7,6,2,1;5,1:invisible;5:invisible,0,2,False,6198,u,6198,False,MATCH
0.25,224,13,d,1217;1249;1257;1658;2973;3116;3184;3719;5124;6019;6275;6339;6805,uuuuuuuuuuuud,1;2;3;4;5;6;7;8;9;10;11;12;13,1;2;3;4;5;6;7;9;10;8;11;12;13,12,2,8;9,8:invisible;9:invisible,0,2,False,6805,d,6805,False,MATCH
0.25,719,7,u,1218;2857;2991;3497;4199;6038;7177,uuuuuuu,1;2;3;4;5;6;7,1;2;4;5;3;6;7,6,2,3;4,3:invisible;4:invisible,0,2,False,7177,u,7177,False,MATCH
0.25,988,10,c,1219;2283;2623;3544;3609;3711;3712;6095;6415;7229,uuuuuuuudc,1;2;3;4;5;6;7;8;9;10,2;1;3;5;4;6;7;8;9;10,9,2,1;4,1:invisible;4:invisible,0,2,False,7229,c,7229,False,MATCH
0.25,10,9,u,1220;1864;2155;3165;3583;4775;4804;6338;6874,uuuuuuuuu,1;2;3;4;5;6;7;8;9,1;2;3;4;5;7;6;9;8,8,2,6;8,6:invisible;8:descent,1,1,True,6338,u,6874,True,STALE_WINS
0.25,962,2,u,1221;4246,uu,1;2,1;2,1,0,-,-,0,0,False,4246,u,4246,False,MATCH
0.25,1161,5,d,1222;1842;2863;5191;6853,uuuud,1;2;3;4;5,2;1;3;4;5,4,1,1,1:invisible,0,1,False,6853,d,6853,False,MATCH
0.25,400,5,u,1223;1451;4110;6487;7036,uuuuu,1;2;3;4;5,1;2;3;4;5,4,0,-,-,0,0,False,7036,u,7036,False,MATCH
0.25,425,5,d,1224;1717;3393;4060;4298,uuuud,1;2;3;4;5,2;1;4;3;5,4,2,1;3,1:invisible;3:invisible,0,2,False,4298,d,4298,False,MATCH
0.25,567,10,u,1225;1996;2039;2574;3891;5044;6299;6584;6733;7280,uuuuuuuuuu,1;2;3;4;5;6;7;8;9;10,1;2;4;5;6;3;7;8;9;10,9,3,3;4;5,3:invisible;4:invisible;5:invisible,0,3,False,7280,u,7280,False,MATCH
0.25,734,8,u,1226;2534;2570;2676;3730;4161;6986;7272,uuuuuuuu,1;2;3;4;5;6;7;8,1;2;3;4;5;6;7;8,7,0,-,-,0,0,False,7272,u,7272,False,MATCH
0.25,623,19,u,1227;1312;1325;1641;1817;2156;2252;2456;2766;2835;2871;3374;3423;3432;4743;5588;6131;6813;7121,uuuuuuuuuuuuuuuuuuu,1;2;3;4;5;6;7;8;9;10;11;12;13;14;15;16;17;18;19,2;1;3;4;6;5;7;8;9;11;10;12;14;13;15;17;16;18;19,18,5,1;5;10;13;16,1:invisible;5:invisible;10:invisible;13:invisible;16:invisible,0,5,False,7121,u,7121,False,MATCH
0.25,456,9,u,1228;1280;2976;3221;4285;4609;4929;6413;7078,uuuuuuuuu,1;2;3;4;5;6;7;8;9,2;1;3;4;5;6;7;9;8,8,2,1;8,1:invisible;8:descent,1,1,True,6413,u,7078,True,STALE_WINS
0.25,836,21,u,1229;1517;1748;1771;1928;3310;3314;3402;3474;3536;4235;4351;4590;5084;5265;5329;5358;5556;5606;5668;6996,uuuuuuuuuuuuuuuuuuuuu,1;2;3;4;5;6;7;8;9;10;11;12;13;14;15;16;17;18;19;20;21,1;3;2;5;4;6;8;9;7;10;11;12;14;13;16;15;17;18;20;19;21,20,7,2;4;7;8;13;15;19,2:invisible;4:invisible;7:invisible;8:invisible;13:invisible;15:invisible;19:invisible,0,7,False,6996,u,6996,False,MATCH
0.25,1006,2,u,1230;1511,uu,1;2,1;2,1,0,-,-,0,0,False,1511,u,1511,False,MATCH
0.25,599,8,u,1231;2557;3881;4190;5092;5632;6185;6542,uuuuuuuu,1;2;3;4;5;6;7;8,1;2;4;3;5;6;7;8,7,1,3,3:invisible,0,1,False,6542,u,6542,False,MATCH
0.25,563,4,u,1232;1275;3708;6459,uuuu,1;2;3;4,2;1;3;4,3,1,1,1:invisible,0,1,False,6459,u,6459,False,MATCH
0.25,412,13,u,1234;1355;1636;1760;1915;2465;3416;3643;4038;4623;5479;6841;7348,uuuuuuuuuuuuu,1;2;3;4;5;6;7;8;9;10;11;12;13,1;3;2;4;6;5;8;9;7;10;11;13;12,12,5,2;5;7;8;12,2:invisible;5:invisible;7:invisible;8:invisible;12:descent,1,4,True,6841,u,7348,True,STALE_WINS
0.25,1124,12,u,1236;2581;2692;2784;3431;3899;4267;5198;5458;6023;7069;7312,uuuuuuuuuuuu,1;2;3;4;5;6;7;8;9;10;11;12,1;3;2;4;5;6;8;7;9;10;11;12,11,2,2;7,2:invisible;7:invisible,0,2,False,7312,u,7312,False,MATCH
0.25,1074,4,u,1237;1538;4919;4985,uuuu,1;2;3;4,1;3;4;2,3,2,2;3,2:invisible;3:descent,1,1,True,4919,u,4985,True,STALE_WINS
0.25,597,10,d,1238;2844;3030;3064;3607;3628;3787;4172;4276;6024,uuuuuuuuud,1;2;3;4;5;6;7;8;9;10,1;2;3;4;6;5;7;9;10;8,9,3,5;8;9,5:invisible;8:invisible;9:descent,1,2,True,4276,u,6024,True,GHOST
0.25,383,6,u,1239;1354;3659;4845;5882;6397,uuuuuu,1;2;3;4;5;6,1;2;3;4;5;6,5,0,-,-,0,0,False,6397,u,6397,False,MATCH
0.25,153,10,u,1240;2021;2501;3224;4481;5317;5555;5961;6859;7270,uuuuuuuuuu,1;2;3;4;5;6;7;8;9;10,2;1;3;4;5;6;7;9;8;10,9,2,1;8,1:invisible;8:invisible,0,2,False,7270,u,7270,False,MATCH
0.25,1102,3,u,1241;6055;6783,uuu,1;2;3,1;3;2,2,1,2,2:descent,1,0,True,6055,u,6783,True,STALE_WINS
0.25,277,16,d,1242;1287;1368;1478;1850;2858;3803;3880;4107;4309;4434;4547;5279;6564;6695;7267,uuuuuuuuuuuuuuud,1;2;3;4;5;6;7;8;9;10;11;12;13;14;15;16,1;3;2;4;5;6;8;7;9;10;11;12;13;14;15;16,15,2,2;7,2:invisible;7:invisible,0,2,False,7267,d,7267,False,MATCH
0.25,1238,8,u,1243;1467;3585;3828;4734;6221;7253;7356,cuuuuuuu,1;2;3;4;5;6;7;8,1;3;4;5;6;2;8;7,7,5,2;3;4;5;7,2:invisible;3:invisible;4:invisible;5:invisible;7:descent,1,4,True,7253,u,7356,True,STALE_WINS
0.25,112,10,d,1244;1728;2305;4119;4400;5190;5608;5618;6181;7098,uuuuuuuuud,1;2;3;4;5;6;7;8;9;10,1;2;3;4;5;7;6;9;8;10,9,2,6;8,6:invisible;8:invisible,0,2,False,7098,d,7098,False,MATCH
0.25,1116,6,u,1245;1642;2572;3136;3276;5387,uuuuuu,1;2;3;4;5;6,1;2;3;4;6;5,5,1,5,5:descent,1,0,True,3276,u,5387,True,STALE_WINS
0.25,880,18,u,1246;1439;1488;1632;1659;1681;1750;1846;2555;3417;3521;4005;4657;5129;5323;5594;6883;7353,uuuuuuuuuuuuuuuuuu,1;2;3;4;5;6;7;8;9;10;11;12;13;14;15;16;17;18,1;2;4;3;6;5;7;8;9;10;11;13;12;14;15;16;17;18,17,3,3;5;12,3:invisible;5:invisible;12:invisible,0,3,False,7353,u,7353,False,MATCH
0.25,499,6,u,1247;2487;2798;5596;6152;7361,uuuuuu,1;2;3;4;5;6,1;3;2;4;6;5,5,2,2;5,2:invisible;5:descent,1,1,True,6152,u,7361,True,STALE_WINS
0.25,652,8,u,1248;1858;2256;3320;4231;4671;5560;6482,uuuuuuuu,1;2;3;4;5;6;7;8,2;1;3;5;6;7;4;8,7,4,1;4;5;6,1:invisible;4:invisible;5:invisible;6:invisible,0,4,False,6482,u,6482,False,MATCH
0.25,1150,2,u,1250;2674,uu,1;2,1;2,1,0,-,-,0,0,False,2674,u,2674,False,MATCH
0.25,399,13,u,1251;1516;2209;2891;2906;3489;3691;3806;4906;5088;6376;6846;7370,uuuuuuuuuuuuu,1;2;3;4;5;6;7;8;9;10;11;12;13,2;3;1;4;5;6;7;8;10;9;11;12;13,12,3,1;2;9,1:invisible;2:invisible;9:invisible,0,3,False,7370,u,7370,False,MATCH
0.25,671,4,u,1252;1338;3215;6249,uuuu,1;2;3;4,1;3;2;4,3,1,2,2:invisible,0,1,False,6249,u,6249,False,MATCH
0.25,315,9,u,1253;2563;2864;3080;4505;5095;5497;5855;6175,uuuuuuuuu,1;2;3;4;5;6;7;8;9,1;2;3;4;5;7;6;8;9,8,1,6,6:invisible,0,1,False,6175,u,6175,False,MATCH
0.25,1164,10,u,1254;2473;2742;3147;3287;5295;5658;6974;7148;7189,uuuuuuuuuu,1;2;3;4;5;6;7;8;9;10,1;3;2;4;6;7;5;8;9;10,9,3,2;5;6,2:invisible;5:invisible;6:invisible,0,3,False,7189,u,7189,False,MATCH
0.25,1236,2,u,1255;4532,cu,1;2,1;2,1,0,-,-,0,0,False,4532,u,4532,False,MATCH
0.25,304,3,u,1256;3883;6878,uuu,1;2;3,1;2;3,2,0,-,-,0,0,False,6878,u,6878,False,MATCH
0.25,505,14,d,1258;1343;1446;1455;3298;3471;3748;4988;5011;5162;6273;7060;7244;7385,uuuuuuuuuuuuud,1;2;3;4;5;6;7;8;9;10;11;12;13;14,1;3;2;4;6;5;7;8;9;11;10;12;14;13,13,4,2;5;10;13,2:invisible;5:invisible;10:invisible;13:descent,1,3,True,7244,u,7385,True,GHOST
0.25,370,4,c,1259;2281;5983;7123,uudc,1;2;3;4,1;2;4;3,3,1,3,3:descent,1,0,True,5983,d,7123,True,MISSING_CURRENT
0.25,469,4,u,1260;1906;2137;2716,uuuu,1;2;3;4,1;2;3;4,3,0,-,-,0,0,False,2716,u,2716,False,MATCH
0.25,663,10,u,1261;2160;2736;3448;4336;4422;4864;5769;6139;7278,uuuuuuuuuu,1;2;3;4;5;6;7;8;9;10,1;2;3;5;4;6;7;8;10;9,9,2,4;9,4:invisible;9:descent,1,1,True,6139,u,7278,True,STALE_WINS
0.25,1181,9,d,1262;2331;4495;4642;4744;5573;6655;6808;7226,uuuuuuuud,1;2;3;4;5;6;7;8;9,1;3;2;4;5;6;7;8;9,8,1,2,2:invisible,0,1,False,7226,d,7226,False,MATCH
0.25,855,3,d,1263;5406;6329,uud,1;2;3,1;2;3,2,0,-,-,0,0,False,6329,d,6329,False,MATCH
0.25,61,5,u,1264;2033;2383;3073;3948,uuuuu,1;2;3;4;5,1;2;3;4;5,4,0,-,-,0,0,False,3948,u,3948,False,MATCH
0.25,477,9,d,1265;1381;3226;3512;4353;4748;5280;5738;6448,uuuuuuuud,1;2;3;4;5;6;7;8;9,1;3;2;5;4;6;7;8;9,8,2,2;4,2:invisible;4:invisible,0,2,False,6448,d,6448,False,MATCH
0.25,938,3,u,1266;2361;4321,uuu,1;2;3,1;2;3,2,0,-,-,0,0,False,4321,u,4321,False,MATCH
0.25,82,11,u,1267;1311;1320;2316;2379;2870;3292;6248;6960;7171;7190,uuuuuuuuuuu,1;2;3;4;5;6;7;8;9;10;11,1;2;3;5;4;6;7;8;9;10;11,10,1,4,4:invisible,0,1,False,7190,u,7190,False,MATCH
0.25,545,10,c,1268;1430;1593;1618;1948;4990;5012;5136;5399;6882,uuuuuuuudc,1;2;3;4;5;6;7;8;9;10,1;2;4;3;5;7;6;9;8;10,9,3,3;6;8,3:invisible;6:invisible;8:invisible,0,3,False,6882,c,6882,False,MATCH
0.25,1257,7,u,1269;2582;3434;3548;4324;7026;7073,cuuuuuu,1;2;3;4;5;6;7,2;1;3;5;4;6;7,6,2,1;4,1:invisible;4:invisible,0,2,False,7073,u,7073,False,MATCH
0.25,13,8,u,1270;3051;3473;3518;4314;5204;6210;6385,uuuuuuuu,1;2;3;4;5;6;7;8,1;2;4;3;5;6;7;8,7,1,3,3:invisible,0,1,False,6385,u,6385,False,MATCH
0.25,124,3,u,1271;1683;1930,uuu,1;2;3,1;3;2,2,1,2,2:descent,1,0,True,1683,u,1930,True,STALE_WINS
0.25,722,8,u,1272;2712;3039;3118;4141;4142;5267;7276,uuuuuuuu,1;2;3;4;5;6;7;8,1;2;3;4;5;7;8;6,7,2,6;7,6:invisible;7:descent,1,1,True,5267,u,7276,True,STALE_WINS
0.25,27,2,u,1273;2544,uu,1;2,1;2,1,0,-,-,0,0,False,2544,u,2544,False,MATCH
0.25,847,1,u,1274,u,1,1,0,0,-,-,0,0,False,1274,u,1274,False,MATCH
0.25,195,6,u,1276;3452;4301;5141;5185;6663,uuuuuu,1;2;3;4;5;6,1;3;4;2;5;6,5,2,2;3,2:invisible;3:invisible,0,2,False,6663,u,6663,False,MATCH
0.25,723,4,u,1277;4121;4978;6642,uuuu,1;2;3;4,1;2;3;4,3,0,-,-,0,0,False,6642,u,6642,False,MATCH
0.25,496,1,u,1278,u,1,1,0,0,-,-,0,0,False,1278,u,1278,False,MATCH
0.25,714,23,d,1279;1297;1560;2327;2573;2650;3661;3886;4257;4411;4572;4894;5060;5237;5701;5795;6073;6079;6764;6777;7075;7271;7286,uuuuuuuuuuuuuuuuuuuuuud,1;2;3;4;5;6;7;8;9;10;11;12;13;14;15;16;17;18;19;20;21;22;23,1;2;3;5;4;6;7;9;8;10;11;13;14;12;15;16;18;17;20;19;22;21;23,22,7,4;8;12;13;17;19;21,4:invisible;8:invisible;12:invisible;13:invisible;17:invisible;19:invisible;21:invisible,0,7,False,7286,d,7286,False,MATCH
0.25,621,16,u,1282;1705;1731;1970;1995;2059;3176;3481;3664;4526;4806;4981;5409;5612;6635;7108,uuuuuuuuuuuuuuuu,1;2;3;4;5;6;7;8;9;10;11;12;13;14;15;16,1;2;3;4;5;6;7;9;10;8;12;11;13;14;15;16,15,3,8;9;11,8:invisible;9:invisible;11:invisible,0,3,False,7108,u,7108,False,MATCH
0.25,120,6,u,1283;1707;2255;3758;4992;5603,uuuuuu,1;2;3;4;5;6,1;3;2;4;5;6,5,1,2,2:invisible,0,1,False,5603,u,5603,False,MATCH
0.25,1064,21,u,1284;1386;1453;2030;2414;2780;3203;3429;3973;4026;4103;4536;5321;5670;5791;6301;6423;6725;6792;6950;6985,uuuuuuuuuuuuuuuuuuuuu,1;2;3;4;5;6;7;8;9;10;11;12;13;14;15;16;17;18;19;20;21,1;2;3;4;5;7;6;8;10;11;9;12;13;14;15;16;17;19;18;21;20,20,5,6;9;10;18;20,6:invisible;9:invisible;10:invisible;18:invisible;20:descent,1,4,True,6950,u,6985,True,STALE_WINS
0.25,97,1,u,1285,u,1,1,0,0,-,-,0,0,False,1285,u,1285,False,MATCH
0.25,690,6,u,1286;2220;2710;4000;5654;6719,uuuuuu,1;2;3;4;5;6,1;2;3;5;4;6,5,1,4,4:invisible,0,1,False,6719,u,6719,False,MATCH
0.25,900,7,d,1288;2668;2727;4086;6030;6750;7166,uuuuuud,1;2;3;4;5;6;7,1;2;4;3;5;6;7,6,1,3,3:invisible,0,1,False,7166,d,7166,False,MATCH
0.25,930,8,u,1289;2045;2260;3483;4217;4941;6307;6707,uuuuuuuu,1;2;3;4;5;6;7;8,1;3;2;4;6;5;7;8,7,2,2;5,2:invisible;5:invisible,0,2,False,6707,u,6707,False,MATCH
0.25,424,9,u,1291;1468;1865;1997;4171;4417;5090;6835;7070,uuuuuuuuu,1;2;3;4;5;6;7;8;9,1;3;4;2;6;5;8;7;9,8,4,2;3;5;7,2:invisible;3:invisible;5:invisible;7:invisible,0,4,False,7070,u,7070,False,MATCH
0.25,129,1,u,1292,u,1,1,0,0,-,-,0,0,False,1292,u,1292,False,MATCH
0.25,227,2,d,1293;2009,ud,1;2,1;2,1,0,-,-,0,0,False,2009,d,2009,False,MATCH
0.25,614,1,u,1294,u,1,1,0,0,-,-,0,0,False,1294,u,1294,False,MATCH
0.25,1247,16,d,1295;1793;2242;2513;2747;3254;3678;4137;4587;4821;4912;5372;5838;6308;6516;6556,cuuuuuuuuuuuuuud,1;2;3;4;5;6;7;8;9;10;11;12;13;14;15;16,1;2;3;4;5;6;7;8;9;11;12;10;13;14;15;16,15,2,10;11,10:invisible;11:invisible,0,2,False,6556,d,6556,False,MATCH
0.25,946,1,u,1296,u,1,1,0,0,-,-,0,0,False,1296,u,1296,False,MATCH
0.25,1052,6,u,1298;1657;1692;2874;3924;5250,uuuuuu,1;2;3;4;5;6,2;3;1;4;5;6,5,2,1;2,1:invisible;2:invisible,0,2,False,5250,u,5250,False,MATCH
0.25,915,6,u,1299;1559;1895;2012;5093;6864,uuuuuu,1;2;3;4;5;6,1;2;3;5;4;6,5,1,4,4:invisible,0,1,False,6864,u,6864,False,MATCH
0.25,1142,9,c,1300;1465;2116;2151;2915;3827;5728;5740;6910,uuuuuuudc,1;2;3;4;5;6;7;8;9,1;3;2;4;5;7;8;6;9,8,3,2;6;7,2:invisible;6:invisible;7:invisible,0,3,False,6910,c,6910,False,MATCH
0.25,929,11,d,1301;2981;3060;3765;4004;4241;4542;5426;5711;6127;6230,uuuuuuuuuud,1;2;3;4;5;6;7;8;9;10;11,1;2;3;5;4;6;7;8;9;10;11,10,1,4,4:invisible,0,1,False,6230,d,6230,False,MATCH
0.25,1219,15,c,1302;1321;3445;3611;3727;3984;4051;4582;4769;5744;5804;5964;6585;6834;7029,cuuuuuuuuuuuudc,1;2;3;4;5;6;7;8;9;10;11;12;13;14;15,1;2;4;3;5;6;7;8;9;10;11;12;13;14;15,14,1,3,3:invisible,0,1,False,7029,c,7029,False,MATCH
0.25,1061,10,c,1303;1818;2261;3932;4009;4407;4751;5027;5984;7198,uuuuuuuudc,1;2;3;4;5;6;7;8;9;10,1;2;3;4;5;7;6;8;10;9,9,2,6;9,6:invisible;9:descent,1,1,True,5984,d,7198,True,MISSING_CURRENT
0.25,378,11,u,1304;2010;2129;2770;3179;3694;4095;4676;6112;6534;7355,uuuuuuuuuuu,1;2;3;4;5;6;7;8;9;10;11,1;3;2;4;5;6;7;8;10;9;11,10,2,2;9,2:invisible;9:invisible,0,2,False,7355,u,7355,False,MATCH
0.25,328,5,c,1305;1342;2529;3523;5678,uuudc,1;2;3;4;5,1;2;4;3;5,4,1,3,3:invisible,0,1,False,5678,c,5678,False,MATCH
0.25,1179,12,u,1306;1470;1783;2417;2922;3133;4198;4426;5304;5574;6027;7310,uuuuuuuuuuuu,1;2;3;4;5;6;7;8;9;10;11;12,1;2;4;3;5;7;6;9;8;10;12;11,11,4,3;6;8;11,3:invisible;6:invisible;8:invisible;11:descent,1,3,True,6027,u,7310,True,STALE_WINS
0.25,702,4,u,1307;3653;3838;6004,uuuu,1;2;3;4,1;2;3;4,3,0,-,-,0,0,False,6004,u,6004,False,MATCH
0.25,270,3,u,1308;1952;7074,uuu,1;2;3,1;2;3,2,0,-,-,0,0,False,7074,u,7074,False,MATCH
0.25,792,15,d,1309;1482;1507;1917;2293;3002;5010;5051;5326;5484;5609;6961;7259;7368;7376,uuuuuuuuuuuuuud,1;2;3;4;5;6;7;8;9;10;11;12;13;14;15,1;2;3;4;5;6;7;9;10;8;11;12;14;13;15,14,3,8;9;13,8:invisible;9:invisible;13:invisible,0,3,False,7376,d,7376,False,MATCH
0.25,983,9,u,1310;1352;2508;3220;3225;4833;5570;6951;7088,uuuuuuuuu,1;2;3;4;5;6;7;8;9,1;2;4;3;5;6;7;8;9,8,1,3,3:invisible,0,1,False,7088,u,7088,False,MATCH
0.25,538,1,u,1313,u,1,1,0,0,-,-,0,0,False,1313,u,1313,False,MATCH
0.25,1198,15,u,1314;1504;2382;2717;2841;3460;4011;4032;4939;4970;5911;5927;6046;6288;6652,uuuuuuuuuuuuuuu,1;2;3;4;5;6;7;8;9;10;11;12;13;14;15,1;2;3;4;5;6;8;9;10;7;11;13;14;15;12,14,6,7;8;9;12;13;14,7:invisible;8:invisible;9:invisible;12:invisible;13:invisible;14:descent,1,5,True,6288,u,6652,True,STALE_WINS
0.25,506,3,d,1315;3394;4442,uud,1;2;3,1;2;3,2,0,-,-,0,0,False,4442,d,4442,False,MATCH
0.25,743,14,d,1316;1383;1778;2105;2539;2586;3128;3345;4345;4373;5390;5495;6754;7202,uuuuuuuuuuuuud,1;2;3;4;5;6;7;8;9;10;11;12;13;14,1;3;2;4;5;6;7;9;10;8;11;12;14;13,13,4,2;8;9;13,2:invisible;8:invisible;9:invisible;13:descent,1,3,True,6754,u,7202,True,GHOST
0.25,235,15,u,1317;1486;1614;2356;2620;2826;2887;3009;3234;3755;4151;5019;5631;5633;7398,uuuuuuuuuuuuuuu,1;2;3;4;5;6;7;8;9;10;11;12;13;14;15,2;1;3;5;4;6;7;8;10;11;9;13;12;15;14,14,6,1;4;9;10;12;14,1:invisible;4:invisible;9:invisible;10:invisible;12:invisible;14:descent,1,5,True,5633,u,7398,True,STALE_WINS
0.25,5,12,c,1318;2234;2416;2872;3354;3889;4041;5138;5172;5201;6390;6914,uuuuuuuuuudc,1;2;3;4;5;6;7;8;9;10;11;12,1;2;3;4;5;7;6;8;9;10;11;12,11,1,6,6:invisible,0,1,False,6914,c,6914,False,MATCH
0.25,40,3,u,1319;1645;3930,uuu,1;2;3,1;2;3,2,0,-,-,0,0,False,3930,u,3930,False,MATCH
0.25,298,6,u,1322;3427;3813;4663;5716;6850,uuuuuu,1;2;3;4;5;6,1;2;3;4;6;5,5,1,5,5:descent,1,0,True,5716,u,6850,True,STALE_WINS
0.25,243,10,u,1323;2421;3675;3842;4225;4936;5452;5644;5765;6085,uuuuuuuuuu,1;2;3;4;5;6;7;8;9;10,2;1;4;3;5;7;6;8;9;10,9,3,1;3;6,1:invisible;3:invisible;6:invisible,0,3,False,6085,u,6085,False,MATCH
0.25,410,5,u,1324;1761;4984;7142;7194,uuuuu,1;2;3;4;5,1;2;3;4;5,4,0,-,-,0,0,False,7194,u,7194,False,MATCH
0.25,780,5,u,1326;1520;5538;7002;7217,uuuuu,1;2;3;4;5,1;2;3;4;5,4,0,-,-,0,0,False,7217,u,7217,False,MATCH
0.25,741,4,u,1327;3482;4832;5421,uuuu,1;2;3;4,1;3;2;4,3,1,2,2:invisible,0,1,False,5421,u,5421,False,MATCH
0.25,525,10,u,1328;2506;2516;3526;3545;4330;4824;5723;5846;6499,uuuuuuuuuu,1;2;3;4;5;6;7;8;9;10,1;3;2;4;5;6;7;9;8;10,9,2,2;8,2:invisible;8:invisible,0,2,False,6499,u,6499,False,MATCH
0.25,1032,11,u,1329;1521;2285;3106;4435;5206;5908;5998;6367;7328;7336,uuuuuuuuuuu,1;2;3;4;5;6;7;8;9;10;11,1;2;3;4;5;6;8;7;10;9;11,10,2,7;9,7:invisible;9:invisible,0,2,False,7336,u,7336,False,MATCH
0.25,692,4,u,1330;5113;6449;6740,uuuu,1;2;3;4,2;1;3;4,3,1,1,1:invisible,0,1,False,6740,u,6740,False,MATCH
0.25,1089,8,u,1331;3170;3330;3681;3749;4700;5906;7049,uuuuuuuu,1;2;3;4;5;6;7;8,1;2;3;4;5;6;7;8,7,0,-,-,0,0,False,7049,u,7049,False,MATCH
0.25,824,7,u,1332;1568;5655;6332;6675;7130;7204,uuuuuuu,1;2;3;4;5;6;7,1;2;3;5;4;6;7,6,1,4,4:invisible,0,1,False,7204,u,7204,False,MATCH
0.25,1077,7,u,1333;2617;2834;3260;3568;4130;4584,uuuuuuu,1;2;3;4;5;6;7,1;3;2;4;5;7;6,6,2,2;6,2:invisible;6:descent,1,1,True,4130,u,4584,True,STALE_WINS
0.25,336,10,u,1334;1820;3323;3326;4180;4364;5174;6855;7104;7399,uuuuuuuuuu,1;2;3;4;5;6;7;8;9;10,1;2;3;4;5;6;7;8;9;10,9,0,-,-,0,0,False,7399,u,7399,False,MATCH
0.25,278,10,u,1335;1351;1469;1582;3189;4125;5015;5155;5405;7372,uuuuuuuuuu,1;2;3;4;5;6;7;8;9;10,1;2;3;4;5;6;7;8;10;9,9,1,9,9:descent,1,0,True,5405,u,7372,True,STALE_WINS
0.25,594,12,d,1336;1808;2669;2877;3088;3384;3564;4452;5296;5549;5756;6991,uuuuuuuuuuud,1;2;3;4;5;6;7;8;9;10;11;12,1;2;3;4;6;7;8;5;9;10;11;12,11,3,5;6;7,5:invisible;6:invisible;7:invisible,0,3,False,6991,d,6991,False,MATCH
0.25,158,6,u,1337;1631;2448;3257;4579;4670,uuuuuu,1;2;3;4;5;6,1;3;2;4;5;6,5,1,2,2:invisible,0,1,False,4670,u,4670,False,MATCH
0.25,335,1,u,1339,u,1,1,0,0,-,-,0,0,False,1339,u,1339,False,MATCH
0.25,1146,6,u,1340;3612;3998;4397;4440;5772,uuuuuu,1;2;3;4;5;6,1;2;4;5;3;6,5,2,3;4,3:invisible;4:invisible,0,2,False,5772,u,5772,False,MATCH
0.25,171,5,u,1341;4359;5328;5640;6770,uuuuu,1;2;3;4;5,1;2;3;4;5,4,0,-,-,0,0,False,6770,u,6770,False,MATCH
0.25,939,11,d,1344;1526;1757;1947;2309;2653;2722;3534;4306;4504;5288,uuuuuuuuuud,1;2;3;4;5;6;7;8;9;10;11,1;2;3;4;5;6;7;8;9;11;10,10,1,10,10:descent,1,0,True,4504,u,5288,True,GHOST
0.25,83,6,d,1345;3000;3780;4558;6922;7196,uuuuud,1;2;3;4;5;6,2;3;1;4;5;6,5,2,1;2,1:invisible;2:invisible,0,2,False,7196,d,7196,False,MATCH
0.25,1246,4,d,1346;3533;3753;4237,cuud,1;2;3;4,2;1;3;4,3,1,1,1:invisible,0,1,False,4237,d,4237,False,MATCH
0.25,1079,3,u,1347;2630;4666,uuu,1;2;3,1;2;3,2,0,-,-,0,0,False,4666,u,4666,False,MATCH
0.25,682,3,u,1348;3120;3634,uuu,1;2;3,1;3;2,2,1,2,2:descent,1,0,True,3120,u,3634,True,STALE_WINS
0.25,151,11,u,1349;1702;4109;4259;4614;5841;6472;6638;6670;7138;7174,uuuuuuuuuuu,1;2;3;4;5;6;7;8;9;10;11,1;2;4;3;5;6;7;8;9;10;11,10,1,3,3:invisible,0,1,False,7174,u,7174,False,MATCH
0.25,314,5,d,1350;2907;3862;5362;6544,uuuud,1;2;3;4;5,1;2;3;4;5,4,0,-,-,0,0,False,6544,d,6544,False,MATCH
0.25,839,6,u,1353;3182;3470;4158;5065;5957,uuuuuu,1;2;3;4;5;6,2;1;3;4;5;6,5,1,1,1:invisible,0,1,False,5957,u,5957,False,MATCH
0.25,351,11,u,1356;2027;2154;2480;2679;2817;3255;6015;6643;6745;7327,uuuuuuuuuuu,1;2;3;4;5;6;7;8;9;10;11,1;2;3;5;4;6;7;8;9;10;11,10,1,4,4:invisible,0,1,False,7327,u,7327,False,MATCH
0.25,706,11,c,1357;2522;2698;3269;4075;4431;4649;4859;5539;6705;7113,uuuuuuuuudc,1;2;3;4;5;6;7;8;9;10;11,1;2;3;5;4;6;8;7;10;9;11,10,3,4;7;9,4:invisible;7:invisible;9:invisible,0,3,False,7113,c,7113,False,MATCH
0.25,922,6,u,1358;4489;4752;4867;6235;6941,uuuuuu,1;2;3;4;5;6,1;3;2;4;5;6,5,1,2,2:invisible,0,1,False,6941,u,6941,False,MATCH
0.25,310,1,u,1359,u,1,1,0,0,-,-,0,0,False,1359,u,1359,False,MATCH
0.25,1123,9,d,1360;1639;2028;3469;3798;4855;5893;6581;6938,uuuuuuuud,1;2;3;4;5;6;7;8;9,2;1;3;5;4;6;8;7;9,8,3,1;4;7,1:invisible;4:invisible;7:invisible,0,3,False,6938,d,6938,False,MATCH
0.25,592,3,c,1361;5425;6502,udc,1;2;3,2;1;3,2,1,1,1:invisible,0,1,False,6502,c,6502,False,MATCH
0.25,490,16,u,1362;1798;2663;2846;3069;3123;4355;4690;4921;5342;5557;6115;6701;6998;7193;7326,uuuuuuuuuuuuuuuu,1;2;3;4;5;6;7;8;9;10;11;12;13;14;15;16,1;2;3;4;5;7;8;6;10;9;12;11;13;14;15;16,15,4,6;7;9;11,6:invisible;7:invisible;9:invisible;11:invisible,0,4,False,7326,u,7326,False,MATCH
0.25,716,2,u,1363;3194,uu,1;2,2;1,1,1,1,1:descent,1,0,True,1363,u,3194,True,STALE_WINS
0.25,1157,8,u,1364;2158;2843;2933;3094;3166;3915;5477,uuuuuuuu,1;2;3;4;5;6;7;8,1;2;3;4;5;6;7;8,7,0,-,-,0,0,False,5477,u,5477,False,MATCH
0.25,969,9,u,1365;1565;2778;3477;3968;4286;4925;6036;6681,uuuuuuuuu,1;2;3;4;5;6;7;8;9,1;2;3;4;6;5;8;9;7,8,3,5;7;8,5:invisible;7:invisible;8:descent,1,2,True,6036,u,6681,True,STALE_WINS
0.25,397,7,u,1366;1436;1985;5109;5615;6369;7303,uuuuuuu,1;2;3;4;5;6;7,1;2;3;4;6;5;7,6,1,5,5:invisible,0,1,False,7303,u,7303,False,MATCH
0.25,108,5,u,1367;2596;3651;4260;4546,uuuuu,1;2;3;4;5,1;2;3;4;5,4,0,-,-,0,0,False,4546,u,4546,False,MATCH
0.25,1200,7,u,1369;2266;3464;5628;5919;5950;6110,uuuuuuu,1;2;3;4;5;6;7,1;2;4;5;3;6;7,6,2,3;4,3:invisible;4:invisible,0,2,False,6110,u,6110,False,MATCH
0.25,953,4,u,1370;4886;5441;5941,uuuu,1;2;3;4,1;3;2;4,3,1,2,2:invisible,0,1,False,5941,u,5941,False,MATCH
0.25,819,1,u,1371,u,1,1,0,0,-,-,0,0,False,1371,u,1371,False,MATCH
0.25,307,3,u,1372;1841;5928,uuu,1;2;3,1;2;3,2,0,-,-,0,0,False,5928,u,5928,False,MATCH
0.25,478,4,d,1373;1427;4630;4796,uuud,1;2;3;4,1;3;2;4,3,1,2,2:invisible,0,1,False,4796,d,4796,False,MATCH
0.25,319,4,u,1374;3677;6683;7068,uuuu,1;2;3;4,1;3;2;4,3,1,2,2:invisible,0,1,False,7068,u,7068,False,MATCH
0.25,600,11,u,1375;1963;1993;2426;2459;2711;4562;5859;5873;6400;7090,uuuuuuuuuuu,1;2;3;4;5;6;7;8;9;10;11,1;2;3;4;6;5;7;8;10;9;11,10,2,5;9,5:invisible;9:invisible,0,2,False,7090,u,7090,False,MATCH
0.25,1071,3,c,1376;1602;5879,udc,1;2;3,1;3;2,2,1,2,2:descent,1,0,True,1602,d,5879,True,MISSING_CURRENT
0.25,789,4,u,1377;2916;6101;7352,uuuu,1;2;3;4,1;2;4;3,3,1,3,3:descent,1,0,True,6101,u,7352,True,STALE_WINS
0.25,853,6,u,1378;2889;2959;5489;6217;6310,uuuuuu,1;2;3;4;5;6,1;2;3;5;6;4,5,2,4;5,4:invisible;5:descent,1,1,True,6217,u,6310,True,STALE_WINS
0.25,1174,11,u,1379;2758;3362;4132;4555;4569;4686;4848;6057;6773;7249,uuuuuuuuuuu,1;2;3;4;5;6;7;8;9;10;11,2;1;3;5;4;6;8;7;10;11;9,10,5,1;4;7;9;10,1:invisible;4:invisible;7:invisible;9:invisible;10:descent,1,4,True,6773,u,7249,True,STALE_WINS
0.25,402,4,c,1380;2684;4052;4534,uudc,1;2;3;4,1;2;3;4,3,0,-,-,0,0,False,4534,c,4534,False,MATCH
0.25,770,12,d,1382;2561;3355;3980;4114;4344;4463;4727;6312;6549;6833;7053,uuuuuuuuuuud,1;2;3;4;5;6;7;8;9;10;11;12,1;3;2;4;5;7;8;6;9;10;12;11,11,4,2;6;7;11,2:invisible;6:invisible;7:invisible;11:descent,1,3,True,6833,u,7053,True,GHOST
0.25,1222,3,u,1384;3502;5605,cuu,1;2;3,1;2;3,2,0,-,-,0,0,False,5605,u,5605,False,MATCH
0.25,539,10,c,1385;1422;1945;2042;3041;4401;4503;4722;4776;7294,uuuuuuuudc,1;2;3;4;5;6;7;8;9;10,1;3;2;4;5;6;7;8;9;10,9,1,2,2:invisible,0,1,False,7294,c,7294,False,MATCH
0.25,1231,14,d,1387;1797;1942;2159;2181;2450;2569;3487;4030;4477;4890;6347;6699;7273,cuuuuuuuuuuuud,1;2;3;4;5;6;7;8;9;10;11;12;13;14,1;2;3;4;6;5;7;8;9;10;11;13;12;14,13,2,5;12,5:invisible;12:invisible,0,2,False,7273,d,7273,False,MATCH
0.25,12,8,u,1388;1674;2231;2451;5469;5679;6109;6199,uuuuuuuu,1;2;3;4;5;6;7;8,1;3;4;2;5;7;6;8,7,3,2;3;6,2:invisible;3:invisible;6:invisible,0,3,False,6199,u,6199,False,MATCH
0.25,354,2,u,1389;2995,uu,1;2,2;1,1,1,1,1:descent,1,0,True,1389,u,2995,True,STALE_WINS
0.25,895,5,c,1390;2163;4811;6005;6399,uuudc,1;2;3;4;5,1;2;3;4;5,4,0,-,-,0,0,False,6399,c,6399,False,MATCH
0.25,863,18,u,1391;2192;2636;3718;4234;4265;4691;4738;4772;5160;5300;5671;6297;6498;7013;7017;7225;7343,uuuuuuuuuuuuuuuuuu,1;2;3;4;5;6;7;8;9;10;11;12;13;14;15;16;17;18,1;3;2;5;4;7;6;9;8;11;10;12;13;14;15;16;17;18,17,5,2;4;6;8;10,2:invisible;4:invisible;6:invisible;8:invisible;10:invisible,0,5,False,7343,u,7343,False,MATCH
0.25,92,13,c,1392;1676;2147;3097;3343;4348;4551;4757;5707;6328;6520;6807;7237,uuuuuuuuuuudc,1;2;3;4;5;6;7;8;9;10;11;12;13,1;2;3;5;4;7;6;8;9;10;11;12;13,12,2,4;6,4:invisible;6:invisible,0,2,False,7237,c,7237,False,MATCH
0.25,902,10,u,1393;1861;2677;2867;3723;4544;4965;5230;5282;6108,uuuuuuuuuu,1;2;3;4;5;6;7;8;9;10,1;3;2;5;4;7;6;8;9;10,9,3,2;4;6,2:invisible;4:invisible;6:invisible,0,3,False,6108,u,6108,False,MATCH
0.25,56,6,c,1394;2391;3590;5626;7066;7329,uuuudc,1;2;3;4;5;6,1;2;3;5;4;6,5,1,4,4:invisible,0,1,False,7329,c,7329,False,MATCH
0.25,1202,4,u,1395;2056;5036;7004,cuuu,1;2;3;4,1;2;3;4,3,0,-,-,0,0,False,7004,u,7004,False,MATCH
0.25,629,5,u,1396;1909;2140;2903;5256,uuuuu,1;2;3;4;5,1;2;3;4;5,4,0,-,-,0,0,False,5256,u,5256,False,MATCH
0.25,640,9,u,1397;2713;4819;6344;6464;6863;7096;7099;7289,uuuuuuuuu,1;2;3;4;5;6;7;8;9,2;3;1;4;5;6;7;8;9,8,2,1;2,1:invisible;2:invisible,0,2,False,7289,u,7289,False,MATCH
0.25,1243,10,u,1398;1871;1932;2890;4828;5593;6260;6283;6378;6521,cuuuuuuuuu,1;2;3;4;5;6;7;8;9;10,1;2;3;5;4;6;8;7;9;10,9,2,4;7,4:invisible;7:invisible,0,2,False,6521,u,6521,False,MATCH
0.25,577,3,u,1399;4595;5667,uuu,1;2;3,1;3;2,2,1,2,2:descent,1,0,True,4595,u,5667,True,STALE_WINS
0.25,1084,13,u,1400;1990;2077;2419;3040;3213;3513;3830;4219;5616;6195;6738;7316,uuuuuuuuuuuuu,1;2;3;4;5;6;7;8;9;10;11;12;13,1;2;3;5;4;6;8;7;9;10;11;13;12,12,3,4;7;12,4:invisible;7:invisible;12:descent,1,2,True,6738,u,7316,True,STALE_WINS
0.25,1069,9,u,1401;2576;2719;3059;4433;5032;5420;6066;6492,uuuuuuuuu,1;2;3;4;5;6;7;8;9,1;2;4;5;3;6;8;7;9,8,3,3;4;7,3:invisible;4:invisible;7:invisible,0,3,False,6492,u,6492,False,MATCH
0.25,454,15,u,1402;1823;2098;2172;2619;2664;2910;2961;3309;3315;5648;6133;6173;6215;7274,uuuuuuuuuuuuuuu,1;2;3;4;5;6;7;8;9;10;11;12;13;14;15,1;2;3;4;5;6;7;8;10;9;11;13;12;15;14,14,3,9;12;14,9:invisible;12:invisible;14:descent,1,2,True,6215,u,7274,True,STALE_WINS
0.25,797,10,d,1403;1751;2681;2848;3198;4931;5308;5901;6840;7047,uuuuuuuuud,1;2;3;4;5;6;7;8;9;10,1;2;3;5;4;6;7;9;8;10,9,2,4;8,4:invisible;8:invisible,0,2,False,7047,d,7047,False,MATCH
0.25,1176,9,d,1404;2263;4081;4173;4185;4633;5990;6396;7010,uuuuuuuud,1;2;3;4;5;6;7;8;9,1;2;3;4;6;5;8;7;9,8,2,5;7,5:invisible;7:invisible,0,2,False,7010,d,7010,False,MATCH
0.25,4,1,u,1405,u,1,1,0,0,-,-,0,0,False,1405,u,1405,False,MATCH
0.25,1218,14,d,1406;1463;2228;2640;4182;4202;4537;4694;4732;5492;6033;6236;6553;6586,cuuuuuuuuuuuud,1;2;3;4;5;6;7;8;9;10;11;12;13;14,2;3;4;1;5;6;7;8;9;11;10;13;12;14,13,5,1;2;3;10;12,1:invisible;2:invisible;3:invisible;10:invisible;12:invisible,0,5,False,6586,d,6586,False,MATCH
0.25,507,9,d,1407;1828;2111;3509;3562;3660;5822;6752;6889,uuuuuuuud,1;2;3;4;5;6;7;8;9,1;2;3;4;5;7;6;8;9,8,1,6,6:invisible,0,1,False,6889,d,6889,False,MATCH
0.25,740,9,u,1408;1643;3199;3928;3947;4692;5013;5526;6722,uuuuuuuuu,1;2;3;4;5;6;7;8;9,1;2;3;5;6;4;7;8;9,8,2,4;5,4:invisible;5:invisible,0,2,False,6722,u,6722,False,MATCH
0.25,634,8,d,1409;1646;2002;3158;3992;6930;7105;7214,uuuuuuud,1;2;3;4;5;6;7;8,2;3;1;5;6;7;4;8,7,5,1;2;4;5;6,1:invisible;2:invisible;4:invisible;5:invisible;6:invisible,0,5,False,7214,d,7214,False,MATCH
0.25,172,1,u,1410,u,1,1,0,0,-,-,0,0,False,1410,u,1410,False,MATCH
0.25,435,19,u,1411;1691;1739;1863;1867;2057;2170;2369;2371;2521;2680;3154;4319;4735;5774;6316;6869;6955;7046,uuuuuuuuuuuuuuuuuuu,1;2;3;4;5;6;7;8;9;10;11;12;13;14;15;16;17;18;19,1;3;4;2;5;7;6;9;8;10;11;12;13;14;15;16;17;18;19,18,4,2;3;6;8,2:invisible;3:invisible;6:invisible;8:invisible,0,4,False,7046,u,7046,False,MATCH
0.25,471,10,u,1412;2861;3289;4048;4162;4868;5646;6086;6156;6969,uuuuuuuuuu,1;2;3;4;5;6;7;8;9;10,1;3;4;2;6;7;5;9;8;10,9,5,2;3;5;6;8,2:invisible;3:invisible;5:invisible;6:invisible;8:invisible,0,5,False,6969,u,6969,False,MATCH
0.25,965,7,d,1413;1651;2851;3388;4827;5676;5760,uuuuuud,1;2;3;4;5;6;7,1;2;3;4;5;6;7,6,0,-,-,0,0,False,5760,d,5760,False,MATCH
0.25,931,8,u,1414;1804;3845;4251;5268;5439;6205;6597,uuuuuuuu,1;2;3;4;5;6;7;8,2;1;4;3;5;6;7;8,7,2,1;3,1:invisible;3:invisible,0,2,False,6597,u,6597,False,MATCH
0.25,1098,3,c,1415;1826;6266,udc,1;2;3,1;2;3,2,0,-,-,0,0,False,6266,c,6266,False,MATCH
0.25,45,18,u,1416;1464;1474;1529;2224;2388;2392;2814;2882;3692;3720;3906;3914;4801;5427;5790;6063;7309,uuuuuuuuuuuuuuuuuu,1;2;3;4;5;6;7;8;9;10;11;12;13;14;15;16;17;18,1;2;3;4;5;6;7;9;8;10;11;12;14;13;16;15;17;18,17,3,8;13;15,8:invisible;13:invisible;15:invisible,0,3,False,7309,u,7309,False,MATCH
0.25,1230,8,u,1417;1527;2756;3391;4354;4737;6633;6679,cuuuuuuu,1;2;3;4;5;6;7;8,2;1;3;5;4;6;8;7,7,3,1;4;7,1:invisible;4:invisible;7:descent,1,2,True,6633,u,6679,True,STALE_WINS
0.25,892,4,u,1418;1479;6625;6690,uuuu,1;2;3;4,2;1;3;4,3,1,1,1:invisible,0,1,False,6690,u,6690,False,MATCH
0.25,123,3,u,1419;2950;4488,uuu,1;2;3,1;2;3,2,0,-,-,0,0,False,4488,u,4488,False,MATCH
0.25,616,5,u,1420;4329;4420;6634;7077,uuuuu,1;2;3;4;5,1;2;3;5;4,4,1,4,4:descent,1,0,True,6634,u,7077,True,STALE_WINS
0.25,16,4,u,1421;1782;1974;7379,uuuu,1;2;3;4,1;3;4;2,3,2,2;3,2:invisible;3:descent,1,1,True,1974,u,7379,True,STALE_WINS
0.25,349,15,u,1423;1654;1940;2616;3436;3614;4074;4126;4131;4852;5370;5501;5815;6551;6918,uuuuuuuuuuuuuuu,1;2;3;4;5;6;7;8;9;10;11;12;13;14;15,1;2;4;3;5;7;6;8;10;11;9;12;13;14;15,14,4,3;6;9;10,3:invisible;6:invisible;9:invisible;10:invisible,0,4,False,6918,u,6918,False,MATCH
0.25,181,3,u,1424;5694;7275,uuu,1;2;3,2;3;1,2,2,1;2,1:invisible;2:descent,1,1,True,5694,u,7275,True,STALE_WINS
0.25,401,13,u,1425;1914;2001;2236;2527;3099;3114;3212;3372;3772;5377;6497;6611,uuuuuuuuuuuuu,1;2;3;4;5;6;7;8;9;10;11;12;13,1;3;2;5;4;6;8;7;9;10;11;12;13,12,3,2;4;7,2:invisible;4:invisible;7:invisible,0,3,False,6611,u,6611,False,MATCH
0.25,610,8,u,1426;1562;1589;1767;3072;4209;4636;5559,uuuuuuuu,1;2;3;4;5;6;7;8,1;2;3;5;4;7;6;8,7,2,4;6,4:invisible;6:invisible,0,2,False,5559,u,5559,False,MATCH
0.25,1112,15,u,1428;2357;2370;3308;3800;3929;4223;4288;4533;4677;5381;5398;5748;5857;6233,uuuuuuuuuuuuuuu,1;2;3;4;5;6;7;8;9;10;11;12;13;14;15,1;2;4;3;6;5;7;9;8;10;11;13;14;12;15,14,5,3;5;8;12;13,3:invisible;5:invisible;8:invisible;12:invisible;13:invisible,0,5,False,6233,u,6233,False,MATCH
0.25,105,8,u,1429;3446;4483;4659;4720;4923;6129;6900,uuuuuuuu,1;2;3;4;5;6;7;8,1;2;3;4;5;6;7;8,7,0,-,-,0,0,False,6900,u,6900,False,MATCH
0.25,175,7,u,1431;1649;3848;4455;5695;5997;7397,uuuuuuu,1;2;3;4;5;6;7,1;2;3;4;5;7;6,6,1,6,6:descent,1,0,True,5997,u,7397,True,STALE_WINS
0.25,951,2,d,1433;1650,ud,1;2,1;2,1,0,-,-,0,0,False,1650,d,1650,False,MATCH
0.25,501,2,d,1434;4813,ud,1;2,2;1,1,1,1,1:descent,1,0,True,1434,u,4813,True,GHOST
0.25,866,2,u,1435;3868,uu,1;2,1;2,1,0,-,-,0,0,False,3868,u,3868,False,MATCH
0.25,587,9,c,1437;2803;3424;5464;5482;5696;5730;6761;7182,uuuuuuudc,1;2;3;4;5;6;7;8;9,2;1;3;4;6;5;7;9;8,8,3,1;5;8,1:invisible;5:invisible;8:descent,1,2,True,6761,d,7182,True,MISSING_CURRENT
0.25,1082,5,d,1438;2472;5979;6025;7144,uuuud,1;2;3;4;5,1;2;4;5;3,4,2,3;4,3:invisible;4:descent,1,1,True,6025,u,7144,True,GHOST
0.25,909,2,u,1440;3035,uu,1;2,1;2,1,0,-,-,0,0,False,3035,u,3035,False,MATCH
0.25,818,10,d,1441;1621;1856;2531;3148;3503;3539;5177;5455;7369,uuuuuuuuud,1;2;3;4;5;6;7;8;9;10,2;1;3;5;6;4;7;9;8;10,9,4,1;4;5;8,1:invisible;4:invisible;5:invisible;8:invisible,0,4,False,7369,d,7369,False,MATCH
0.25,405,5,c,1442;2510;3019;5443;5751,uuudc,1;2;3;4;5,1;2;3;4;5,4,0,-,-,0,0,False,5751,c,5751,False,MATCH
0.25,612,9,d,1443;2571;3668;4077;4340;4366;5001;5056;6789,uuuuuuuud,1;2;3;4;5;6;7;8;9,2;3;1;5;4;6;8;9;7,8,5,1;2;4;7;8,1:invisible;2:invisible;4:invisible;7:invisible;8:descent,1,4,True,5056,u,6789,True,GHOST
0.25,568,2,u,1444;2269,uu,1;2,1;2,1,0,-,-,0,0,False,2269,u,2269,False,MATCH
0.25,725,4,u,1445;1493;2721;4672,uuuu,1;2;3;4,1;2;3;4,3,0,-,-,0,0,False,4672,u,4672,False,MATCH
0.25,130,6,u,1447;1792;4566;4588;5958;7210,uuuuuu,1;2;3;4;5;6,1;2;3;4;5;6,5,0,-,-,0,0,False,7210,u,7210,False,MATCH
0.25,907,9,u,1448;1852;2277;3010;5607;6237;6285;6684;7282,uuuuuuuuu,1;2;3;4;5;6;7;8;9,2;1;3;4;5;7;6;9;8,8,3,1;6;8,1:invisible;6:invisible;8:descent,1,2,True,6684,u,7282,True,STALE_WINS
0.25,1030,2,u,1449;5232,uu,1;2,1;2,1,0,-,-,0,0,False,5232,u,5232,False,MATCH
0.25,494,4,u,1450;2554;6269;7030,uuuu,1;2;3;4,1;2;4;3,3,1,3,3:descent,1,0,True,6269,u,7030,True,STALE_WINS
0.25,628,12,u,1452;1550;1737;2306;2533;2829;4443;4842;4860;5275;5896;7307,uuuuuuuuuuuu,1;2;3;4;5;6;7;8;9;10;11;12,1;2;3;4;5;7;6;8;9;10;11;12,11,1,6,6:invisible,0,1,False,7307,u,7307,False,MATCH
0.25,699,4,d,1454;1851;2649;7386,uuud,1;2;3;4,1;2;4;3,3,1,3,3:descent,1,0,True,2649,u,7386,True,GHOST
0.25,305,8,u,1456;1866;3599;3639;4136;4818;4851;7293,uuuuuuuu,1;2;3;4;5;6;7;8,2;1;3;4;5;7;6;8,7,2,1;6,1:invisible;6:invisible,0,2,False,7293,u,7293,False,MATCH
0.25,1086,3,u,1457;2226;6682,uuu,1;2;3,2;1;3,2,1,1,1:invisible,0,1,False,6682,u,6682,False,MATCH
0.25,389,9,d,1458;2558;3666;3696;3833;5003;5721;6677;7220,uuuuuuuud,1;2;3;4;5;6;7;8;9,1;2;3;4;5;6;7;8;9,8,0,-,-,0,0,False,7220,d,7220,False,MATCH
0.25,928,5,u,1459;1588;1935;2198;2873,uuuuu,1;2;3;4;5,1;2;3;4;5,4,0,-,-,0,0,False,2873,u,2873,False,MATCH
0.25,31,1,u,1460,u,1,1,0,0,-,-,0,0,False,1460,u,1460,False,MATCH
0.25,74,4,d,1462;2489;3390;3937,uuud,1;2;3;4,1;2;3;4,3,0,-,-,0,0,False,3937,d,3937,False,MATCH
0.25,649,3,d,1466;2270;5960,uud,1;2;3,1;3;2,2,1,2,2:descent,1,0,True,2270,u,5960,True,GHOST
0.25,758,5,d,1471;2432;3630;6003;6613,uuuud,1;2;3;4;5,1;3;4;2;5,4,2,2;3,2:invisible;3:invisible,0,2,False,6613,d,6613,False,MATCH
0.25,331,5,u,1472;2518;2925;3087;5613,uuuuu,1;2;3;4;5,1;2;3;4;5,4,0,-,-,0,0,False,5613,u,5613,False,MATCH
0.25,343,13,d,1473;1634;1772;2332;2838;3420;4606;5699;6324;6356;6473;6901;7319,uuuuuuuuuuuud,1;2;3;4;5;6;7;8;9;10;11;12;13,1;2;3;4;5;7;6;8;9;11;10;12;13,12,2,6;10,6:invisible;10:invisible,0,2,False,7319,d,7319,False,MATCH
0.25,1215,10,d,1475;1543;1680;2984;4888;5487;6574;6790;6851;6968,cuuuuuuuud,1;2;3;4;5;6;7;8;9;10,1;3;2;4;6;5;7;9;8;10,9,3,2;5;8,2:invisible;5:invisible;8:invisible,0,3,False,6968,d,6968,False,MATCH
0.25,1002,4,d,1476;1735;6042;6933,uuud,1;2;3;4,1;2;3;4,3,0,-,-,0,0,False,6933,d,6933,False,MATCH
0.25,1242,3,u,1477;1612;5742,cuu,1;2;3,1;3;2,2,1,2,2:descent,1,0,True,1612,u,5742,True,STALE_WINS
0.25,1070,4,u,1480;3569;4958;6759,uuuu,1;2;3;4,1;2;3;4,3,0,-,-,0,0,False,6759,u,6759,False,MATCH
0.25,874,9,u,1481;3151;3926;4791;4797;4995;5371;5499;5673,uuuuuuuuu,1;2;3;4;5;6;7;8;9,1;2;4;5;3;6;7;9;8,8,3,3;4;8,3:invisible;4:invisible;8:descent,1,2,True,5499,u,5673,True,STALE_WINS
0.25,990,7,d,1483;3057;3324;3648;5107;6327;6466,uuuuuud,1;2;3;4;5;6;7,2;1;3;4;6;5;7,6,2,1;5,1:invisible;5:invisible,0,2,False,6466,d,6466,False,MATCH
0.25,325,4,c,1484;3547;4857;6117,uudc,1;2;3;4,2;1;4;3,3,2,1;3,1:invisible;3:descent,1,1,True,4857,d,6117,True,MISSING_CURRENT
0.25,1209,4,u,1485;5876;6717;7159,cuuu,1;2;3;4,1;2;3;4,3,0,-,-,0,0,False,7159,u,7159,False,MATCH
0.25,696,9,u,1487;2707;3625;4191;4289;5101;5123;5702;6793,uuuuuuuuu,1;2;3;4;5;6;7;8;9,1;2;3;4;5;6;7;8;9,8,0,-,-,0,0,False,6793,u,6793,False,MATCH
0.25,541,2,u,1489;2208,uu,1;2,1;2,1,0,-,-,0,0,False,2208,u,2208,False,MATCH
0.25,1008,2,u,1490;6876,uu,1;2,1;2,1,0,-,-,0,0,False,6876,u,6876,False,MATCH
0.25,225,1,u,1491,u,1,1,0,0,-,-,0,0,False,1491,u,1491,False,MATCH
0.25,1062,2,u,1492;1927,uu,1;2,1;2,1,0,-,-,0,0,False,1927,u,1927,False,MATCH
0.25,582,4,d,1494;2238;3419;4187,uuud,1;2;3;4,1;3;4;2,3,2,2;3,2:invisible;3:descent,1,1,True,3419,u,4187,True,GHOST
0.25,569,13,u,1495;2152;2177;2606;2706;2986;3231;3400;4450;5324;6620;6765;7266,uuuuuuuuuuuuu,1;2;3;4;5;6;7;8;9;10;11;12;13,1;2;4;5;3;6;7;8;9;10;12;11;13,12,3,3;4;11,3:invisible;4:invisible;11:invisible,0,3,False,7266,u,7266,False,MATCH
0.25,668,17,u,1496;1587;1980;2153;2789;3075;3633;3912;4715;4774;4814;4933;5318;6428;6694;7157;7317,uuuuuuuuuuuuuuuuu,1;2;3;4;5;6;7;8;9;10;11;12;13;14;15;16;17,1;3;2;4;5;6;7;9;8;10;12;13;11;15;14;16;17,16,5,2;8;11;12;14,2:invisible;8:invisible;11:invisible;12:invisible;14:invisible,0,5,False,7317,u,7317,False,MATCH
0.25,1163,6,u,1497;2086;2393;4763;5227;6899,uuuuuu,1;2;3;4;5;6,1;2;3;4;6;5,5,1,5,5:descent,1,0,True,5227,u,6899,True,STALE_WINS
0.25,366,3,u,1498;2436;3624,uuu,1;2;3,1;3;2,2,1,2,2:descent,1,0,True,2436,u,3624,True,STALE_WINS
0.25,662,4,u,1499;5082;6122;6898,uuuu,1;2;3;4,1;3;2;4,3,1,2,2:invisible,0,1,False,6898,u,6898,False,MATCH
0.25,1233,5,c,1500;2121;3134;5677;6488,cuudc,1;2;3;4;5,1;2;3;4;5,4,0,-,-,0,0,False,6488,c,6488,False,MATCH
0.25,660,4,u,1501;4372;6153;6165,uuuu,1;2;3;4,2;1;3;4,3,1,1,1:invisible,0,1,False,6165,u,6165,False,MATCH
0.25,1042,3,u,1502;2865;3096,uuu,1;2;3,2;1;3,2,1,1,1:invisible,0,1,False,3096,u,3096,False,MATCH
0.25,1018,5,c,1503;2408;5052;6801;7234,uuudc,1;2;3;4;5,1;2;4;3;5,4,1,3,3:invisible,0,1,False,7234,c,7234,False,MATCH
0.25,80,7,c,1505;1522;1578;2990;3684;4523;6121,uuuuudc,1;2;3;4;5;6;7,1;3;2;4;5;6;7,6,1,2,2:invisible,0,1,False,6121,c,6121,False,MATCH
0.25,724,8,u,1506;1624;1870;2524;2905;5692;7137;7302,uuuuuuuu,1;2;3;4;5;6;7;8,2;1;3;4;6;7;8;5,7,4,1;5;6;7,1:invisible;5:invisible;6:invisible;7:descent,1,3,True,7137,u,7302,True,STALE_WINS
0.25,731,9,u,1508;1732;3334;3435;3672;5718;6061;6944;7224,uuuuuuuuu,1;2;3;4;5;6;7;8;9,1;3;2;4;6;5;7;8;9,8,2,2;5,2:invisible;5:invisible,0,2,False,7224,u,7224,False,MATCH
0.25,1017,1,u,1509,u,1,1,0,0,-,-,0,0,False,1509,u,1509,False,MATCH
0.25,1127,5,c,1510;2648;4082;4376;5963,uuudc,1;2;3;4;5,1;2;3;4;5,4,0,-,-,0,0,False,5963,c,5963,False,MATCH
0.25,1122,10,d,1512;2165;2428;3014;3236;3771;4039;4135;4350;5521,uuuuuuuuud,1;2;3;4;5;6;7;8;9;10,1;2;3;4;5;6;8;7;9;10,9,1,7,7:invisible,0,1,False,5521,d,5521,False,MATCH
0.25,429,5,c,1514;2550;3135;4607;5891,uuudc,1;2;3;4;5,1;2;3;4;5,4,0,-,-,0,0,False,5891,c,5891,False,MATCH
0.25,486,4,u,1515;1678;4054;6276,uuuu,1;2;3;4,1;2;3;4,3,0,-,-,0,0,False,6276,u,6276,False,MATCH
0.25,884,4,d,1518;1706;2398;5386,uuud,1;2;3;4,1;2;4;3,3,1,3,3:descent,1,0,True,2398,u,5386,True,GHOST
0.25,91,4,u,1519;1913;6317;7339,uuuu,1;2;3;4,1;3;2;4,3,1,2,2:invisible,0,1,False,7339,u,7339,False,MATCH
0.25,222,4,u,1523;4017;4949;6323,uuuu,1;2;3;4,1;2;3;4,3,0,-,-,0,0,False,6323,u,6323,False,MATCH
0.25,566,4,u,1524;2497;2900;5568,uuuu,1;2;3;4,1;2;3;4,3,0,-,-,0,0,False,5568,u,5568,False,MATCH
0.25,341,13,u,1525;1626;1801;2005;3367;3387;4467;4621;5682;5935;6708;6857;7301,uuuuuuuuuuuuu,1;2;3;4;5;6;7;8;9;10;11;12;13,1;3;2;4;5;6;8;7;9;10;11;12;13,12,2,2;7,2:invisible;7:invisible,0,2,False,7301,u,7301,False,MATCH
0.25,1205,9,u,1528;1554;2687;3640;3831;4515;5330;5436;6358,cuuuuuuuu,1;2;3;4;5;6;7;8;9,1;2;3;4;5;6;7;9;8,8,1,8,8:descent,1,0,True,5436,u,6358,True,STALE_WINS
0.25,517,10,c,1530;1615;2015;3679;4022;4905;5059;5146;5171;5907,uuuuuuuudc,1;2;3;4;5;6;7;8;9;10,1;2;3;4;6;5;7;8;9;10,9,1,5,5:invisible,0,1,False,5907,c,5907,False,MATCH
0.25,678,9,u,1531;1594;1673;1787;2693;3307;3422;5179;6831,uuuuuuuuu,1;2;3;4;5;6;7;8;9,1;2;3;4;5;7;6;9;8,8,2,6;8,6:invisible;8:descent,1,1,True,5179,u,6831,True,STALE_WINS
0.25,255,7,u,1532;4315;4635;4858;5514;6656;7101,uuuuuuu,1;2;3;4;5;6;7,1;2;4;3;5;7;6,6,2,3;6,3:invisible;6:descent,1,1,True,6656,u,7101,True,STALE_WINS
0.25,323,2,u,1533;5189,uu,1;2,2;1,1,1,1,1:descent,1,0,True,1533,u,5189,True,STALE_WINS
0.25,1225,10,d,1534;2073;2584;2786;2852;4028;4361;5643;6398;6749,cuuuuuuuud,1;2;3;4;5;6;7;8;9;10,1;2;3;4;6;5;7;8;9;10,9,1,5,5:invisible,0,1,False,6749,d,6749,False,MATCH
0.25,186,2,u,1535;6778,uu,1;2,1;2,1,0,-,-,0,0,False,6778,u,6778,False,MATCH
0.25,1152,1,u,1536,u,1,1,0,0,-,-,0,0,False,1536,u,1536,False,MATCH
0.25,974,7,u,1537;2178;2704;3132;5806;6353;7154,uuuuuuu,1;2;3;4;5;6;7,1;2;4;3;5;7;6,6,2,3;6,3:invisible;6:descent,1,1,True,6353,u,7154,True,STALE_WINS
0.25,1237,6,u,1539;4658;4991;5913;6844;7291,cuuuuu,1;2;3;4;5;6,1;2;3;4;5;6,5,0,-,-,0,0,False,7291,u,7291,False,MATCH
0.25,283,2,u,1540;4682,uu,1;2,1;2,1,0,-,-,0,0,False,4682,u,4682,False,MATCH
0.25,23,5,u,1541;2354;2792;6457;6510,uuuuu,1;2;3;4;5,2;1;4;3;5,4,2,1;3,1:invisible;3:invisible,0,2,False,6510,u,6510,False,MATCH
0.25,1060,5,u,1542;1978;5461;6653;7240,uuuuu,1;2;3;4;5,1;2;4;3;5,4,1,3,3:invisible,0,1,False,7240,u,7240,False,MATCH
0.25,1221,9,u,1544;1567;2036;2182;2526;4270;4924;5175;6658,cuuuuuuuu,1;2;3;4;5;6;7;8;9,2;3;1;4;5;6;8;7;9,8,3,1;2;7,1:invisible;2:invisible;7:invisible,0,3,False,6658,u,6658,False,MATCH
0.25,470,6,u,1545;2083;4033;4266;5315;6713,uuuuuu,1;2;3;4;5;6,2;3;4;1;5;6,5,3,1;2;3,1:invisible;2:invisible;3:invisible,0,3,False,6713,u,6713,False,MATCH
0.25,798,10,u,1546;1887;2442;2675;2935;4148;4300;5475;5582;6540,uuuuuuuuuu,1;2;3;4;5;6;7;8;9;10,1;2;3;4;5;6;7;9;8;10,9,1,8,8:invisible,0,1,False,6540,u,6540,False,MATCH
0.25,512,3,u,1547;2954;3876,uuu,1;2;3,1;2;3,2,0,-,-,0,0,False,3876,u,3876,False,MATCH
0.25,193,5,u,1548;2886;4363;5368;6078,uuuuu,1;2;3;4;5,1;2;3;5;4,4,1,4,4:descent,1,0,True,5368,u,6078,True,STALE_WINS
0.25,364,11,u,1549;1885;2055;3250;3319;3635;4179;4904;5343;5493;5698,uuuuuuuuuuu,1;2;3;4;5;6;7;8;9;10;11,1;2;3;4;5;6;7;8;9;11;10,10,1,10,10:descent,1,0,True,5493,u,5698,True,STALE_WINS
0.25,1041,3,u,1551;5400;6959,uuu,1;2;3,1;2;3,2,0,-,-,0,0,False,6959,u,6959,False,MATCH
0.25,107,2,d,1552;3946,ud,1;2,1;2,1,0,-,-,0,0,False,3946,d,3946,False,MATCH
0.25,904,11,u,1553;2977;3297;3499;3945;4019;4264;5057;5272;6896;6932,uuuuuuuuuuu,1;2;3;4;5;6;7;8;9;10;11,1;2;4;5;6;3;7;8;10;11;9,10,5,3;4;5;9;10,3:invisible;4:invisible;5:invisible;9:invisible;10:descent,1,4,True,6896,u,6932,True,STALE_WINS
0.25,148,11,u,1555;1608;1973;2099;2908;4521;5178;5669;6094;6417;6639,uuuuuuuuuuu,1;2;3;4;5;6;7;8;9;10;11,1;2;3;4;5;6;8;7;9;10;11,10,1,7,7:invisible,0,1,False,6639,u,6639,False,MATCH
0.25,782,3,u,1556;2868;2884,uuu,1;2;3,1;2;3,2,0,-,-,0,0,False,2884,u,2884,False,MATCH
0.25,422,6,c,1557;2253;3757;4046;4445;7127,uuuudc,1;2;3;4;5;6,1;2;4;3;5;6,5,1,3,3:invisible,0,1,False,7127,c,7127,False,MATCH
0.25,352,8,u,1558;2090;2639;2912;4369;4396;4713;5394,uuuuuuuu,1;2;3;4;5;6;7;8,1;2;4;3;5;6;7;8,7,1,3,3:invisible,0,1,False,5394,u,5394,False,MATCH
0.25,613,2,u,1561;5169,uu,1;2,1;2,1,0,-,-,0,0,False,5169,u,5169,False,MATCH
0.25,128,13,d,1563;1622;1765;2183;2287;2523;2734;3174;3613;4673;4793;5073;6007,uuuuuuuuuuuud,1;2;3;4;5;6;7;8;9;10;11;12;13,1;2;3;5;6;7;4;8;9;10;11;12;13,12,3,4;5;6,4:invisible;5:invisible;6:invisible,0,3,False,6007,d,6007,False,MATCH
0.25,1166,8,c,1564;2080;4862;4878;4957;5050;5803;6088,uuuuuudc,1;2;3;4;5;6;7;8,1;2;3;5;6;4;7;8,7,2,4;5,4:invisible;5:invisible,0,2,False,6088,c,6088,False,MATCH
0.25,357,8,u,1566;1718;2136;2317;3942;4029;5865;7112,uuuuuuuu,1;2;3;4;5;6;7;8,1;2;3;5;6;4;7;8,7,2,4;5,4:invisible;5:invisible,0,2,False,7112,u,7112,False,MATCH
0.25,633,3,u,1569;4083;6239,uuu,1;2;3,1;2;3,2,0,-,-,0,0,False,6239,u,6239,False,MATCH
0.25,684,8,u,1570;3157;4438;5045;5470;5916;6207;6506,uuuuuuuu,1;2;3;4;5;6;7;8,1;2;4;3;6;5;7;8,7,2,3;5,3:invisible;5:invisible,0,2,False,6506,u,6506,False,MATCH
0.25,644,3,u,1571;2997;6060,uuu,1;2;3,1;2;3,2,0,-,-,0,0,False,6060,u,6060,False,MATCH
0.25,89,4,u,1572;1697;2273;3125,uuuu,1;2;3;4,1;3;4;2,3,2,2;3,2:invisible;3:descent,1,1,True,2273,u,3125,True,STALE_WINS
0.25,647,17,u,1573;2212;3146;3222;4405;4605;4768;5271;5454;5749;5870;5940;6571;6604;6669;6911;7050,uuuuuuuuuuuuuuuuu,1;2;3;4;5;6;7;8;9;10;11;12;13;14;15;16;17,2;1;4;3;6;5;7;8;10;9;11;12;13;14;15;17;16,16,5,1;3;5;9;16,1:invisible;3:invisible;5:invisible;9:invisible;16:descent,1,4,True,6911,u,7050,True,STALE_WINS
0.25,390,12,u,1574;1672;2123;2374;3272;3522;3949;4010;4087;6430;6744;7388,uuuuuuuuuuuu,1;2;3;4;5;6;7;8;9;10;11;12,1;2;3;4;5;6;8;7;9;11;10;12,11,2,7;10,7:invisible;10:invisible,0,2,False,7388,u,7388,False,MATCH
0.25,851,4,d,1575;5995;6000;6458,uuud,1;2;3;4,1;2;3;4,3,0,-,-,0,0,False,6458,d,6458,False,MATCH
0.25,653,3,u,1576;4053;4754,uuu,1;2;3,1;3;2,2,1,2,2:descent,1,0,True,4053,u,4754,True,STALE_WINS
0.25,1104,14,u,1577;1911;2060;2469;2958;3247;4024;4097;4167;5253;5600;6054;6411;6500,uuuuuuuuuuuuuu,1;2;3;4;5;6;7;8;9;10;11;12;13;14,1;3;2;4;5;6;7;8;9;11;10;13;12;14,13,3,2;10;12,2:invisible;10:invisible;12:invisible,0,3,False,6500,u,6500,False,MATCH
0.25,118,10,u,1579;2634;3328;4437;4484;4518;4831;4971;5348;7120,uuuuuuuuuu,1;2;3;4;5;6;7;8;9;10,1;2;3;4;6;5;7;9;8;10,9,2,5;8,5:invisible;8:invisible,0,2,False,7120,u,7120,False,MATCH
0.25,968,1,u,1580,u,1,1,0,0,-,-,0,0,False,1580,u,1580,False,MATCH
0.25,451,4,u,1583;3426;3746;7405,uuuu,1;2;3;4,1;2;3;4,3,0,-,-,0,0,False,7405,u,7405,False,MATCH
0.25,583,7,u,1584;3492;3621;5369;5706;6314;6757,uuuuuuu,1;2;3;4;5;6;7,1;2;3;4;5;6;7,6,0,-,-,0,0,False,6757,u,6757,False,MATCH
0.25,147,4,u,1585;4485;5636;6685,uuuu,1;2;3;4,2;1;3;4,3,1,1,1:invisible,0,1,False,6685,u,6685,False,MATCH
0.25,252,2,u,1586;6942,uu,1;2,2;1,1,1,1,1:descent,1,0,True,1586,u,6942,True,STALE_WINS
0.25,948,12,u,1590;1843;2218;2373;2608;2610;3036;5259;6360;6674;7061;7185,uuuuuuuuuuuu,1;2;3;4;5;6;7;8;9;10;11;12,1;2;3;4;5;6;7;8;9;10;11;12,11,0,-,-,0,0,False,7185,u,7185,False,MATCH
0.25,430,11,u,1591;1605;2087;3238;3398;4653;5389;5785;6211;6776;7095,uuuuuuuuuuu,1;2;3;4;5;6;7;8;9;10;11,2;1;3;4;5;7;6;8;9;10;11,10,2,1;6,1:invisible;6:invisible,0,2,False,7095,u,7095,False,MATCH
0.25,1140,4,d,1592;3053;3193;5786,uuud,1;2;3;4,1;2;3;4,3,0,-,-,0,0,False,5786,d,5786,False,MATCH
0.25,622,6,d,1595;2081;3620;3801;3994;7200,uuuuud,1;2;3;4;5;6,1;3;4;2;6;5,5,3,2;3;5,2:invisible;3:invisible;5:descent,1,2,True,3994,u,7200,True,GHOST
0.25,438,2,d,1596;3344,ud,1;2,2;1,1,1,1,1:descent,1,0,True,1596,u,3344,True,GHOST
0.25,488,3,u,1597;3649;3751,uuu,1;2;3,2;1;3,2,1,1,1:invisible,0,1,False,3751,u,3751,False,MATCH
0.25,234,6,c,1598;1813;1853;2810;3421;6990,uuuudc,1;2;3;4;5;6,1;2;3;5;4;6,5,1,4,4:invisible,0,1,False,6990,c,6990,False,MATCH
0.25,785,9,d,1599;1902;1938;2411;3901;4761;5341;5530;6135,uuuuuuuud,1;2;3;4;5;6;7;8;9,1;2;3;5;4;6;7;8;9,8,1,4,4:invisible,0,1,False,6135,d,6135,False,MATCH
0.25,522,5,u,1600;2133;2655;3397;5261,uuuuu,1;2;3;4;5,1;2;4;3;5,4,1,3,3:invisible,0,1,False,5261,u,5261,False,MATCH
0.25,955,1,u,1601,u,1,1,0,0,-,-,0,0,False,1601,u,1601,False,MATCH
0.25,170,3,u,1603;2667;5231,uuu,1;2;3,1;2;3,2,0,-,-,0,0,False,5231,u,5231,False,MATCH
0.25,285,8,u,1604;2885;3376;4233;4454;5552;6893;7001,uuuuuuuu,1;2;3;4;5;6;7;8,1;3;2;4;5;6;7;8,7,1,2,2:invisible,0,1,False,7001,u,7001,False,MATCH
0.25,121,8,d,1606;2240;2444;4068;4393;5759;6445;6797,uuuuuuud,1;2;3;4;5;6;7;8,1;2;4;5;3;6;7;8,7,2,3;4,3:invisible;4:invisible,0,2,False,6797,d,6797,False,MATCH
0.25,910,6,u,1607;3570;3610;4517;5739;6114,uuuuuu,1;2;3;4;5;6,2;1;3;4;5;6,5,1,1,1:invisible,0,1,False,6114,u,6114,False,MATCH
0.25,1117,5,u,1609;2049;2069;5994;7335,uuuuu,1;2;3;4;5,1;2;3;5;4,4,1,4,4:descent,1,0,True,5994,u,7335,True,STALE_WINS
0.25,218,18,u,1610;1903;1981;2019;2132;2577;3336;3760;4444;5344;5719;6089;6169;6206;6512;6692;6731;6908,uuuuuuuuuuuuuuuuuu,1;2;3;4;5;6;7;8;9;10;11;12;13;14;15;16;17;18,2;1;3;4;5;6;8;9;7;10;11;12;14;13;15;16;17;18,17,4,1;7;8;13,1:invisible;7:invisible;8:invisible;13:invisible,0,4,False,6908,u,6908,False,MATCH
0.25,20,2,u,1611;2378,uu,1;2,1;2,1,0,-,-,0,0,False,2378,u,2378,False,MATCH
0.25,795,5,u,1613;3244;5076;6563;7344,uuuuu,1;2;3;4;5,1;2;3;4;5,4,0,-,-,0,0,False,7344,u,7344,False,MATCH
0.25,664,7,u,1616;2041;3976;4412;4524;6667;7027,uuuuuuu,1;2;3;4;5;6;7,1;2;3;4;5;7;6,6,1,6,6:descent,1,0,True,6667,u,7027,True,STALE_WINS
0.25,729,5,u,1617;1979;2367;3455;4034,uuuuu,1;2;3;4;5,1;3;4;2;5,4,2,2;3,2:invisible;3:invisible,0,2,False,4034,u,4034,False,MATCH
0.25,440,9,d,1619;2088;2504;3528;4739;5867;6947;6957;7243,uuuuuuuud,1;2;3;4;5;6;7;8;9,2;1;3;4;5;7;6;8;9,8,2,1;6,1:invisible;6:invisible,0,2,False,7243,d,7243,False,MATCH
0.25,730,7,u,1620;1953;3054;6493;6588;6921;7128,uuuuuuu,1;2;3;4;5;6;7,2;1;3;4;6;7;5,6,3,1;5;6,1:invisible;5:invisible;6:descent,1,2,True,6921,u,7128,True,STALE_WINS
0.25,710,2,u,1623;3245,uu,1;2,2;1,1,1,1,1:descent,1,0,True,1623,u,3245,True,STALE_WINS
0.25,3,3,u,1625;2120;2537,uuu,1;2;3,1;3;2,2,1,2,2:descent,1,0,True,2120,u,2537,True,STALE_WINS
0.25,718,5,d,1627;3779;3978;4076;5589,uuuud,1;2;3;4;5,2;1;3;4;5,4,1,1,1:invisible,0,1,False,5589,d,5589,False,MATCH
0.25,484,6,u,1628;1759;2613;3622;5903;5976,uuuuuu,1;2;3;4;5;6,2;3;1;4;5;6,5,2,1;2,1:invisible;2:invisible,0,2,False,5976,u,5976,False,MATCH
0.25,434,6,u,1629;2597;2819;3285;4144;6803,uuuuuu,1;2;3;4;5;6,1;2;3;4;5;6,5,0,-,-,0,0,False,6803,u,6803,False,MATCH
0.25,641,15,u,1630;1696;1857;1907;2773;3127;3142;3284;3595;3606;4122;5708;5977;6077;6452,uuuuuuuuuuuuuuu,1;2;3;4;5;6;7;8;9;10;11;12;13;14;15,1;2;4;3;5;6;7;8;9;10;11;12;13;14;15,14,1,3,3:invisible,0,1,False,6452,u,6452,False,MATCH
0.25,651,12,c,1633;1794;1957;2638;2811;2923;3903;5565;5783;6157;6884;6892,uuuuuuuuuudc,1;2;3;4;5;6;7;8;9;10;11;12,1;2;3;4;5;6;7;9;8;10;12;11,11,2,8;11,8:invisible;11:descent,1,1,True,6884,d,6892,True,MISSING_CURRENT
0.25,79,4,u,1635;3538;5314;6830,uuuu,1;2;3;4,2;1;3;4,3,1,1,1:invisible,0,1,False,6830,u,6830,False,MATCH
0.25,1211,11,c,1637;1814;2185;2213;2286;4140;4545;6238;7167;7213;7247,cuuuuuuuudc,1;2;3;4;5;6;7;8;9;10;11,1;3;4;5;2;6;7;8;9;11;10,10,4,2;3;4;10,2:invisible;3:invisible;4:invisible;10:descent,1,3,True,7213,d,7247,True,MISSING_CURRENT
0.25,1068,2,u,1638;2323,uu,1;2,1;2,1,0,-,-,0,0,False,2323,u,2323,False,MATCH
0.25,767,7,u,1640;2741;2815;4031;4618;5351;6847,uuuuuuu,1;2;3;4;5;6;7,1;2;3;4;5;6;7,6,0,-,-,0,0,False,6847,u,6847,False,MATCH
0.25,1131,1,u,1647,u,1,1,0,0,-,-,0,0,False,1647,u,1647,False,MATCH
0.25,771,6,d,1648;3058;3214;5194;6538;7191,uuuuud,1;2;3;4;5;6,1;3;2;4;5;6,5,1,2,2:invisible,0,1,False,7191,d,7191,False,MATCH
0.25,44,1,u,1652,u,1,1,0,0,-,-,0,0,False,1652,u,1652,False,MATCH
0.25,808,4,u,1653;2402;4446;5897,uuuu,1;2;3;4,1;2;3;4,3,0,-,-,0,0,False,5897,u,5897,False,MATCH
0.25,781,5,d,1655;2092;2352;6648;7035,uuuud,1;2;3;4;5,1;2;4;3;5,4,1,3,3:invisible,0,1,False,7035,d,7035,False,MATCH
0.25,468,2,u,1656;5503,uu,1;2,2;1,1,1,1,1:descent,1,0,True,1656,u,5503,True,STALE_WINS
0.25,828,27,u,1660;1892;1950;2085;2150;2179;2318;2733;3070;3085;3301;3339;3852;3902;4242;4512;4787;4979;5823;5878;6607;6645;6815;6861;7031;7216;7230,uuuuuuuuuuuuuuuuuuuuuuuuuuu,1;2;3;4;5;6;7;8;9;10;11;12;13;14;15;16;17;18;19;20;21;22;23;24;25;26;27,1;2;3;4;5;6;8;7;10;11;9;12;13;14;15;16;17;18;19;20;21;22;24;23;25;26;27,26,4,7;9;10;23,7:invisible;9:invisible;10:invisible;23:invisible,0,4,False,7230,u,7230,False,MATCH
0.25,273,1,u,1661,u,1,1,0,0,-,-,0,0,False,1661,u,1661,False,MATCH
0.25,127,7,u,1662;2703;3598;3602;3991;6660;7315,uuuuuuu,1;2;3;4;5;6;7,1;2;3;4;5;6;7,6,0,-,-,0,0,False,7315,u,7315,False,MATCH
0.25,750,6,u,1663;2024;3905;4250;5440;5811,uuuuuu,1;2;3;4;5;6,2;1;3;4;5;6,5,1,1,1:invisible,0,1,False,5811,u,5811,False,MATCH
0.25,590,6,u,1664;2652;5333;6267;7039;7081,uuuuuu,1;2;3;4;5;6,1;2;3;4;5;6,5,0,-,-,0,0,False,7081,u,7081,False,MATCH
0.25,212,3,u,1665;5005;7055,uuu,1;2;3,1;2;3,2,0,-,-,0,0,False,7055,u,7055,False,MATCH
0.25,426,11,c,1666;2047;2549;2553;2782;3126;3461;4662;5122;5592;6380,uuuuuuuuudc,1;2;3;4;5;6;7;8;9;10;11,1;3;2;4;5;6;7;8;9;10;11,10,1,2,2:invisible,0,1,False,6380,c,6380,False,MATCH
0.25,830,2,d,1667;7349,ud,1;2,1;2,1,0,-,-,0,0,False,7349,d,7349,False,MATCH
0.25,65,5,c,1669;2831;3263;4268;6858,uuudc,1;2;3;4;5,1;2;3;5;4,4,1,4,4:descent,1,0,True,4268,d,6858,True,MISSING_CURRENT
0.25,783,9,u,1670;1685;5114;5245;5376;5542;5832;6244;6330,uuuuuuuuu,1;2;3;4;5;6;7;8;9,1;2;3;4;6;7;5;8;9,8,2,5;6,5:invisible;6:invisible,0,2,False,6330,u,6330,False,MATCH
0.25,1226,2,u,1671;6357,cu,1;2,1;2,1,0,-,-,0,0,False,6357,u,6357,False,MATCH
0.25,1045,14,u,1675;1719;2214;2405;3077;3235;3558;3680;3999;4101;4425;4849;5457;6972,uuuuuuuuuuuuuu,1;2;3;4;5;6;7;8;9;10;11;12;13;14,1;2;3;4;5;6;7;8;10;9;11;12;13;14,13,1,9,9:invisible,0,1,False,6972,u,6972,False,MATCH
0.25,73,13,d,1677;2068;2146;2580;2658;3350;3582;3797;3893;4070;4365;4951;5625,uuuuuuuuuuuud,1;2;3;4;5;6;7;8;9;10;11;12;13,1;2;3;4;5;6;8;7;9;11;10;12;13,12,2,7;10,7:invisible;10:invisible,0,2,False,5625,d,5625,False,MATCH
0.25,1014,7,u,1679;1688;2249;4418;4712;5018;7324,uuuuuuu,1;2;3;4;5;6;7,1;2;3;4;6;5;7,6,1,5,5:invisible,0,1,False,7324,u,7324,False,MATCH
0.25,444,2,u,1682;5645,uu,1;2,2;1,1,1,1,1:descent,1,0,True,1682,u,5645,True,STALE_WINS
0.25,476,2,u,1684;6293,uu,1;2,1;2,1,0,-,-,0,0,False,6293,u,6293,False,MATCH
0.25,606,4,c,1686;2662;4432;5826,uudc,1;2;3;4,1;2;4;3,3,1,3,3:descent,1,0,True,4432,d,5826,True,MISSING_CURRENT
0.25,168,12,u,1687;2660;2705;3342;3652;4415;4645;5071;5353;6200;6849;7345,uuuuuuuuuuuu,1;2;3;4;5;6;7;8;9;10;11;12,1;2;3;4;5;6;7;9;8;10;11;12,11,1,8,8:invisible,0,1,False,7345,u,7345,False,MATCH
0.25,297,9,u,1689;1860;3262;3425;3885;4487;4897;6427;6948,uuuuuuuuu,1;2;3;4;5;6;7;8;9,2;1;3;4;5;6;8;7;9,8,2,1;7,1:invisible;7:invisible,0,2,False,6948,u,6948,False,MATCH
0.25,21,12,u,1690;1698;2232;2503;2654;3159;4702;4908;4911;6518;6536;6632,uuuuuuuuuuuu,1;2;3;4;5;6;7;8;9;10;11;12,1;2;4;5;3;6;7;8;9;11;12;10,11,4,3;4;10;11,3:invisible;4:invisible;10:invisible;11:descent,1,3,True,6536,u,6632,True,STALE_WINS
0.25,145,9,u,1693;1754;3239;4174;4475;6280;6600;6727;7318,uuuuuuuuu,1;2;3;4;5;6;7;8;9,2;1;3;4;5;6;7;9;8,8,2,1;8,1:invisible;8:descent,1,1,True,6727,u,7318,True,STALE_WINS
0.25,63,2,u,1694;2740,uu,1;2,1;2,1,0,-,-,0,0,False,2740,u,2740,False,MATCH
0.25,271,5,d,1695;2751;4527;5651;7161,uuuud,1;2;3;4;5,1;2;3;4;5,4,0,-,-,0,0,False,7161,d,7161,False,MATCH
0.25,605,3,u,1699;2191;5433,uuu,1;2;3,1;2;3,2,0,-,-,0,0,False,5433,u,5433,False,MATCH
0.25,1080,8,u,1700;1833;2418;2588;4525;5586;6018;6090,uuuuuuuu,1;2;3;4;5;6;7;8,1;2;3;4;6;5;7;8,7,1,5,5:invisible,0,1,False,6090,u,6090,False,MATCH
0.25,833,6,u,1701;2938;3258;3615;4240;6250,uuuuuu,1;2;3;4;5;6,1;2;3;4;5;6,5,0,-,-,0,0,False,6250,u,6250,False,MATCH
0.25,245,11,u,1703;1726;1729;2762;4384;5784;6311;6965;7134;7153;7211,uuuuuuuuuuu,1;2;3;4;5;6;7;8;9;10;11,1;3;2;4;5;6;7;8;9;10;11,10,1,2,2:invisible,0,1,False,7211,u,7211,False,MATCH
0.25,1120,5,u,1704;1741;2037;5332;6434,uuuuu,1;2;3;4;5,1;2;3;4;5,4,0,-,-,0,0,False,6434,u,6434,False,MATCH
0.25,1206,4,d,1708;2486;3405;4252,cuud,1;2;3;4,2;1;3;4,3,1,1,1:invisible,0,1,False,4252,d,4252,False,MATCH
0.25,809,12,u,1709;1962;3892;4388;4421;4514;4838;5413;5951;6292;6519;6919,uuuuuuuuuuuu,1;2;3;4;5;6;7;8;9;10;11;12,1;3;2;4;6;7;5;8;9;11;12;10,11,5,2;5;6;10;11,2:invisible;5:invisible;6:invisible;10:invisible;11:descent,1,4,True,6519,u,6919,True,STALE_WINS
0.25,1220,13,c,1710;1982;2130;3349;4139;4746;4766;4961;5529;5808;6141;6486;6709,cuuuuuuuuuudc,1;2;3;4;5;6;7;8;9;10;11;12;13,2;1;4;3;5;6;8;9;7;11;10;13;12,12,6,1;3;7;8;10;12,1:invisible;3:invisible;7:invisible;8:invisible;10:invisible;12:descent,1,5,True,6486,d,6709,True,MISSING_CURRENT
0.25,1172,5,u,1711;2989;3068;3816;5373,uuuuu,1;2;3;4;5,1;2;3;5;4,4,1,4,4:descent,1,0,True,3816,u,5373,True,STALE_WINS
0.25,611,1,u,1712,u,1,1,0,0,-,-,0,0,False,1712,u,1712,False,MATCH
0.25,236,10,u,1713;2210;3888;4157;4263;4338;4784;5430;6008;7008,uuuuuuuuuu,1;2;3;4;5;6;7;8;9;10,1;3;2;4;5;6;7;8;9;10,9,1,2,2:invisible,0,1,False,7008,u,7008,False,MATCH
0.25,1182,11,u,1714;2799;2993;3230;4972;5965;6259;6277;6525;6804;6929,uuuuuuuuuuu,1;2;3;4;5;6;7;8;9;10;11,2;1;3;4;6;5;7;9;8;11;10,10,4,1;5;8;10,1:invisible;5:invisible;8:invisible;10:descent,1,3,True,6804,u,6929,True,STALE_WINS
0.25,901,4,d,1715;2898;3440;7015,uuud,1;2;3;4,2;3;4;1,3,3,1;2;3,1:invisible;2:invisible;3:descent,1,2,True,3440,u,7015,True,GHOST
0.25,1229,6,u,1716;2994;3987;5558;6640;7156,cuuuuu,1;2;3;4;5;6,1;2;3;4;5;6,5,0,-,-,0,0,False,7156,u,7156,False,MATCH
0.25,777,4,d,1720;2753;3744;4389,uuud,1;2;3;4,2;1;3;4,3,1,1,1:invisible,0,1,False,4389,d,4389,False,MATCH
0.25,167,1,u,1721,u,1,1,0,0,-,-,0,0,False,1721,u,1721,False,MATCH
0.25,395,11,d,1722;1796;1855;3337;4424;4728;4809;5153;5523;6474;7022,uuuuuuuuuud,1;2;3;4;5;6;7;8;9;10;11,1;2;3;4;6;5;7;8;9;11;10,10,2,5;10,5:invisible;10:descent,1,1,True,6474,u,7022,True,GHOST
0.25,768,5,d,1723;1802;2718;5921;7330,uuuud,1;2;3;4;5,1;3;2;4;5,4,1,2,2:invisible,0,1,False,7330,d,7330,False,MATCH
0.25,986,1,u,1724,u,1,1,0,0,-,-,0,0,False,1724,u,1724,False,MATCH
0.25,834,3,d,1725;3444;3936,uud,1;2;3,2;3;1,2,2,1;2,1:invisible;2:descent,1,1,True,3444,u,3936,True,GHOST
0.25,165,10,u,1727;2082;2265;2893;3795;4018;4470;5403;5513;5752,uuuuuuuuuu,1;2;3;4;5;6;7;8;9;10,1;2;4;3;5;6;7;8;9;10,9,1,3,3:invisible,0,1,False,5752,u,5752,False,MATCH
0.25,971,15,u,1730;2139;2314;2347;2783;3540;3596;5128;5491;6483;6992;7086;7248;7262;7283,uuuuuuuuuuuuuuu,1;2;3;4;5;6;7;8;9;10;11;12;13;14;15,1;3;4;2;5;6;7;8;10;9;11;12;14;13;15,14,4,2;3;9;13,2:invisible;3:invisible;9:invisible;13:invisible,0,4,False,7283,u,7283,False,MATCH
0.25,1063,13,u,1733;2034;2070;3155;3553;3920;4037;4494;5112;5527;5842;6593;7007,uuuuuuuuuuuuu,1;2;3;4;5;6;7;8;9;10;11;12;13,1;3;2;5;4;6;7;8;9;10;11;12;13,12,2,2;4,2:invisible;4:invisible,0,2,False,7007,u,7007,False,MATCH
0.25,693,11,u,1734;1881;2290;3563;3588;4166;5379;5813;6001;6099;6751,uuuuuuuuuuu,1;2;3;4;5;6;7;8;9;10;11,2;1;3;4;5;6;7;9;8;11;10,10,3,1;8;10,1:invisible;8:invisible;10:descent,1,2,True,6099,u,6751,True,STALE_WINS
0.25,242,8,u,1736;2100;2407;2604;4272;5164;5641;7373,uuuuuuuu,1;2;3;4;5;6;7;8,1;2;3;4;5;6;7;8,7,0,-,-,0,0,False,7373,u,7373,False,MATCH
0.25,18,13,u,1738;1868;1876;2279;3762;3863;4681;5338;5414;5741;6111;6341;6952,uuuuuuuuuuuuu,1;2;3;4;5;6;7;8;9;10;11;12;13,1;2;3;4;6;5;7;8;10;9;12;13;11,12,4,5;9;11;12,5:invisible;9:invisible;11:invisible;12:descent,1,3,True,6341,u,6952,True,STALE_WINS
0.25,115,5,u,1740;2360;5297;5686;6598,uuuuu,1;2;3;4;5,1;2;3;4;5,4,0,-,-,0,0,False,6598,u,6598,False,MATCH
0.25,299,2,u,1742;2345,uu,1;2,1;2,1,0,-,-,0,0,False,2345,u,2345,False,MATCH
0.25,935,8,c,1743;2275;4273;4955;5196;5561;6956;7139,uuuuuudc,1;2;3;4;5;6;7;8,2;1;4;3;5;6;7;8,7,2,1;3,1:invisible;3:invisible,0,2,False,7139,c,7139,False,MATCH
0.25,1040,2,u,1744;4969,uu,1;2,1;2,1,0,-,-,0,0,False,4969,u,4969,False,MATCH
0.25,520,3,d,1745;3264;5202,uud,1;2;3,1;2;3,2,0,-,-,0,0,False,5202,d,5202,False,MATCH
0.25,32,7,d,1746;2696;3428;4243;4953;5710;7065,uuuuuud,1;2;3;4;5;6;7,2;1;3;4;5;6;7,6,1,1,1:invisible,0,1,False,7065,d,7065,False,MATCH
0.25,620,2,u,1747;3433,uu,1;2,1;2,1,0,-,-,0,0,False,3433,u,3433,False,MATCH
0.25,911,4,d,1749;2326;4080;4563,uuud,1;2;3;4,1;2;4;3,3,1,3,3:descent,1,0,True,4080,u,4563,True,GHOST
0.25,759,15,u,1752;1768;1956;2022;2446;3591;3729;4312;4856;4996;5064;5388;5926;7048;7304,uuuuuuuuuuuuuuu,1;2;3;4;5;6;7;8;9;10;11;12;13;14;15,1;3;2;4;5;6;8;7;9;10;12;11;13;15;14,14,4,2;7;11;14,2:invisible;7:invisible;11:invisible;14:descent,1,3,True,7048,u,7304,True,STALE_WINS
0.25,19,9,u,1753;2031;2764;3560;4067;4213;6126;6132;6627,uuuuuuuuu,1;2;3;4;5;6;7;8;9,1;2;4;5;3;6;7;9;8,8,3,3;4;8,3:invisible;4:invisible;8:descent,1,2,True,6132,u,6627,True,STALE_WINS
0.25,109,5,u,1755;2297;3102;3566;4308,uuuuu,1;2;3;4;5,1;2;3;4;5,4,0,-,-,0,0,False,4308,u,4308,False,MATCH
0.25,936,12,u,1756;2509;3353;3910;3974;4688;4989;5131;5758;6246;6370;6630,uuuuuuuuuuuu,1;2;3;4;5;6;7;8;9;10;11;12,1;2;3;4;5;6;7;8;10;9;11;12,11,1,9,9:invisible,0,1,False,6630,u,6630,False,MATCH
0.25,801,3,u,1763;2593;4118,uuu,1;2;3,1;2;3,2,0,-,-,0,0,False,4118,u,4118,False,MATCH
0.25,1103,2,u,1764;2157,uu,1;2,1;2,1,0,-,-,0,0,False,2157,u,2157,False,MATCH
0.25,381,8,u,1766;2298;2760;2899;3601;3896;4296;5577,uuuuuuuu,1;2;3;4;5;6;7;8,1;2;4;3;5;6;8;7,7,2,3;7,3:invisible;7:descent,1,1,True,4296,u,5577,True,STALE_WINS
0.25,377,13,u,1769;1882;2627;2788;2952;2999;4216;5509;5814;5944;6067;6461;7357,uuuuuuuuuuuuu,1;2;3;4;5;6;7;8;9;10;11;12;13,1;2;4;3;5;6;7;8;10;9;11;13;12,12,3,3;9;12,3:invisible;9:invisible;12:descent,1,2,True,6461,u,7357,True,STALE_WINS
0.25,921,3,d,1770;3656;5132,uud,1;2;3,2;1;3,2,1,1,1:invisible,0,1,False,5132,d,5132,False,MATCH
0.25,756,6,u,1773;2072;2823;5496;5720;6366,uuuuuu,1;2;3;4;5;6,1;2;4;3;5;6,5,1,3,3:invisible,0,1,False,6366,u,6366,False,MATCH
0.25,1223,13,u,1774;2239;2491;3864;4015;5283;5435;5471;5693;5794;6628;6753;6870,cuuuuuuuuuuuu,1;2;3;4;5;6;7;8;9;10;11;12;13,1;2;3;4;6;5;7;8;9;10;11;12;13,12,1,5,5:invisible,0,1,False,6870,u,6870,False,MATCH
0.25,191,13,u,1775;2535;3079;3103;3369;3789;4049;4413;4661;5547;5971;6394;6940,uuuuuuuuuuuuu,1;2;3;4;5;6;7;8;9;10;11;12;13,1;2;3;5;4;7;6;8;10;9;11;12;13,12,3,4;6;9,4:invisible;6:invisible;9:invisible,0,3,False,6940,u,6940,False,MATCH
0.25,947,7,u,1776;1824;2737;2853;3682;4528;4915,uuuuuuu,1;2;3;4;5;6;7,2;1;3;4;5;6;7,6,1,1,1:invisible,0,1,False,4915,u,4915,False,MATCH
0.25,526,4,u,1777;3986;5909;7377,uuuu,1;2;3;4,1;3;2;4,3,1,2,2:invisible,0,1,False,7377,u,7377,False,MATCH
0.25,1075,4,d,1779;2221;4224;5848,uuud,1;2;3;4,2;3;1;4,3,2,1;2,1:invisible;2:invisible,0,2,False,5848,d,5848,False,MATCH
0.25,238,5,u,1780;1799;2598;4604;7256,uuuuu,1;2;3;4;5,1;3;2;4;5,4,1,2,2:invisible,0,1,False,7256,u,7256,False,MATCH
0.25,472,4,c,1781;3732;6188;7181,uudc,1;2;3;4,1;2;4;3,3,1,3,3:descent,1,0,True,6188,d,7181,True,MISSING_CURRENT
0.25,337,13,c,1784;2538;2646;3382;3549;4332;4927;5476;6013;6629;6826;6887;6902,uuuuuuuuuuudc,1;2;3;4;5;6;7;8;9;10;11;12;13,1;2;4;3;5;7;6;8;10;9;12;11;13,12,4,3;6;9;11,3:invisible;6:invisible;9:invisible;11:invisible,0,4,False,6902,c,6902,False,MATCH
0.25,1128,3,c,1786;5067;7252,udc,1;2;3,1;2;3,2,0,-,-,0,0,False,7252,c,7252,False,MATCH
0.25,43,14,u,1788;1924;2457;3183;3274;3922;3995;4091;5078;5111;5412;5771;6271;6615,uuuuuuuuuuuuuu,1;2;3;4;5;6;7;8;9;10;11;12;13;14,1;2;4;3;6;5;7;8;10;9;11;12;13;14,13,3,3;5;9,3:invisible;5:invisible;9:invisible,0,3,False,6615,u,6615,False,MATCH
0.25,100,3,u,1789;4884;5252,uuu,1;2;3,2;1;3,2,1,1,1:invisible,0,1,False,5252,u,5252,False,MATCH
0.25,144,2,u,1790;2387,uu,1;2,1;2,1,0,-,-,0,0,False,2387,u,2387,False,MATCH
0.25,793,11,u,1791;1971;2452;2605;3685;3707;4896;5661;6251;6480;6748,uuuuuuuuuuu,1;2;3;4;5;6;7;8;9;10;11,1;2;3;5;4;6;7;9;10;8;11,10,3,4;8;9,4:invisible;8:invisible;9:invisible,0,3,False,6748,u,6748,False,MATCH
0.25,142,6,u,1795;2101;4079;4847;5083;7150,uuuuuu,1;2;3;4;5;6,1;3;2;4;5;6,5,1,2,2:invisible,0,1,False,7150,u,7150,False,MATCH
0.25,709,14,u,1800;2035;2603;2666;3063;4044;4050;4317;5860;6155;6320;6322;7325;7401,uuuuuuuuuuuuuu,1;2;3;4;5;6;7;8;9;10;11;12;13;14,1;3;2;4;5;7;6;8;10;9;11;12;13;14,13,3,2;6;9,2:invisible;6:invisible;9:invisible,0,3,False,7401,u,7401,False,MATCH
0.25,708,17,u,1803;1832;2280;2400;2591;2883;3223;4115;4385;4660;5031;5277;5299;5890;6361;6891;7021,uuuuuuuuuuuuuuuuu,1;2;3;4;5;6;7;8;9;10;11;12;13;14;15;16;17,1;2;3;4;6;5;7;9;8;10;11;13;12;15;14;16;17,16,4,5;8;12;14,5:invisible;8:invisible;12:invisible;14:invisible,0,4,False,7021,u,7021,False,MATCH
0.25,53,12,u,1805;1954;3105;3150;3494;4283;5102;5247;5731;5955;6420;6662,uuuuuuuuuuuu,1;2;3;4;5;6;7;8;9;10;11;12,1;3;2;5;4;6;7;8;9;11;10;12,11,3,2;4;10,2:invisible;4:invisible;10:invisible,0,3,False,6662,u,6662,False,MATCH
0.25,841,8,d,1806;2769;2917;3580;5575;5639;7146;7263,uuuuuuud,1;2;3;4;5;6;7;8,1;2;4;3;5;6;7;8,7,1,3,3:invisible,0,1,False,7263,d,7263,False,MATCH
0.25,843,3,u,1807;5038;6368,uuu,1;2;3,1;3;2,2,1,2,2:descent,1,0,True,5038,u,6368,True,STALE_WINS
0.25,1189,2,u,1810;5650,uu,1;2,1;2,1,0,-,-,0,0,False,5650,u,5650,False,MATCH
0.25,997,8,u,1811;3175;3399;4622;5004;5069;5736;6287,uuuuuuuu,1;2;3;4;5;6;7;8,2;1;3;5;4;7;6;8,7,3,1;4;6,1:invisible;4:invisible;6:invisible,0,3,False,6287,u,6287,False,MATCH
0.25,941,2,u,1812;7162,uu,1;2,1;2,1,0,-,-,0,0,False,7162,u,7162,False,MATCH
0.25,282,13,u,1816;1854;2079;2678;2767;3061;3130;3919;4680;4883;5214;5992;6816,uuuuuuuuuuuuu,1;2;3;4;5;6;7;8;9;10;11;12;13,1;2;4;3;5;6;8;7;10;9;12;11;13,12,4,3;7;9;11,3:invisible;7:invisible;9:invisible;11:invisible,0,4,False,6816,u,6816,False,MATCH
0.25,446,7,u,1819;2166;2193;4021;6256;6977;7205,uuuuuuu,1;2;3;4;5;6;7,1;2;3;5;4;6;7,6,1,4,4:invisible,0,1,False,7205,u,7205,False,MATCH
0.25,700,4,u,1821;5316;6484;6547,uuuu,1;2;3;4,1;3;2;4,3,1,2,2:invisible,0,1,False,6547,u,6547,False,MATCH
0.25,976,9,u,1822;2447;2909;3858;4327;5079;5149;5554;7032,uuuuuuuuu,1;2;3;4;5;6;7;8;9,1;3;4;5;2;7;6;8;9,8,4,2;3;4;6,2:invisible;3:invisible;4:invisible;6:invisible,0,4,False,7032,u,7032,False,MATCH
0.25,303,4,u,1825;3439;4596;6637,uuuu,1;2;3;4,2;1;3;4,3,1,1,1:invisible,0,1,False,6637,u,6637,False,MATCH
0.25,596,3,c,1827;4942;6124,udc,1;2;3,1;2;3,2,0,-,-,0,0,False,6124,c,6124,False,MATCH
0.25,1203,2,u,1829;1869,cu,1;2,2;1,1,1,1,1:descent,1,0,True,1829,c,1869,True,STALE_WINS
0.25,101,9,d,1830;2264;2348;3860;5058;5097;5142;6204;7228,uuuuuuuud,1;2;3;4;5;6;7;8;9,1;3;2;4;5;7;6;8;9,8,2,2;6,2:invisible;6:invisible,0,2,False,7228,d,7228,False,MATCH
0.25,196,9,d,1831;2294;3725;4790;4825;5089;6782;7306;7347,uuuuuuuud,1;2;3;4;5;6;7;8;9,1;2;3;4;5;7;6;9;8,8,2,6;8,6:invisible;8:descent,1,1,True,7306,u,7347,True,GHOST
0.25,1073,12,u,1834;3062;3312;3646;3934;3966;4356;4461;4756;5948;6631;7389,uuuuuuuuuuuu,1;2;3;4;5;6;7;8;9;10;11;12,2;3;4;1;5;7;6;9;8;10;11;12,11,5,1;2;3;6;8,1:invisible;2:invisible;3:invisible;6:invisible;8:invisible,0,5,False,7389,u,7389,False,MATCH
0.25,1034,6,u,1835;2109;2186;2622;3237;3273,uuuuuu,1;2;3;4;5;6,1;3;2;4;5;6,5,1,2,2:invisible,0,1,False,3273,u,3273,False,MATCH
0.25,413,6,u,1836;2790;3356;4465;5401;6349,uuuuuu,1;2;3;4;5;6,2;1;3;4;6;5,5,2,1;5,1:invisible;5:descent,1,1,True,5401,u,6349,True,STALE_WINS
0.25,1213,2,u,1837;4227,cu,1;2,1;2,1,0,-,-,0,0,False,4227,u,4227,False,MATCH
0.25,570,4,u,1838;1905;2499;3713,uuuu,1;2;3;4,1;2;4;3,3,1,3,3:descent,1,0,True,2499,u,3713,True,STALE_WINS
0.25,403,5,u,1839;2364;3961;4419;5270,uuuuu,1;2;3;4;5,1;2;3;4;5,4,0,-,-,0,0,False,5270,u,5270,False,MATCH
0.25,1036,4,u,1840;2128;3288;3740,uuuu,1;2;3;4,1;2;3;4,3,0,-,-,0,0,False,3740,u,3740,False,MATCH
0.25,883,9,u,1844;2346;2492;4014;4247;4541;4973;5037;5504,uuuuuuuuu,1;2;3;4;5;6;7;8;9,1;3;2;5;6;4;7;8;9,8,3,2;4;5,2:invisible;4:invisible;5:invisible,0,3,False,5504,u,5504,False,MATCH
0.25,760,3,u,1845;3493;5293,uuu,1;2;3,1;2;3,2,0,-,-,0,0,False,5293,u,5293,False,MATCH
0.25,510,6,u,1847;3325;4571;4789;5356;6724,uuuuuu,1;2;3;4;5;6,2;1;3;4;5;6,5,1,1,1:invisible,0,1,False,6724,u,6724,False,MATCH
0.25,1099,6,u,1848;3507;3887;5110;5666;6877,uuuuuu,1;2;3;4;5;6,1;2;3;5;4;6,5,1,4,4:invisible,0,1,False,6877,u,6877,False,MATCH
0.25,1007,9,d,1849;1922;3265;3637;3752;4480;4895;6044;6735,uuuuuuuud,1;2;3;4;5;6;7;8;9,1;2;3;4;6;5;7;8;9,8,1,5,5:invisible,0,1,False,6735,d,6735,False,MATCH
0.25,1049,13,u,1859;2731;2759;2816;2888;2934;3338;4627;4975;5590;7025;7354;7367,uuuuuuuuuuuuu,1;2;3;4;5;6;7;8;9;10;11;12;13,1;3;2;4;5;7;6;9;8;10;11;12;13,12,3,2;6;8,2:invisible;6:invisible;8:invisible,0,3,False,7367,u,7367,False,MATCH
0.25,1212,16,u,1862;1960;2257;2695;3091;3360;3938;4061;4349;5098;5837;6252;6279;6495;6583;7151,cuuuuuuuuuuuuuuu,1;2;3;4;5;6;7;8;9;10;11;12;13;14;15;16,1;3;4;5;6;7;2;8;9;10;12;11;14;15;16;13,15,9,2;3;4;5;6;11;13;14;15,2:invisible;3:invisible;4:invisible;5:invisible;6:invisible;11:invisible;13:invisible;14:invisible;15:descent,1,8,True,6583,u,7151,True,STALE_WINS
0.25,62,9,d,1872;1944;2014;2979;3366;3381;4313;4554;5602,uuuuuuuud,1;2;3;4;5;6;7;8;9,1;2;3;4;5;6;7;8;9,8,0,-,-,0,0,False,5602,d,5602,False,MATCH
0.25,350,2,u,1873;6352,uu,1;2,1;2,1,0,-,-,0,0,False,6352,u,6352,False,MATCH
0.25,655,10,u,1874;2211;2691;2856;3783;3809;4170;6119;6123;7114,uuuuuuuuuu,1;2;3;4;5;6;7;8;9;10,1;2;3;4;5;6;7;8;9;10,9,0,-,-,0,0,False,7114,u,7114,False,MATCH
0.25,1186,3,u,1875;3866;6626,uuu,1;2;3,1;3;2,2,1,2,2:descent,1,0,True,3866,u,6626,True,STALE_WINS
0.25,459,16,c,1877;2032;2787;3056;3076;3293;4262;4360;4599;4901;5717;6084;6570;6771;6890;7145,uuuuuuuuuuuuuudc,1;2;3;4;5;6;7;8;9;10;11;12;13;14;15;16,1;2;3;4;5;6;7;9;8;10;11;12;13;14;15;16,15,1,8,8:invisible,0,1,False,7145,c,7145,False,MATCH
0.25,113,7,u,1878;2229;2720;2998;3279;5404;5898,uuuuuuu,1;2;3;4;5;6;7,1;3;2;4;5;6;7,6,1,2,2:invisible,0,1,False,5898,u,5898,False,MATCH
0.25,96,3,u,1879;3443;5986,uuu,1;2;3,2;1;3,2,1,1,1:invisible,0,1,False,5986,u,5986,False,MATCH
0.25,293,8,u,1880;2375;2611;3275;4189;5548;6693;7003,uuuuuuuu,1;2;3;4;5;6;7;8,2;1;3;4;5;6;8;7,7,2,1;7,1:invisible;7:descent,1,1,True,6693,u,7003,True,STALE_WINS
0.25,419,8,u,1883;2308;2389;2482;5199;5309;6664;6827,uuuuuuuu,1;2;3;4;5;6;7;8,1;3;4;2;5;6;8;7,7,3,2;3;7,2:invisible;3:invisible;7:descent,1,2,True,6664,u,6827,True,STALE_WINS
0.25,825,2,d,1884;4968,ud,1;2,1;2,1,0,-,-,0,0,False,4968,d,4968,False,MATCH
0.25,492,1,u,1886,u,1,1,0,0,-,-,0,0,False,1886,u,1886,False,MATCH
0.25,1158,4,d,1888;2424;5861;6909,uuud,1;2;3;4,1;2;4;3,3,1,3,3:descent,1,0,True,5861,u,6909,True,GHOST
0.25,908,2,u,1889;5828,uu,1;2,1;2,1,0,-,-,0,0,False,5828,u,5828,False,MATCH
0.25,766,4,u,1890;3233;5947;6011,uuuu,1;2;3;4,1;3;2;4,3,1,2,2:invisible,0,1,False,6011,u,6011,False,MATCH
0.25,28,3,u,1891;2546;2942,uuu,1;2;3,1;2;3,2,0,-,-,0,0,False,2942,u,2942,False,MATCH
0.25,266,1,u,1893,u,1,1,0,0,-,-,0,0,False,1893,u,1893,False,MATCH
0.25,772,6,u,1894;3550;3592;4127;4829;5818,uuuuuu,1;2;3;4;5;6,1;2;3;4;5;6,5,0,-,-,0,0,False,5818,u,5818,False,MATCH
0.25,1156,7,u,1896;2176;2785;3586;5892;6034;6414,uuuuuuu,1;2;3;4;5;6;7,1;2;3;4;6;5;7,6,1,5,5:invisible,0,1,False,6414,u,6414,False,MATCH
0.25,60,5,d,1898;2420;3626;3721;3917,uuuud,1;2;3;4;5,2;3;4;5;1,4,4,1;2;3;4,1:invisible;2:invisible;3:invisible;4:descent,1,3,True,3721,u,3917,True,GHOST
0.25,126,2,u,1899;4474,uu,1;2,1;2,1,0,-,-,0,0,False,4474,u,4474,False,MATCH
0.25,639,16,d,1900;2247;2541;2670;2847;3013;3100;3280;4576;4620;4731;5041;5145;6167;6220;6879,uuuuuuuuuuuuuuud,1;2;3;4;5;6;7;8;9;10;11;12;13;14;15;16,1;2;3;4;5;7;8;9;6;10;11;12;14;13;16;15,15,5,6;7;8;13;15,6:invisible;7:invisible;8:invisible;13:invisible;15:descent,1,4,True,6220,u,6879,True,GHOST
0.25,845,3,u,1908;2944;6555,uuu,1;2;3,1;2;3,2,0,-,-,0,0,False,6555,u,6555,False,MATCH
0.25,694,3,u,1910;3122;6666,uuu,1;2;3,1;2;3,2,0,-,-,0,0,False,6666,u,6666,False,MATCH
0.25,1137,6,c,1912;2020;2642;3294;3438;4986,uuuudc,1;2;3;4;5;6,1;2;3;4;6;5,5,1,5,5:descent,1,0,True,3438,d,4986,True,MISSING_CURRENT
0.25,36,8,c,1916;2161;3007;3082;5522;5932;5949;6975,uuuuuudc,1;2;3;4;5;6;7;8,1;2;4;3;6;7;5;8,7,3,3;5;6,3:invisible;5:invisible;6:invisible,0,3,False,6975,c,6975,False,MATCH
0.25,897,2,u,1918;5902,uu,1;2,1;2,1,0,-,-,0,0,False,5902,u,5902,False,MATCH
0.25,791,6,u,1919;1989;2112;3335;4305;6905,uuuuuu,1;2;3;4;5;6,1;2;3;4;5;6,5,0,-,-,0,0,False,6905,u,6905,False,MATCH
0.25,1114,6,c,1920;3631;4056;4601;5393;7279,uuuudc,1;2;3;4;5;6,1;2;3;4;5;6,5,0,-,-,0,0,False,7279,c,7279,False,MATCH
0.25,624,1,u,1921,u,1,1,0,0,-,-,0,0,False,1921,u,1921,False,MATCH
0.25,638,4,d,1923;3207;4652;6650,uuud,1;2;3;4,1;2;3;4,3,0,-,-,0,0,False,6650,d,6650,False,MATCH
0.25,1175,3,u,1925;4196;7109,uuu,1;2;3,1;2;3,2,0,-,-,0,0,False,7109,u,7109,False,MATCH
0.25,536,5,d,1926;1958;4094;4468;4585,uuuud,1;2;3;4;5,1;2;3;5;4,4,1,4,4:descent,1,0,True,4468,u,4585,True,GHOST
0.25,24,2,u,1929;6103,uu,1;2,2;1,1,1,1,1:descent,1,0,True,1929,u,6103,True,STALE_WINS
0.25,814,4,u,1931;2824;3576;6093,uuuu,1;2;3;4,1;2;3;4,3,0,-,-,0,0,False,6093,u,6093,False,MATCH
0.25,78,5,u,1933;3086;4149;4667;6649,uuuuu,1;2;3;4;5,1;2;3;4;5,4,0,-,-,0,0,False,6649,u,6649,False,MATCH
0.25,1056,9,u,1936;2171;2187;2832;2940;2996;3737;6254;6507,uuuuuuuuu,1;2;3;4;5;6;7;8;9,1;3;4;2;5;6;7;8;9,8,2,2;3,2:invisible;3:invisible,0,2,False,6507,u,6507,False,MATCH
0.25,308,5,u,1937;3520;3706;3726;4619,uuuuu,1;2;3;4;5,1;2;4;5;3,4,2,3;4,3:invisible;4:descent,1,1,True,3726,u,4619,True,STALE_WINS
0.25,1083,1,u,1939,u,1,1,0,0,-,-,0,0,False,1939,u,1939,False,MATCH
0.25,861,3,u,1941;2127;4047,uuu,1;2;3,2;1;3,2,1,1,1:invisible,0,1,False,4047,u,4047,False,MATCH
0.25,811,7,u,1943;3090;3303;3799;5055;6591;6931,uuuuuuu,1;2;3;4;5;6;7,1;3;2;5;6;4;7,6,3,2;4;5,2:invisible;4:invisible;5:invisible,0,3,False,6931,u,6931,False,MATCH
0.25,371,2,u,1946;4302,uu,1;2,1;2,1,0,-,-,0,0,False,4302,u,4302,False,MATCH
0.25,991,2,u,1951;4106,uu,1;2,1;2,1,0,-,-,0,0,False,4106,u,4106,False,MATCH
0.25,275,8,u,1955;2118;3855;3997;4258;5597;5981;6074,uuuuuuuu,1;2;3;4;5;6;7;8,1;2;3;5;4;6;7;8,7,1,4,4:invisible,0,1,False,6074,u,6074,False,MATCH
0.25,461,3,d,1959;4482;5601,uud,1;2;3,2;3;1,2,2,1;2,1:invisible;2:descent,1,1,True,4482,u,5601,True,GHOST
0.25,927,5,u,1961;3124;4016;5235;6523,uuuuu,1;2;3;4;5,1;2;4;3;5,4,1,3,3:invisible,0,1,False,6523,u,6523,False,MATCH
0.25,648,1,u,1964,u,1,1,0,0,-,-,0,0,False,1964,u,1964,False,MATCH
0.25,392,7,u,1965;3788;4088;5466;6305;6779;7295,uuuuuuu,1;2;3;4;5;6;7,1;3;2;5;4;6;7,6,2,2;4,2:invisible;4:invisible,0,2,False,7295,u,7295,False,MATCH
0.25,1043,6,u,1966;3045;4134;6829;7197;7390,uuuuuu,1;2;3;4;5;6,1;2;4;3;5;6,5,1,3,3:invisible,0,1,False,7390,u,7390,False,MATCH
0.25,813,4,u,1967;5535;6192;7360,uuuu,1;2;3;4,1;2;3;4,3,0,-,-,0,0,False,7360,u,7360,False,MATCH
0.25,745,5,d,1968;2321;3597;4617;4717,uuuud,1;2;3;4;5,1;3;2;4;5,4,1,2,2:invisible,0,1,False,4717,d,4717,False,MATCH
0.25,672,2,d,1972;5340,ud,1;2,1;2,1,0,-,-,0,0,False,5340,d,5340,False,MATCH
0.25,1244,5,u,1975;3821;4531;4564;6062,cuuuu,1;2;3;4;5,2;1;4;3;5,4,2,1;3,1:invisible;3:invisible,0,2,False,6062,u,6062,False,MATCH
0.25,964,1,u,1976,u,1,1,0,0,-,-,0,0,False,1976,u,1976,False,MATCH
0.25,595,9,u,1977;3442;3794;3804;4631;6796;6963;7297;7396,uuuuuuuuu,1;2;3;4;5;6;7;8;9,1;2;3;4;5;6;7;9;8,8,1,8,8:descent,1,0,True,7297,u,7396,True,STALE_WINS
0.25,1204,7,u,1983;3211;4104;4479;5536;6174;7218,cuuuuuu,1;2;3;4;5;6;7,2;1;4;3;5;6;7,6,2,1;3,1:invisible;3:invisible,0,2,False,7218,u,7218,False,MATCH
0.25,1252,5,u,1984;3594;3632;3826;6580,cuuuu,1;2;3;4;5,1;2;3;4;5,4,0,-,-,0,0,False,6580,u,6580,False,MATCH
0.25,416,5,u,1986;3140;4656;4914;6691,uuuuu,1;2;3;4;5,1;2;3;4;5,4,0,-,-,0,0,False,6691,u,6691,False,MATCH
0.25,972,7,u,1987;3822;4650;5180;5614;6056;6928,uuuuuuu,1;2;3;4;5;6;7,2;1;3;5;4;6;7,6,2,1;4,1:invisible;4:invisible,0,2,False,6928,u,6928,False,MATCH
0.25,786,2,d,1988;5000,ud,1;2,1;2,1,0,-,-,0,0,False,5000,d,5000,False,MATCH
0.25,963,5,u,1991;3839;4386;5302;6336,uuuuu,1;2;3;4;5,2;1;3;4;5,4,1,1,1:invisible,0,1,False,6336,u,6336,False,MATCH
0.25,391,7,u,1992;2004;2143;2625;5243;5506;7085,uuuuuuu,1;2;3;4;5;6;7,2;3;1;4;5;6;7,6,2,1;2,1:invisible;2:invisible,0,2,False,7085,u,7085,False,MATCH
0.25,150,3,d,1994;3108;6767,uud,1;2;3,1;3;2,2,1,2,2:descent,1,0,True,3108,u,6767,True,GHOST
0.25,345,3,c,1998;5770;5883,udc,1;2;3,1;2;3,2,0,-,-,0,0,False,5883,c,5883,False,MATCH
0.25,967,17,u,1999;2043;2244;2626;2966;3046;3295;3480;4253;4391;4497;4679;4704;6345;6824;7024;7285,uuuuuuuuuuuuuuuuu,1;2;3;4;5;6;7;8;9;10;11;12;13;14;15;16;17,2;3;1;4;5;7;6;9;8;10;11;13;12;15;14;16;17,16,6,1;2;6;8;12;14,1:invisible;2:invisible;6:invisible;8:invisible;12:invisible;14:invisible,0,6,False,7285,u,7285,False,MATCH
0.25,1193,2,u,2000;6091,uu,1;2,1;2,1,0,-,-,0,0,False,6091,u,6091,False,MATCH
0.25,864,7,u,2003;2615;3113;3717;5567;5773;6522,uuuuuuu,1;2;3;4;5;6;7,1;2;4;3;5;7;6,6,2,3;6,3:invisible;6:descent,1,1,True,5773,u,6522,True,STALE_WINS
0.25,1097,9,d,2006;2093;4105;4917;5068;5140;5980;6454;6871,uuuuuuuud,1;2;3;4;5;6;7;8;9,1;2;4;5;3;6;7;8;9,8,2,3;4,3:invisible;4:invisible,0,2,False,6871,d,6871,False,MATCH
0.25,755,9,c,2007;2562;2624;2776;3750;4616;4826;5583;7239,uuuuuuudc,1;2;3;4;5;6;7;8;9,1;2;3;4;5;6;7;8;9,8,0,-,-,0,0,False,7239,c,7239,False,MATCH
0.25,199,3,u,2008;2488;6218,uuu,1;2;3,2;1;3,2,1,1,1:invisible,0,1,False,6218,u,6218,False,MATCH
0.25,602,6,u,2011;2126;2409;2543;5735;7170,uuuuuu,1;2;3;4;5;6,1;2;3;4;5;6,5,0,-,-,0,0,False,7170,u,7170,False,MATCH
0.25,248,7,u,2013;2500;2517;3873;6337;6843;7393,uuuuuuu,1;2;3;4;5;6;7,1;3;2;4;6;5;7,6,2,2;5,2:invisible;5:invisible,0,2,False,7393,u,7393,False,MATCH
0.25,1187,7,u,2016;2566;2806;4214;5139;5219;7164,uuuuuuu,1;2;3;4;5;6;7,1;2;4;3;5;6;7,6,1,3,3:invisible,0,1,False,7164,u,7164,False,MATCH
0.25,219,2,u,2017;6304,uu,1;2,2;1,1,1,1,1:descent,1,0,True,2017,u,6304,True,STALE_WINS
0.25,427,4,u,2018;5410;7107;7195,uuuu,1;2;3;4,1;2;4;3,3,1,3,3:descent,1,0,True,7107,u,7195,True,STALE_WINS
0.25,887,3,u,2023;4066;5617,uuu,1;2;3,1;3;2,2,1,2,2:descent,1,0,True,4066,u,5617,True,STALE_WINS
0.25,617,5,u,2025;4552;5854;6997;7175,uuuuu,1;2;3;4;5,1;2;4;5;3,4,2,3;4,3:invisible;4:descent,1,1,True,6997,u,7175,True,STALE_WINS
0.25,98,3,d,2026;5217;5255,uud,1;2;3,2;1;3,2,1,1,1:invisible,0,1,False,5255,d,5255,False,MATCH
0.25,778,3,d,2029;4328;6721,uud,1;2;3,1;3;2,2,1,2,2:descent,1,0,True,4328,u,6721,True,GHOST
0.25,850,3,u,2038;5566;6687,uuu,1;2;3,2;1;3,2,1,1,1:invisible,0,1,False,6687,u,6687,False,MATCH
0.25,548,3,u,2040;3699;5148,uuu,1;2;3,2;1;3,2,1,1,1:invisible,0,1,False,5148,u,5148,False,MATCH
0.25,588,2,u,2044;6644,uu,1;2,1;2,1,0,-,-,0,0,False,6644,u,6644,False,MATCH
0.25,646,5,u,2046;2135;4184;5225;6241,uuuuu,1;2;3;4;5,1;3;2;4;5,4,1,2,2:invisible,0,1,False,6241,u,6241,False,MATCH
0.25,1250,5,u,2048;3021;4057;5453;5478,cuuuu,1;2;3;4;5,2;1;3;5;4,4,2,1;4,1:invisible;4:descent,1,1,True,5453,u,5478,True,STALE_WINS
0.25,1110,2,u,2050;5360,uu,1;2,2;1,1,1,1,1:descent,1,0,True,2050,u,5360,True,STALE_WINS
0.25,686,8,u,2051;2743;4155;4226;4750;4877;5419;6268,uuuuuuuu,1;2;3;4;5;6;7;8,1;2;3;4;5;6;7;8,7,0,-,-,0,0,False,6268,u,6268,False,MATCH
0.25,1106,7,u,2052;2272;3389;4059;5572;6209;6278,uuuuuuu,1;2;3;4;5;6;7,1;2;3;4;5;6;7,6,0,-,-,0,0,False,6278,u,6278,False,MATCH
0.25,1162,4,d,2053;2744;2876;4701,uuud,1;2;3;4,1;2;4;3,3,1,3,3:descent,1,0,True,2876,u,4701,True,GHOST
0.25,790,5,u,2054;2307;3206;4333;5396,uuuuu,1;2;3;4;5,1;3;2;5;4,4,2,2;4,2:invisible;4:descent,1,1,True,4333,u,5396,True,STALE_WINS
0.25,244,5,u,2058;3081;3823;5002;5525,uuuuu,1;2;3;4;5,1;2;4;3;5,4,1,3,3:invisible,0,1,False,5525,u,5525,False,MATCH
0.25,2,1,u,2061,u,1,1,0,0,-,-,0,0,False,2061,u,2061,False,MATCH
0.25,738,8,u,2062;3050;4496;4760;5118;5246;5428;5851,uuuuuuuu,1;2;3;4;5;6;7;8,1;3;2;5;4;6;7;8,7,2,2;4,2:invisible;4:invisible,0,2,False,5851,u,5851,False,MATCH
0.25,1078,13,u,2063;2830;3065;3249;3306;3959;4613;4665;5046;5234;5714;6020;6379,uuuuuuuuuuuuu,1;2;3;4;5;6;7;8;9;10;11;12;13,1;2;4;3;5;6;8;7;10;11;9;13;12,12,5,3;7;9;10;12,3:invisible;7:invisible;9:invisible;10:invisible;12:descent,1,4,True,6020,u,6379,True,STALE_WINS
0.25,637,3,d,2064;4753;6455,uud,1;2;3,1;3;2,2,1,2,2:descent,1,0,True,4753,u,6455,True,GHOST
0.25,256,1,u,2066,u,1,1,0,0,-,-,0,0,False,2066,u,2066,False,MATCH
0.25,1135,5,u,2067;2485;4367;4785;5664,uuuuu,1;2;3;4;5,1;2;3;4;5,4,0,-,-,0,0,False,5664,u,5664,False,MATCH
0.25,190,9,u,2074;2241;2946;4291;5086;5363;6264;6526;6865,uuuuuuuuu,1;2;3;4;5;6;7;8;9,1;2;3;4;5;7;6;8;9,8,1,6,6:invisible,0,1,False,6865,u,6865,False,MATCH
0.25,178,4,u,2075;2106;3441;3516,uuuu,1;2;3;4,1;2;3;4,3,0,-,-,0,0,False,3516,u,3516,False,MATCH
0.25,198,1,u,2076,u,1,1,0,0,-,-,0,0,False,2076,u,2076,False,MATCH
0.25,720,2,u,2078;6051,uu,1;2,2;1,1,1,1,1:descent,1,0,True,2078,u,6051,True,STALE_WINS
0.25,1249,10,d,2084;3327;3395;3475;4290;4395;4669;6104;6255;6730,cuuuuuuuud,1;2;3;4;5;6;7;8;9;10,1;2;3;5;4;6;8;7;10;9,9,3,4;7;9,4:invisible;7:invisible;9:descent,1,2,True,6255,u,6730,True,GHOST
0.25,987,1,u,2089,u,1,1,0,0,-,-,0,0,False,2089,u,2089,False,MATCH
0.25,485,1,u,2091,u,1,1,0,0,-,-,0,0,False,2091,u,2091,False,MATCH
0.25,135,5,u,2094;3491;4406;6462;6481,uuuuu,1;2;3;4;5,1;3;2;5;4,4,2,2;4,2:invisible;4:descent,1,1,True,6462,u,6481,True,STALE_WINS
0.25,372,20,c,2095;2237;2395;2583;3378;3693;3871;4212;4358;4499;4764;5054;5183;5274;5383;6146;6147;6479;6822;7147,uuuuuuuuuuuuuuuuuudc,1;2;3;4;5;6;7;8;9;10;11;12;13;14;15;16;17;18;19;20,1;2;3;4;5;6;7;8;9;10;11;13;12;15;14;16;17;18;19;20,19,2,12;14,12:invisible;14:invisible,0,2,False,7147,c,7147,False,MATCH
0.25,93,1,u,2096,u,1,1,0,0,-,-,0,0,False,2096,u,2096,False,MATCH
0.25,1054,4,u,2097;2547;5254;6646,uuuu,1;2;3;4,1;2;3;4,3,0,-,-,0,0,False,6646,u,6646,False,MATCH
0.25,831,4,u,2102;4792;4865;6533,uuuu,1;2;3;4,1;2;4;3,3,1,3,3:descent,1,0,True,4865,u,6533,True,STALE_WINS
0.25,1001,8,u,2103;2115;2344;2438;4559;5437;5550;6383,uuuuuuuu,1;2;3;4;5;6;7;8,1;2;3;4;5;7;6;8,7,1,6,6:invisible,0,1,False,6383,u,6383,False,MATCH
0.25,1015,8,c,2104;3410;3878;4206;5438;5687;5938;6989,uuuuuudc,1;2;3;4;5;6;7;8,1;2;3;4;5;6;7;8,7,0,-,-,0,0,False,6989,c,6989,False,MATCH
0.25,1009,2,u,2107;4603,uu,1;2,1;2,1,0,-,-,0,0,False,4603,u,4603,False,MATCH
0.25,1240,4,u,2108;2897;4320;7143,cuuu,1;2;3;4,1;3;2;4,3,1,2,2:invisible,0,1,False,7143,u,7143,False,MATCH
0.25,934,18,u,2113;2207;2449;2892;2894;4143;4271;4347;4863;4948;5240;5310;6017;6172;6177;6186;6228;6698,uuuuuuuuuuuuuuuuuu,1;2;3;4;5;6;7;8;9;10;11;12;13;14;15;16;17;18,2;1;3;5;4;6;7;8;9;10;11;13;12;15;14;16;17;18,17,4,1;4;12;14,1:invisible;4:invisible;12:invisible;14:invisible,0,4,False,6698,u,6698,False,MATCH
0.25,615,7,u,2114;2837;3774;3971;4311;5349;6433,uuuuuuu,1;2;3;4;5;6;7,1;2;3;4;5;6;7,6,0,-,-,0,0,False,6433,u,6433,False,MATCH
0.25,228,14,u,2117;2335;2929;3052;3291;3698;3773;3960;5159;5519;5985;5988;6096;6229,uuuuuuuuuuuuuu,1;2;3;4;5;6;7;8;9;10;11;12;13;14,1;2;3;4;5;7;6;8;9;10;11;12;13;14,13,1,6,6:invisible,0,1,False,6229,u,6229,False,MATCH
0.25,544,7,u,2119;2385;3525;3983;6047;6223;6386,uuuuuuu,1;2;3;4;5;6;7,1;2;3;4;5;7;6,6,1,6,6:descent,1,0,True,6223,u,6386,True,STALE_WINS
0.25,827,7,u,2122;3192;3844;5103;5429;5779;5956,uuuuuuu,1;2;3;4;5;6;7,1;2;3;4;6;5;7,6,1,5,5:invisible,0,1,False,5956,u,5956,False,MATCH
0.25,50,3,u,2124;3846;6298,uuu,1;2;3,1;2;3,2,0,-,-,0,0,False,6298,u,6298,False,MATCH
0.25,46,12,u,2125;2319;2474;2701;3861;4706;4935;5239;5622;6087;6274;7395,uuuuuuuuuuuu,1;2;3;4;5;6;7;8;9;10;11;12,1;2;3;4;5;7;6;9;8;10;11;12,11,2,6;8,6:invisible;8:invisible,0,2,False,7395,u,7395,False,MATCH
0.25,291,6,u,2131;3508;4795;5216;6303;6993,uuuuuu,1;2;3;4;5;6,1;3;2;4;5;6,5,1,2,2:invisible,0,1,False,6993,u,6993,False,MATCH
0.25,1170,6,u,2134;4220;4458;5028;5228;6916,uuuuuu,1;2;3;4;5;6,1;2;4;3;5;6,5,1,3,3:invisible,0,1,False,6916,u,6916,False,MATCH
0.25,826,4,c,2138;2380;5533;5918,uudc,1;2;3;4,2;1;3;4,3,1,1,1:invisible,0,1,False,5918,c,5918,False,MATCH
0.25,258,3,u,2141;2366;5127,uuu,1;2;3,1;2;3,2,0,-,-,0,0,False,5127,u,5127,False,MATCH
0.25,1234,9,u,2142;3186;4580;5125;5472;5869;6514;6784;7028,cuuuuuuuu,1;2;3;4;5;6;7;8;9,1;2;3;4;6;5;7;8;9,8,1,5,5:invisible,0,1,False,7028,u,7028,False,MATCH
0.25,205,3,u,2144;6243;7337,uuu,1;2;3,1;2;3,2,0,-,-,0,0,False,7337,u,7337,False,MATCH
0.25,184,3,d,2145;6517;7340,uud,1;2;3,2;1;3,2,1,1,1:invisible,0,1,False,7340,d,7340,False,MATCH
0.25,727,5,u,2149;3190;5312;5934;6934,uuuuu,1;2;3;4;5,1;2;3;4;5,4,0,-,-,0,0,False,6934,u,6934,False,MATCH
0.25,1109,4,u,2162;2813;4042;5715,uuuu,1;2;3;4,1;3;4;2,3,2,2;3,2:invisible;3:descent,1,1,True,4042,u,5715,True,STALE_WINS
0.25,33,9,u,2164;3164;3817;4352;5039;5203;5355;6058;6978,uuuuuuuuu,1;2;3;4;5;6;7;8;9,1;2;3;4;5;6;7;9;8,8,1,8,8:descent,1,0,True,6058,u,6978,True,STALE_WINS
0.25,192,3,d,2167;5610;6435,uud,1;2;3,1;2;3,2,0,-,-,0,0,False,6435,d,6435,False,MATCH
0.25,579,2,d,2169;5158,ud,1;2,1;2,1,0,-,-,0,0,False,5158,d,5158,False,MATCH
0.25,802,3,u,2173;2802;6306,uuu,1;2;3,1;3;2,2,1,2,2:descent,1,0,True,2802,u,6306,True,STALE_WINS
0.25,329,4,u,2174;2600;5347;7034,uuuu,1;2;3;4,2;1;3;4,3,1,1,1:invisible,0,1,False,7034,u,7034,False,MATCH
0.25,355,4,u,2175;2969;3451;4938,uuuu,1;2;3;4,1;2;3;4,3,0,-,-,0,0,False,4938,u,4938,False,MATCH
0.25,1033,3,u,2180;3644;6443,uuu,1;2;3,1;2;3,2,0,-,-,0,0,False,6443,u,6443,False,MATCH
0.25,290,4,u,2184;2384;2699;3232,uuuu,1;2;3;4,1;2;3;4,3,0,-,-,0,0,False,3232,u,3232,False,MATCH
0.25,1183,3,u,2188;2775;7023,uuu,1;2;3,1;2;3,2,0,-,-,0,0,False,7023,u,7023,False,MATCH
0.25,645,3,u,2189;6224;6451,uuu,1;2;3,1;2;3,2,0,-,-,0,0,False,6451,u,6451,False,MATCH
0.25,838,2,u,2190;4120,uu,1;2,1;2,1,0,-,-,0,0,False,4120,u,4120,False,MATCH
0.25,223,9,u,2194;3485;4293;4839;5181;5432;5802;6436;6798,uuuuuuuuu,1;2;3;4;5;6;7;8;9,1;2;3;5;4;7;6;9;8,8,3,4;6;8,4:invisible;6:invisible;8:descent,1,2,True,6436,u,6798,True,STALE_WINS
0.25,575,8,u,2195;2512;2671;4163;5289;5364;5868;6184,uuuuuuuu,1;2;3;4;5;6;7;8,2;1;3;4;5;6;8;7,7,2,1;7,1:invisible;7:descent,1,1,True,5868,u,6184,True,STALE_WINS
0.25,373,2,u,2196;2936,uu,1;2,1;2,1,0,-,-,0,0,False,2936,u,2936,False,MATCH
0.25,1201,7,c,2197;3107;4410;4684;6031;6118;6318,cuuuudc,1;2;3;4;5;6;7,1;2;3;5;4;6;7,6,1,4,4:invisible,0,1,False,6318,c,6318,False,MATCH
0.25,871,4,u,2199;2745;4036;6970,uuuu,1;2;3;4,1;2;3;4,3,0,-,-,0,0,False,6970,u,6970,False,MATCH
0.25,237,6,d,2200;2702;3701;4963;6106;6565,uuuuud,1;2;3;4;5;6,1;2;3;4;5;6,5,0,-,-,0,0,False,6565,d,6565,False,MATCH
0.25,1208,3,u,2201;3964;4885,cuu,1;2;3,1;2;3,2,0,-,-,0,0,False,4885,u,4885,False,MATCH
0.25,794,10,d,2202;2618;3761;3768;4322;4513;5251;5887;6696;6823,uuuuuuuuud,1;2;3;4;5;6;7;8;9;10,2;3;1;4;5;6;7;8;10;9,9,3,1;2;9,1:invisible;2:invisible;9:descent,1,2,True,6696,u,6823,True,GHOST
0.25,1132,4,u,2203;3152;5462;5798,uuuu,1;2;3;4,1;2;3;4,3,0,-,-,0,0,False,5798,u,5798,False,MATCH
0.25,1031,2,u,2204;5096,uu,1;2,2;1,1,1,1,1:descent,1,0,True,2204,u,5096,True,STALE_WINS
0.25,1118,7,u,2205;3011;3022;3048;3504;4729;5817,uuuuuuu,1;2;3;4;5;6;7,1;3;4;2;6;7;5,6,4,2;3;5;6,2:invisible;3:invisible;5:invisible;6:descent,1,3,True,4729,u,5817,True,STALE_WINS
0.25,689,3,u,2206;4281;4898,uuu,1;2;3,2;1;3,2,1,1,1:invisible,0,1,False,4898,u,4898,False,MATCH
0.25,1100,3,d,2215;4834;6513,uud,1;2;3,1;2;3,2,0,-,-,0,0,False,6513,d,6513,False,MATCH
0.25,707,2,u,2216;3704,uu,1;2,2;1,1,1,1,1:descent,1,0,True,2216,u,3704,True,STALE_WINS
0.25,1126,4,u,2217;3629;4954;7155,uuuu,1;2;3;4,1;2;3;4,3,0,-,-,0,0,False,7155,u,7155,False,MATCH
0.25,502,2,u,2219;7212,uu,1;2,2;1,1,1,1,1:descent,1,0,True,2219,u,7212,True,STALE_WINS
0.25,728,9,u,2222;2390;2595;2988;3332;3927;4762;6814;6897,uuuuuuuuu,1;2;3;4;5;6;7;8;9,1;2;3;4;5;6;7;8;9,8,0,-,-,0,0,False,6897,u,6897,False,MATCH
0.25,365,11,u,2223;2337;2462;2568;3486;3805;4626;5224;6130;6603;6774,uuuuuuuuuuu,1;2;3;4;5;6;7;8;9;10;11,1;2;3;4;5;7;6;8;9;10;11,10,1,6,6:invisible,0,1,False,6774,u,6774,False,MATCH
0.25,687,3,u,2225;5611;5959,uuu,1;2;3,1;3;2,2,1,2,2:descent,1,0,True,5611,u,5959,True,STALE_WINS
0.25,549,1,u,2227,u,1,1,0,0,-,-,0,0,False,2227,u,2227,False,MATCH
0.25,26,10,u,2230;2292;2363;2957;3872;4453;4709;5580;6022;6762,uuuuuuuuuu,1;2;3;4;5;6;7;8;9;10,2;3;4;1;5;6;7;8;9;10,9,3,1;2;3,1:invisible;2:invisible;3:invisible,0,3,False,6762,u,6762,False,MATCH
0.25,926,2,u,2233;2768,uu,1;2,2;1,1,1,1,1:descent,1,0,True,2233,u,2768,True,STALE_WINS
0.25,247,5,u,2243;2689;4944;6718;6946,uuuuu,1;2;3;4;5,2;1;3;4;5,4,1,1,1:invisible,0,1,False,6946,u,6946,False,MATCH
0.25,114,17,u,2245;2477;2672;2840;2875;2962;3616;3785;4913;5445;6159;6219;6425;6485;6569;6838;7400,uuuuuuuuuuuuuuuuu,1;2;3;4;5;6;7;8;9;10;11;12;13;14;15;16;17,1;2;3;5;4;6;7;9;8;10;11;12;13;14;15;17;16,16,3,4;8;16,4:invisible;8:invisible;16:descent,1,2,True,6838,u,7400,True,STALE_WINS
0.25,132,9,u,2246;2896;4638;5106;5931;6973;6999;7208;7323,uuuuuuuuu,1;2;3;4;5;6;7;8;9,2;3;1;4;5;6;8;7;9,8,3,1;2;7,1:invisible;2:invisible;7:invisible,0,3,False,7323,u,7323,False,MATCH
0.25,22,4,u,2248;2520;4610;5211,uuuu,1;2;3;4,2;3;1;4,3,2,1;2,1:invisible;2:invisible,0,2,False,5211,u,5211,False,MATCH
0.25,816,2,u,2250;4168,uu,1;2,1;2,1,0,-,-,0,0,False,4168,u,4168,False,MATCH
0.25,487,7,u,2251;3277;3820;4629;5900;6680;7341,uuuuuuu,1;2;3;4;5;6;7,2;1;3;4;5;6;7,6,1,1,1:invisible,0,1,False,7341,u,7341,False,MATCH
0.25,528,6,u,2254;2333;2341;3791;6828;7358,uuuuuu,1;2;3;4;5;6,2;1;3;4;6;5,5,2,1;5,1:invisible;5:descent,1,1,True,6828,u,7358,True,STALE_WINS
0.25,409,3,u,2258;3777;5937,uuu,1;2;3,1;2;3,2,0,-,-,0,0,False,5937,u,5937,False,MATCH
0.25,820,5,u,2259;3012;3173;5712;5827,uuuuu,1;2;3;4;5,1;3;2;5;4,4,2,2;4,2:invisible;4:descent,1,1,True,5712,u,5827,True,STALE_WINS
0.25,898,4,c,2262;2453;2468;3218,uudc,1;2;3;4,1;2;4;3,3,1,3,3:descent,1,0,True,2468,d,3218,True,MISSING_CURRENT
0.25,333,8,u,2267;2589;2808;4945;5345;6392;6885;7300,uuuuuuuu,1;2;3;4;5;6;7;8,1;2;3;5;4;6;7;8,7,1,4,4:invisible,0,1,False,7300,u,7300,False,MATCH
0.25,241,3,u,2268;2791;3812,uuu,1;2;3,1;2;3,2,0,-,-,0,0,False,3812,u,3812,False,MATCH
0.25,519,6,u,2271;3352;3529;3985;5434;6560,uuuuuu,1;2;3;4;5;6,2;1;3;4;5;6,5,1,1,1:invisible,0,1,False,6560,u,6560,False,MATCH
0.25,214,6,c,2274;2493;2530;4013;5066;6253,uuuudc,1;2;3;4;5;6,2;3;1;5;4;6,5,3,1;2;4,1:invisible;2:invisible;4:invisible,0,3,False,6253,c,6253,False,MATCH
0.25,982,1,u,2276,u,1,1,0,0,-,-,0,0,False,2276,u,2276,False,MATCH
0.25,448,4,u,2278;6082;6197;7392,uuuu,1;2;3;4,1;2;3;4,3,0,-,-,0,0,False,7392,u,7392,False,MATCH
0.25,362,6,u,2282;3172;3253;3939;4930;5515,uuuuuu,1;2;3;4;5;6,1;3;2;4;6;5,5,2,2;5,2:invisible;5:descent,1,1,True,4930,u,5515,True,STALE_WINS
0.25,380,4,u,2284;2750;3358;5840,uuuu,1;2;3;4,1;2;3;4,3,0,-,-,0,0,False,5840,u,5840,False,MATCH
0.25,263,5,u,2288;5100;5165;5924;6187,uuuuu,1;2;3;4;5,2;1;3;5;4,4,2,1;4,1:invisible;4:descent,1,1,True,5924,u,6187,True,STALE_WINS
0.25,379,3,u,2289;2941;4222,uuu,1;2;3,2;1;3,2,1,1,1:invisible,0,1,False,4222,u,4222,False,MATCH
0.25,174,3,u,2291;2879;6913,uuu,1;2;3,1;2;3,2,0,-,-,0,0,False,6913,u,6913,False,MATCH
0.25,322,5,u,2295;2376;2431;4153;6408,uuuuu,1;2;3;4;5,1;2;3;4;5,4,0,-,-,0,0,False,6408,u,6408,False,MATCH
0.25,1119,8,d,2296;2410;3647;3851;4027;4510;4570;5697,uuuuuuud,1;2;3;4;5;6;7;8,1;3;4;5;6;7;8;2,7,6,2;3;4;5;6;7,2:invisible;3:invisible;4:invisible;5:invisible;6:invisible;7:descent,1,5,True,4570,u,5697,True,GHOST
0.25,201,2,d,2299;3386,ud,1;2,1;2,1,0,-,-,0,0,False,3386,d,3386,False,MATCH
0.25,1139,2,u,2300;5465,uu,1;2,1;2,1,0,-,-,0,0,False,5465,u,5465,False,MATCH
0.25,984,2,u,2301;7040,uu,1;2,1;2,1,0,-,-,0,0,False,7040,u,7040,False,MATCH
0.25,788,4,u,2302;4646;6405;7080,uuuu,1;2;3;4,1;3;2;4,3,1,2,2:invisible,0,1,False,7080,u,7080,False,MATCH
0.25,1016,6,u,2303;3515;3517;5634;5724;6143,uuuuuu,1;2;3;4;5;6,1;2;4;3;6;5,5,2,3;5,3:invisible;5:descent,1,1,True,5724,u,6143,True,STALE_WINS
0.25,844,10,u,2304;2714;2880;3954;4133;4548;4565;4844;6148;7131,uuuuuuuuuu,1;2;3;4;5;6;7;8;9;10,2;1;3;5;4;7;6;8;10;9,9,4,1;4;6;9,1:invisible;4:invisible;6:invisible;9:descent,1,3,True,6148,u,7131,True,STALE_WINS
0.25,509,1,u,2310,u,1,1,0,0,-,-,0,0,False,2310,u,2310,False,MATCH
0.25,9,5,u,2311;2980;3815;6006;6860,uuuuu,1;2;3;4;5,1;2;4;3;5,4,1,3,3:invisible,0,1,False,6860,u,6860,False,MATCH
0.25,1210,4,u,2312;6164;6671;7094,cuuu,1;2;3;4,1;2;4;3,3,1,3,3:descent,1,0,True,6671,u,7094,True,STALE_WINS
0.25,202,6,u,2313;3359;3728;4146;5732;6142,uuuuuu,1;2;3;4;5;6,1;2;4;3;5;6,5,1,3,3:invisible,0,1,False,6142,u,6142,False,MATCH
0.25,140,3,u,2315;2322;5833,uuu,1;2;3,1;2;3,2,0,-,-,0,0,False,5833,u,5833,False,MATCH
0.25,318,3,u,2320;3216;5331,uuu,1;2;3,1;2;3,2,0,-,-,0,0,False,5331,u,5331,False,MATCH
0.25,289,1,u,2324,u,1,1,0,0,-,-,0,0,False,2324,u,2324,False,MATCH
0.25,51,2,u,2325;4175,uu,1;2,1;2,1,0,-,-,0,0,False,4175,u,4175,False,MATCH
0.25,860,6,u,2328;3667;5352;5502;5863;5871,uuuuuu,1;2;3;4;5;6,1;2;3;5;6;4,5,2,4;5,4:invisible;5:descent,1,1,True,5863,u,5871,True,STALE_WINS
0.25,394,2,u,2329;2738,uu,1;2,1;2,1,0,-,-,0,0,False,2738,u,2738,False,MATCH
0.25,246,7,c,2330;4186;5551;5649;6605;7126;7242,uuuuudc,1;2;3;4;5;6;7,1;3;2;4;6;5;7,6,2,2;5,2:invisible;5:invisible,0,2,False,7242,c,7242,False,MATCH
0.25,369,11,u,2334;2836;3317;3380;3655;4099;4770;5657;6590;6746;7362,uuuuuuuuuuu,1;2;3;4;5;6;7;8;9;10;11,1;2;3;4;5;6;7;8;9;11;10,10,1,10,10:descent,1,0,True,6746,u,7362,True,STALE_WINS
0.25,423,22,u,2336;2932;3456;4236;4462;4593;4952;5173;5540;5543;6092;6136;6263;6346;6441;6624;6636;6672;6763;6976;7092;7257,uuuuuuuuuuuuuuuuuuuuuu,1;2;3;4;5;6;7;8;9;10;11;12;13;14;15;16;17;18;19;20;21;22,1;2;3;4;5;6;8;7;9;11;10;12;14;13;16;15;18;17;19;20;21;22,21,5,7;10;13;15;17,7:invisible;10:invisible;13:invisible;15:invisible;17:invisible,0,5,False,7257,u,7257,False,MATCH
0.25,25,1,u,2338,u,1,1,0,0,-,-,0,0,False,2338,u,2338,False,MATCH
0.25,99,2,d,2339;7183,ud,1;2,1;2,1,0,-,-,0,0,False,7183,d,7183,False,MATCH
0.25,775,10,d,2340;2464;3658;3818;5152;5444;6070;6348;7227;7265,uuuuuuuuud,1;2;3;4;5;6;7;8;9;10,1;3;4;2;5;6;7;8;9;10,9,2,2;3,2:invisible;3:invisible,0,2,False,7265,d,7265,False,MATCH
0.25,870,3,u,2342;4520;4643,uuu,1;2;3,1;2;3,2,0,-,-,0,0,False,4643,u,4643,False,MATCH
0.25,764,4,u,2343;2433;2772;4999,uuuu,1;2;3;4,1;3;2;4,3,1,2,2:invisible,0,1,False,4999,u,4999,False,MATCH
0.25,837,6,d,2349;2807;3163;4881;5157;5524,uuuuud,1;2;3;4;5;6,1;2;3;4;5;6,5,0,-,-,0,0,False,5524,d,5524,False,MATCH
0.25,169,3,u,2350;2559;6270,uuu,1;2;3,1;2;3,2,0,-,-,0,0,False,6270,u,6270,False,MATCH
0.25,356,3,u,2351;7064;7199,uuu,1;2;3,2;3;1,2,2,1;2,1:invisible;2:descent,1,1,True,7064,u,7199,True,STALE_WINS
0.25,973,14,u,2353;2440;2726;3025;3404;3496;4177;4817;5220;5978;6470;6508;6622;6817,uuuuuuuuuuuuuu,1;2;3;4;5;6;7;8;9;10;11;12;13;14,1;2;3;4;5;6;7;8;9;10;11;13;14;12,13,2,12;13,12:invisible;13:descent,1,1,True,6622,u,6817,True,STALE_WINS
0.25,627,2,u,2355;3578,uu,1;2,2;1,1,1,1,1:descent,1,0,True,2355,u,3578,True,STALE_WINS
0.25,636,3,u,2358;2621;7334,uuu,1;2;3,1;3;2,2,1,2,2:descent,1,0,True,2621,u,7334,True,STALE_WINS
0.25,1134,2,u,2359;5087,uu,1;2,1;2,1,0,-,-,0,0,False,5087,u,5087,False,MATCH
0.25,262,3,u,2365;2709;2937,uuu,1;2;3,1;2;3,2,0,-,-,0,0,False,2937,u,2937,False,MATCH
0.25,547,1,u,2368,u,1,1,0,0,-,-,0,0,False,2368,u,2368,False,MATCH
0.25,779,4,c,2372;2514;6836;7321,uudc,1;2;3;4,2;1;3;4,3,1,1,1:invisible,0,1,False,7321,c,7321,False,MATCH
0.25,546,4,d,2377;3153;3741;4815,uuud,1;2;3;4,2;1;3;4,3,1,1,1:invisible,0,1,False,4815,d,4815,False,MATCH
0.25,473,1,u,2381,u,1,1,0,0,-,-,0,0,False,2381,u,2381,False,MATCH
0.25,154,3,u,2386;3940;6021,uuu,1;2;3,1;2;3,2,0,-,-,0,0,False,6021,u,6021,False,MATCH
0.25,619,12,u,2394;2614;2637;2866;5047;5449;5627;5674;6048;6421;6888;7292,uuuuuuuuuuuu,1;2;3;4;5;6;7;8;9;10;11;12,1;3;2;4;6;5;7;8;9;10;11;12,11,2,2;5,2:invisible;5:invisible,0,2,False,7292,u,7292,False,MATCH
0.25,55,11,u,2396;2635;3415;3467;3875;4745;5359;5787;6300;7254;7268,uuuuuuuuuuu,1;2;3;4;5;6;7;8;9;10;11,1;3;2;4;6;5;8;7;9;10;11,10,3,2;5;7,2:invisible;5:invisible;7:invisible,0,3,False,7268,u,7268,False,MATCH
0.25,992,5,u,2397;2471;4697;6501;6785,uuuuu,1;2;3;4;5,2;3;4;1;5,4,3,1;2;3,1:invisible;2:invisible;3:invisible,0,3,False,6785,u,6785,False,MATCH
0.25,1020,1,u,2399,u,1,1,0,0,-,-,0,0,False,2399,u,2399,False,MATCH
0.25,1155,1,u,2401,u,1,1,0,0,-,-,0,0,False,2401,u,2401,False,MATCH
0.25,166,2,u,2403;6531,uu,1;2,2;1,1,1,1,1:descent,1,0,True,2403,u,6531,True,STALE_WINS
0.25,1059,8,d,2404;3316;3463;4436;5040;5681;5952;6728,uuuuuuud,1;2;3;4;5;6;7;8,1;3;2;5;4;6;7;8,7,2,2;4,2:invisible;4:invisible,0,2,False,6728,d,6728,False,MATCH
0.25,1228,5,u,2406;4380;4508;4639;5807,cuuuu,1;2;3;4;5,1;2;3;5;4,4,1,4,4:descent,1,0,True,4639,u,5807,True,STALE_WINS
0.25,564,11,u,2412;2551;2901;3370;3642;4866;5119;6076;6688;6967;7176,uuuuuuuuuuu,1;2;3;4;5;6;7;8;9;10;11,2;1;4;3;6;5;7;8;10;9;11,10,4,1;3;5;9,1:invisible;3:invisible;5:invisible;9:invisible,0,4,False,7176,u,7176,False,MATCH
0.25,398,3,u,2413;3710;6071,uuu,1;2;3,1;3;2,2,1,2,2:descent,1,0,True,3710,u,6071,True,STALE_WINS
0.25,339,2,u,2415;6557,uu,1;2,2;1,1,1,1,1:descent,1,0,True,2415,u,6557,True,STALE_WINS
0.25,415,2,u,2422;4597,uu,1;2,1;2,1,0,-,-,0,0,False,4597,u,4597,False,MATCH
0.25,229,3,u,2423;5186;7160,uuu,1;2;3,1;2;3,2,0,-,-,0,0,False,7160,u,7160,False,MATCH
0.25,530,7,u,2425;2494;3015;4773;5074;5365;7260,uuuuuuu,1;2;3;4;5;6;7,1;3;4;2;5;6;7,6,2,2;3,2:invisible;3:invisible,0,2,False,7260,u,7260,False,MATCH
0.25,852,3,d,2427;2575;6331,uud,1;2;3,1;3;2,2,1,2,2:descent,1,0,True,2575,u,6331,True,GHOST
0.25,558,8,d,2429;4112;4228;4287;5528;6138;6545;6601,uuuuuuud,1;2;3;4;5;6;7;8,1;3;2;5;6;4;7;8,7,3,2;4;5,2:invisible;4:invisible;5:invisible,0,3,False,6601,d,6601,False,MATCH
0.25,804,9,u,2430;2434;3144;3205;3365;3671;6202;6375;6559,uuuuuuuuu,1;2;3;4;5;6;7;8;9,1;2;3;4;5;6;7;8;9,8,0,-,-,0,0,False,6559,u,6559,False,MATCH
0.25,155,9,u,2435;2659;2771;3074;4188;4648;5137;5320;7381,uuuuuuuuu,1;2;3;4;5;6;7;8;9,2;1;3;4;6;5;7;8;9,8,2,1;5,1:invisible;5:invisible,0,2,False,7381,u,7381,False,MATCH
0.25,14,8,u,2441;3351;3911;4689;5021;6743;7179;7250,uuuuuuuu,1;2;3;4;5;6;7;8,1;2;3;4;5;6;8;7,7,1,7,7:descent,1,0,True,7179,u,7250,True,STALE_WINS
0.25,489,8,u,2443;2739;2752;2902;3023;3617;4045;5982,uuuuuuuu,1;2;3;4;5;6;7;8,2;1;4;5;3;6;7;8,7,3,1;3;4,1:invisible;3:invisible;4:invisible,0,3,False,5982,u,5982,False,MATCH
0.25,1005,5,u,2445;2763;4378;4740;5825,uuuuu,1;2;3;4;5,2;1;3;4;5,4,1,1,1:invisible,0,1,False,5825,u,5825,False,MATCH
0.25,143,6,u,2454;2774;3867;4943;6596;7041,uuuuuu,1;2;3;4;5;6,1;2;3;4;5;6,5,0,-,-,0,0,False,7041,u,7041,False,MATCH
0.25,1235,10,u,2455;3227;3396;3836;4781;5024;5866;6465;6515;6602,cuuuuuuuuu,1;2;3;4;5;6;7;8;9;10,1;2;3;4;5;6;7;8;9;10,9,0,-,-,0,0,False,6602,u,6602,False,MATCH
0.25,58,5,u,2458;2809;3890;3931;7371,uuuuu,1;2;3;4;5,1;3;2;4;5,4,1,2,2:invisible,0,1,False,7371,u,7371,False,MATCH
0.25,396,1,u,2461,u,1,1,0,0,-,-,0,0,False,2461,u,2461,False,MATCH
0.25,1188,3,u,2463;6281;7110,uuu,1;2;3,1;3;2,2,1,2,2:descent,1,0,True,6281,u,7110,True,STALE_WINS
0.25,230,3,u,2466;4920;5301,uuu,1;2;3,1;2;3,2,0,-,-,0,0,False,5301,u,5301,False,MATCH
0.25,975,4,c,2467;3078;5108;6391,uudc,1;2;3;4,1;3;2;4,3,1,2,2:invisible,0,1,False,6391,c,6391,False,MATCH
0.25,970,4,u,2475;4331;7346;7387,uuuu,1;2;3;4,2;1;3;4,3,1,1,1:invisible,0,1,False,7387,u,7387,False,MATCH
0.25,432,7,u,2476;2920;3519;4064;4805;5895;7402,uuuuuuu,1;2;3;4;5;6;7,2;1;3;5;4;7;6,6,3,1;4;6,1:invisible;4:invisible;6:descent,1,2,True,5895,u,7402,True,STALE_WINS
0.25,654,10,u,2478;2565;2757;3557;3956;4469;6075;6373;6387;7173,uuuuuuuuuu,1;2;3;4;5;6;7;8;9;10,1;2;3;4;6;5;7;8;9;10,9,1,5,5:invisible,0,1,False,7173,u,7173,False,MATCH
0.25,106,2,u,2479;4767,uu,1;2,1;2,1,0,-,-,0,0,False,4767,u,4767,False,MATCH
0.25,1111,7,u,2481;4325;4879;5402;5929;6766;6979,uuuuuuu,1;2;3;4;5;6;7,2;3;1;4;5;6;7,6,2,1;2,1:invisible;2:invisible,0,2,False,6979,u,6979,False,MATCH
0.25,589,2,u,2483;5954,uu,1;2,1;2,1,0,-,-,0,0,False,5954,u,5954,False,MATCH
0.25,989,5,u,2484;2602;4092;4200;5077,uuuuu,1;2;3;4;5,1;2;3;4;5,4,0,-,-,0,0,False,5077,u,5077,False,MATCH
0.25,603,2,u,2490;5999,uu,1;2,1;2,1,0,-,-,0,0,False,5999,u,5999,False,MATCH
0.25,742,7,d,2495;3882;5070;5685;6440;6737;6981,uuuuuud,1;2;3;4;5;6;7,1;2;3;4;5;6;7,6,0,-,-,0,0,False,6981,d,6981,False,MATCH
0.25,1092,7,u,2496;2651;4176;5099;5248;5507;6527,uuuuuuu,1;2;3;4;5;6;7,1;2;4;3;5;6;7,6,1,3,3:invisible,0,1,False,6527,u,6527,False,MATCH
0.25,625,8,d,2498;2724;2927;3119;3895;4716;5584;7407,uuuuuuud,1;2;3;4;5;6;7;8,1;2;4;3;5;7;8;6,7,3,3;6;7,3:invisible;6:invisible;7:descent,1,2,True,5584,u,7407,True,GHOST
0.25,650,2,u,2502;6939,uu,1;2,2;1,1,1,1,1:descent,1,0,True,2502,u,6939,True,STALE_WINS
0.25,206,9,u,2505;2914;3767;4035;4777;5290;5446;6732;7188,uuuuuuuuu,1;2;3;4;5;6;7;8;9,1;2;4;3;5;7;6;8;9,8,2,3;6,3:invisible;6:invisible,0,2,False,7188,u,7188,False,MATCH
0.25,493,5,u,2507;5512;6616;6856;7184,uuuuu,1;2;3;4;5,2;1;3;5;4,4,2,1;4,1:invisible;4:descent,1,1,True,6856,u,7184,True,STALE_WINS
0.25,1129,2,d,2511;5975,ud,1;2,1;2,1,0,-,-,0,0,False,5975,d,5975,False,MATCH
0.25,807,5,c,2515;3686;4124;4323;5796,uuudc,1;2;3;4;5,1;2;3;5;4,4,1,4,4:descent,1,0,True,4323,d,5796,True,MISSING_CURRENT
0.25,481,2,u,2519;6476,uu,1;2,2;1,1,1,1,1:descent,1,0,True,2519,u,6476,True,STALE_WINS
0.25,1165,3,c,2525;2594;3829,udc,1;2;3,1;2;3,2,0,-,-,0,0,False,3829,c,3829,False,MATCH
0.25,361,1,u,2528,u,1,1,0,0,-,-,0,0,False,2528,u,2528,False,MATCH
0.25,552,7,u,2532;2919;2982;3412;5335;6240;6503,uuuuuuu,1;2;3;4;5;6;7,1;2;3;5;4;6;7,6,1,4,4:invisible,0,1,False,6503,u,6503,False,MATCH
0.25,516,3,u,2536;5292;7149,uuu,1;2;3,1;2;3,2,0,-,-,0,0,False,7149,u,7149,False,MATCH
0.25,326,2,u,2540;6245,uu,1;2,1;2,1,0,-,-,0,0,False,6245,u,6245,False,MATCH
0.25,39,5,u,2542;2609;6618;6818;7067,uuuuu,1;2;3;4;5,2;1;4;5;3,4,3,1;3;4,1:invisible;3:invisible;4:descent,1,2,True,6818,u,7067,True,STALE_WINS
0.25,68,4,u,2545;3032;3665;4550,uuuu,1;2;3;4,1;3;2;4,3,1,2,2:invisible,0,1,False,4550,u,4550,False,MATCH
0.25,732,2,d,2548;5591,ud,1;2,1;2,1,0,-,-,0,0,False,5591,d,5591,False,MATCH
0.25,551,6,u,2552;3407;5205;5835;6144;7314,uuuuuu,1;2;3;4;5;6,1;3;2;5;6;4,5,3,2;4;5,2:invisible;4:invisible;5:descent,1,2,True,6144,u,7314,True,STALE_WINS
0.25,1022,5,c,2556;3894;4063;5313;6524,uuudc,1;2;3;4;5,1;2;3;4;5,4,0,-,-,0,0,False,6524,c,6524,False,MATCH
0.25,321,7,u,2560;3782;4540;4699;5221;6463;7298,uuuuuuu,1;2;3;4;5;6;7,2;3;4;1;5;7;6,6,4,1;2;3;6,1:invisible;2:invisible;3:invisible;6:descent,1,3,True,6463,u,7298,True,STALE_WINS
0.25,418,10,u,2564;2918;4001;4232;4430;5481;5899;5974;6105;6987,uuuuuuuuuu,1;2;3;4;5;6;7;8;9;10,1;2;3;4;5;6;7;8;9;10,9,0,-,-,0,0,False,6987,u,6987,False,MATCH
0.25,1256,6,u,2567;2761;3618;4116;4471;4910,cuuuuu,1;2;3;4;5;6,2;3;1;4;5;6,5,2,1;2,1:invisible;2:invisible,0,2,False,4910,u,4910,False,MATCH
0.25,1076,2,u,2578;4575,uu,1;2,2;1,1,1,1,1:descent,1,0,True,2578,u,4575,True,STALE_WINS
0.25,945,14,d,2579;2804;2878;3413;3778;3943;4255;5384;5778;6193;6700;6702;6988;7133,uuuuuuuuuuuuud,1;2;3;4;5;6;7;8;9;10;11;12;13;14,1;2;3;4;5;7;6;8;9;10;11;12;13;14,13,1,6,6:invisible,0,1,False,7133,d,7133,False,MATCH
0.25,64,6,u,2585;2643;3589;5222;6478;6825,uuuuuu,1;2;3;4;5;6,1;2;3;5;6;4,5,2,4;5,4:invisible;5:descent,1,1,True,6478,u,6825,True,STALE_WINS
0.25,1088,10,u,2590;2801;3248;3468;3907;4381;4502;5656;5839;6756,uuuuuuuuuu,1;2;3;4;5;6;7;8;9;10,1;2;3;5;6;4;8;7;9;10,9,3,4;5;7,4:invisible;5:invisible;7:invisible,0,3,False,6756,u,6756,False,MATCH
0.25,958,4,u,2599;3200;4780;6384,uuuu,1;2;3;4,1;2;3;4,3,0,-,-,0,0,False,6384,u,6384,False,MATCH
0.25,1115,6,u,2601;3167;3185;4398;4707;5120,uuuuuu,1;2;3;4;5;6,2;1;3;5;4;6,5,2,1;4,1:invisible;4:invisible,0,2,False,5120,u,5120,False,MATCH
0.25,347,2,u,2607;3854,uu,1;2,1;2,1,0,-,-,0,0,False,3854,u,3854,False,MATCH
0.25,367,4,u,2612;2644;2963;6196,uuuu,1;2;3;4,2;1;3;4,3,1,1,1:invisible,0,1,False,6196,u,6196,False,MATCH
0.25,803,6,u,2628;3121;3950;4292;6295;6579,uuuuuu,1;2;3;4;5;6,2;1;3;5;4;6,5,2,1;4,1:invisible;4:invisible,0,2,False,6579,u,6579,False,MATCH
0.25,733,5,u,2629;2855;5336;5942;5966,uuuuu,1;2;3;4;5,2;3;4;1;5,4,3,1;2;3,1:invisible;2:invisible;3:invisible,0,3,False,5966,u,5966,False,MATCH
0.25,1057,3,c,2631;4402;6552,udc,1;2;3,1;2;3,2,0,-,-,0,0,False,6552,c,6552,False,MATCH
0.25,185,7,u,2632;2725;3363;3764;5473;6697;7238,uuuuuuu,1;2;3;4;5;6;7,1;2;4;3;5;6;7,6,1,3,3:invisible,0,1,False,7238,u,7238,False,MATCH
0.25,442,1,u,2633,u,1,1,0,0,-,-,0,0,False,2633,u,2633,False,MATCH
0.25,311,5,u,2641;2685;3139;3715;4553,uuuuu,1;2;3;4;5,1;2;3;4;5,4,0,-,-,0,0,False,4553,u,4553,False,MATCH
0.25,1260,3,u,2645;4634;4993,cuu,1;2;3,1;2;3,2,0,-,-,0,0,False,4993,u,4993,False,MATCH
0.25,1035,2,u,2656;3313,uu,1;2,1;2,1,0,-,-,0,0,False,3313,u,3313,False,MATCH
0.25,233,16,d,2657;3196;3488;3581;3731;3796;4058;4210;4464;4530;4835;5009;5923;6325;6994;7287,uuuuuuuuuuuuuuud,1;2;3;4;5;6;7;8;9;10;11;12;13;14;15;16,2;1;3;4;5;7;6;8;10;11;9;12;13;14;15;16,15,4,1;6;9;10,1:invisible;6:invisible;9:invisible;10:invisible,0,4,False,7287,d,7287,False,MATCH
0.25,34,1,u,2661,u,1,1,0,0,-,-,0,0,False,2661,u,2661,False,MATCH
0.25,879,1,u,2665,u,1,1,0,0,-,-,0,0,False,2665,u,2665,False,MATCH
0.25,980,7,u,2673;2749;3171;4299;5653;6388;6403,uuuuuuu,1;2;3;4;5;6;7,1;2;4;3;5;6;7,6,1,3,3:invisible,0,1,False,6403,u,6403,False,MATCH
0.25,159,3,u,2682;3008;4870,uuu,1;2;3,1;2;3,2,0,-,-,0,0,False,4870,u,4870,False,MATCH
0.25,817,3,u,2683;3577;4006,uuu,1;2;3,2;1;3,2,1,1,1:invisible,0,1,False,4006,u,4006,False,MATCH
0.25,657,2,d,2686;6920,ud,1;2,2;1,1,1,1,1:descent,1,0,True,2686,u,6920,True,GHOST
0.25,559,3,u,2688;4674;6150,uuu,1;2;3,2;1;3,2,1,1,1:invisible,0,1,False,6150,u,6150,False,MATCH
0.25,784,5,u,2690;2904;4568;4928;6775,uuuuu,1;2;3;4;5,2;1;3;4;5,4,1,1,1:invisible,0,1,False,6775,u,6775,False,MATCH
0.25,555,16,u,2694;2970;4778;4812;4830;5585;5781;5858;6028;6577;6614;6742;7136;7221;7261;7299,uuuuuuuuuuuuuuuu,1;2;3;4;5;6;7;8;9;10;11;12;13;14;15;16,2;1;3;4;6;5;8;7;9;10;11;12;13;14;16;15,15,4,1;5;7;15,1:invisible;5:invisible;7:invisible;15:descent,1,3,True,7261,u,7299,True,STALE_WINS
0.25,954,2,u,2697;3627,uu,1;2,1;2,1,0,-,-,0,0,False,3627,u,3627,False,MATCH
0.25,1241,13,u,2700;4230;4451;5150;5624;6342;6350;6567;6982;7045;7141;7246;7384,cuuuuuuuuuuuu,1;2;3;4;5;6;7;8;9;10;11;12;13,1;2;3;5;4;6;8;9;7;11;10;12;13,12,4,4;7;8;10,4:invisible;7:invisible;8:invisible;10:invisible,0,4,False,7384,u,7384,False,MATCH
0.25,1,3,u,2715;5727;6715,uuu,1;2;3,2;1;3,2,1,1,1:invisible,0,1,False,6715,u,6715,False,MATCH
0.25,102,3,d,2723;4592;7118,uud,1;2;3,1;2;3,2,0,-,-,0,0,False,7118,d,7118,False,MATCH
0.25,885,9,u,2728;3478;4062;4392;4892;5182;5212;6562;6710,uuuuuuuuu,1;2;3;4;5;6;7;8;9,1;2;3;5;4;6;7;8;9,8,1,4,4:invisible,0,1,False,6710,u,6710,False,MATCH
0.25,1024,2,u,2729;7223,uu,1;2,1;2,1,0,-,-,0,0,False,7223,u,7223,False,MATCH
0.25,220,5,u,2730;4362;6040;6407;6868,uuuuu,1;2;3;4;5,1;2;3;4;5,4,0,-,-,0,0,False,6868,u,6868,False,MATCH
0.25,1108,4,u,2732;3897;5380;6676,uuuu,1;2;3;4,1;2;3;4,3,0,-,-,0,0,False,6676,u,6676,False,MATCH
0.25,17,4,d,2735;3874;4215;6213,uuud,1;2;3;4,1;2;4;3,3,1,3,3:descent,1,0,True,4215,u,6213,True,GHOST
0.25,54,8,d,2746;3333;3341;4346;5187;6284;6468;7241,uuuuuuud,1;2;3;4;5;6;7;8,1;2;3;4;6;5;8;7,7,2,5;7,5:invisible;7:descent,1,1,True,6468,u,7241,True,GHOST
0.25,1090,2,u,2748;5604,uu,1;2,1;2,1,0,-,-,0,0,False,5604,u,5604,False,MATCH
0.25,523,3,u,2754;6072;7038,uuu,1;2;3,1;3;2,2,1,2,2:descent,1,0,True,6072,u,7038,True,STALE_WINS
0.25,1245,5,u,2755;5578;6351;6395;7192,cuuuu,1;2;3;4;5,1;2;3;5;4,4,1,4,4:descent,1,0,True,6395,u,7192,True,STALE_WINS
0.25,859,1,u,2765,u,1,1,0,0,-,-,0,0,False,2765,u,2765,False,MATCH
0.25,279,4,u,2777;4500;6189;6654,uuuu,1;2;3;4,1;2;3;4,3,0,-,-,0,0,False,6654,u,6654,False,MATCH
0.25,712,8,u,2779;3180;4294;5091;6606;6886;6953;7005,uuuuuuuu,1;2;3;4;5;6;7;8,1;2;3;4;6;5;8;7,7,2,5;7,5:invisible;7:descent,1,1,True,6953,u,7005,True,STALE_WINS
0.25,284,6,u,2781;2812;3500;4316;4719;7406,uuuuuu,1;2;3;4;5;6,1;2;3;4;5;6,5,0,-,-,0,0,False,7406,u,7406,False,MATCH
0.25,618,6,u,2793;3957;4205;4244;5166;5269,uuuuuu,1;2;3;4;5;6,1;3;2;4;6;5,5,2,2;5,2:invisible;5:descent,1,1,True,5166,u,5269,True,STALE_WINS
0.25,75,3,d,2794;3403;7351,uud,1;2;3,1;3;2,2,1,2,2:descent,1,0,True,3403,u,7351,True,GHOST
0.25,658,10,u,2795;3029;3514;3913;4703;4932;4976;7051;7106;7122,uuuuuuuuuu,1;2;3;4;5;6;7;8;9;10,1;2;3;5;4;6;7;8;9;10,9,1,4,4:invisible,0,1,False,7122,u,7122,False,MATCH
0.25,914,1,u,2797,u,1,1,0,0,-,-,0,0,False,2797,u,2797,False,MATCH
0.25,1094,1,u,2800,u,1,1,0,0,-,-,0,0,False,2800,u,2800,False,MATCH
0.25,88,4,u,2805;2860;4297;5635,uuuu,1;2;3;4,1;2;4;3,3,1,3,3:descent,1,0,True,4297,u,5635,True,STALE_WINS
0.25,208,3,u,2818;4891;6291,uuu,1;2;3,1;2;3,2,0,-,-,0,0,False,6291,u,6291,False,MATCH
0.25,832,2,d,2820;3311,ud,1;2,1;2,1,0,-,-,0,0,False,3311,d,3311,False,MATCH
0.25,642,7,d,2821;3555;4802;5195;5407;6234;7382,uuuuuud,1;2;3;4;5;6;7,1;3;2;4;5;6;7,6,1,2,2:invisible,0,1,False,7382,d,7382,False,MATCH
0.25,829,4,u,2822;4007;6980;7158,uuuu,1;2;3;4,1;2;3;4,3,0,-,-,0,0,False,7158,u,7158,False,MATCH
0.25,466,3,u,2825;3756;5598,uuu,1;2;3,1;2;3,2,0,-,-,0,0,False,5598,u,5598,False,MATCH
0.25,949,2,d,2827;6659,ud,1;2,2;1,1,1,1,1:descent,1,0,True,2827,u,6659,True,GHOST
0.25,537,3,u,2828;3373;7394,uuu,1;2;3,1;2;3,2,0,-,-,0,0,False,7394,u,7394,False,MATCH
0.25,1232,11,c,2833;3571;3933;4560;4647;4922;5777;5810;6098;6447;6907,cuuuuuuuudc,1;2;3;4;5;6;7;8;9;10;11,2;1;4;3;5;6;8;7;9;10;11,10,3,1;3;7,1:invisible;3:invisible;7:invisible,0,3,False,6907,c,6907,False,MATCH
0.25,800,1,u,2839,u,1,1,0,0,-,-,0,0,False,2839,u,2839,False,MATCH
0.25,294,4,u,2842;3302;4408;6372,uuuu,1;2;3;4,1;2;3;4,3,0,-,-,0,0,False,6372,u,6372,False,MATCH
0.25,601,5,u,2845;3490;5322;5768;6416,uuuuu,1;2;3;4;5,1;3;2;4;5,4,1,2,2:invisible,0,1,False,6416,u,6416,False,MATCH
0.25,1066,1,u,2849,u,1,1,0,0,-,-,0,0,False,2849,u,2849,False,MATCH
0.25,584,6,u,2850;3743;4023;5581;5912;6107,uuuuuu,1;2;3;4;5;6,1;2;3;4;5;6,5,0,-,-,0,0,False,6107,u,6107,False,MATCH
0.25,698,4,u,2854;4718;5917;7079,uuuu,1;2;3;4,1;2;3;4,3,0,-,-,0,0,False,7079,u,7079,False,MATCH
0.25,1169,3,d,2859;4486;7288,uud,1;2;3,1;3;2,2,1,2,2:descent,1,0,True,4486,u,7288,True,GHOST
0.25,521,2,u,2862;5819,uu,1;2,2;1,1,1,1,1:descent,1,0,True,2862,u,5819,True,STALE_WINS
0.25,103,4,u,2869;3703;6402;6595,uuuu,1;2;3;4,1;2;3;4,3,0,-,-,0,0,False,6595,u,6595,False,MATCH
0.25,1067,2,u,2881;7129,uu,1;2,2;1,1,1,1,1:descent,1,0,True,2881,u,7129,True,STALE_WINS
0.25,518,3,u,2895;5734;6787,uuu,1;2;3,2;3;1,2,2,1;2,1:invisible;2:descent,1,1,True,5734,u,6787,True,STALE_WINS
0.25,757,9,u,2911;3191;3346;4181;4211;4501;5821;6496;7350,uuuuuuuuu,1;2;3;4;5;6;7;8;9,1;2;3;4;5;6;7;8;9,8,0,-,-,0,0,False,7350,u,7350,False,MATCH
0.25,239,2,u,2913;4937,uu,1;2,1;2,1,0,-,-,0,0,False,4937,u,4937,False,MATCH
0.25,1087,1,u,2921,u,1,1,0,0,-,-,0,0,False,2921,u,2921,False,MATCH
0.25,1039,2,u,2924;6097,uu,1;2,1;2,1,0,-,-,0,0,False,6097,u,6097,False,MATCH
0.25,1207,9,u,2926;3587;4628;4724;5367;7111;7251;7277;7403,cuuuuuuuu,1;2;3;4;5;6;7;8;9,1;3;4;2;5;7;6;8;9,8,3,2;3;6,2:invisible;3:invisible;6:invisible,0,3,False,7403,u,7403,False,MATCH
0.25,787,5,u,2930;5660;5713;6212;6429,uuuuu,1;2;3;4;5,1;2;4;3;5,4,1,3,3:invisible,0,1,False,6429,u,6429,False,MATCH
0.25,858,8,c,2943;3377;3689;3856;4383;4966;5382;5905,uuuuuudc,1;2;3;4;5;6;7;8,1;3;4;2;5;6;8;7,7,3,2;3;7,2:invisible;3:invisible;7:descent,1,2,True,5382,d,5905,True,MISSING_CURRENT
0.25,479,7,u,2945;3603;4654;5805;5844;6171;6442,uuuuuuu,1;2;3;4;5;6;7,1;2;3;5;4;6;7,6,1,4,4:invisible,0,1,False,6442,u,6442,False,MATCH
0.25,292,1,u,2947,u,1,1,0,0,-,-,0,0,False,2947,u,2947,False,MATCH
0.25,920,6,u,2948;3736;4964;5147;5745;6781,uuuuuu,1;2;3;4;5;6,1;3;2;5;4;6,5,2,2;4,2:invisible;4:invisible,0,2,False,6781,u,6781,False,MATCH
0.25,565,3,d,2949;5062;7135,uud,1;2;3,2;1;3,2,1,1,1:invisible,0,1,False,7135,d,7135,False,MATCH
0.25,447,6,d,2953;3145;3953;4507;5599;6641,uuuuud,1;2;3;4;5;6,1;3;2;4;5;6,5,1,2,2:invisible,0,1,False,6641,d,6641,False,MATCH
0.25,1130,3,c,2955;3026;5197,udc,1;2;3,1;2;3,2,0,-,-,0,0,False,5197,c,5197,False,MATCH
0.25,711,1,u,2956,u,1,1,0,0,-,-,0,0,False,2956,u,2956,False,MATCH
0.25,661,3,u,2960;4387;5385,uuu,1;2;3,1;2;3,2,0,-,-,0,0,False,5385,u,5385,False,MATCH
0.25,736,5,d,2964;3003;4721;4846;6002,uuuud,1;2;3;4;5,1;2;3;4;5,4,0,-,-,0,0,False,6002,d,6002,False,MATCH
0.25,925,4,u,2965;4073;5168;5284,uuuu,1;2;3;4,1;2;3;4,3,0,-,-,0,0,False,5284,u,5284,False,MATCH
0.25,462,2,u,2967;3411,uu,1;2,1;2,1,0,-,-,0,0,False,3411,u,3411,False,MATCH
0.25,1259,11,u,2968;3071;3347;3454;3645;4129;4341;4439;6158;6471;7305,cuuuuuuuuuu,1;2;3;4;5;6;7;8;9;10;11,1;2;3;4;6;7;5;8;9;10;11,10,2,5;6,5:invisible;6:invisible,0,2,False,7305,u,7305,False,MATCH
0.25,1254,6,d,2971;3465;4335;5576;5623;5886,cuuuud,1;2;3;4;5;6,2;3;1;4;5;6,5,2,1;2,1:invisible;2:invisible,0,2,False,5886,d,5886,False,MATCH
0.25,67,3,d,2972;3935;4759,uud,1;2;3,1;2;3,2,0,-,-,0,0,False,4759,d,4759,False,MATCH
0.25,1217,2,u,2974;5215,cu,1;2,1;2,1,0,-,-,0,0,False,5215,u,5215,False,MATCH
0.25,586,3,d,2975;3565;3955,uud,1;2;3,2;1;3,2,1,1,1:invisible,0,1,False,3955,d,3955,False,MATCH
0.25,746,1,u,2978,u,1,1,0,0,-,-,0,0,False,2978,u,2978,False,MATCH
0.25,608,7,u,2983;4098;4926;5023;5680;5920;6232,uuuuuuu,1;2;3;4;5;6;7,1;3;2;5;4;7;6,6,3,2;4;6,2:invisible;4:invisible;6:descent,1,2,True,5920,u,6232,True,STALE_WINS
0.25,312,1,u,2985,u,1,1,0,0,-,-,0,0,False,2985,u,2985,False,MATCH
0.25,842,4,u,2992;3559;5210;6811,uuuu,1;2;3;4,2;1;4;3,3,2,1;3,1:invisible;3:descent,1,1,True,5210,u,6811,True,STALE_WINS
0.25,913,5,u,3001;5303;5629;5691;7219,uuuuu,1;2;3;4;5,1;2;3;4;5,4,0,-,-,0,0,False,7219,u,7219,False,MATCH
0.25,29,5,d,3004;3870;4371;4473;6128,uuuud,1;2;3;4;5,1;2;4;5;3,4,2,3;4,3:invisible;4:descent,1,1,True,4473,u,6128,True,GHOST
0.25,697,3,d,3005;3033;6371,uud,1;2;3,1;2;3,2,0,-,-,0,0,False,6371,d,6371,False,MATCH
0.25,342,1,u,3006,u,1,1,0,0,-,-,0,0,False,3006,u,3006,False,MATCH
0.25,1011,3,d,3016;3252;5448,uud,1;2;3,1;2;3,2,0,-,-,0,0,False,5448,d,5448,False,MATCH
0.25,1197,6,u,3017;3197;3824;4218;6374;6446,uuuuuu,1;2;3;4;5;6,1;2;3;4;6;5,5,1,5,5:descent,1,0,True,6374,u,6446,True,STALE_WINS
0.25,1153,1,u,3018,u,1,1,0,0,-,-,0,0,False,3018,u,3018,False,MATCH
0.25,42,3,u,3020;4583;7186,uuu,1;2;3,1;2;3,2,0,-,-,0,0,False,7186,u,7186,False,MATCH
0.25,701,6,u,3024;4374;5200;6617;7115;7233,uuuuuu,1;2;3;4;5;6,1;2;3;5;4;6,5,1,4,4:invisible,0,1,False,7233,u,7233,False,MATCH
0.25,59,3,u,3027;5163;6201,uuu,1;2;3,2;1;3,2,1,1,1:invisible,0,1,False,6201,u,6201,False,MATCH
0.25,81,1,u,3028,u,1,1,0,0,-,-,0,0,False,3028,u,3028,False,MATCH
0.25,669,2,u,3031;6594,uu,1;2,1;2,1,0,-,-,0,0,False,6594,u,6594,False,MATCH
0.25,888,2,u,3034;3251,uu,1;2,1;2,1,0,-,-,0,0,False,3251,u,3251,False,MATCH
0.25,7,4,u,3037;3459;4492;5968,uuuu,1;2;3;4,1;2;4;3,3,1,3,3:descent,1,0,True,4492,u,5968,True,STALE_WINS
0.25,932,1,u,3038,u,1,1,0,0,-,-,0,0,False,3038,u,3038,False,MATCH
0.25,37,3,u,3042;5285;6410,uuu,1;2;3,1;2;3,2,0,-,-,0,0,False,6410,u,6410,False,MATCH
0.25,886,8,u,3043;3209;3841;4871;5257;5281;5936;6729,uuuuuuuu,1;2;3;4;5;6;7;8,1;3;2;5;6;4;8;7,7,4,2;4;5;7,2:invisible;4:invisible;5:invisible;7:descent,1,3,True,5936,u,6729,True,STALE_WINS
0.25,87,3,d,3047;5788;6872,uud,1;2;3,1;2;3,2,0,-,-,0,0,False,6872,d,6872,False,MATCH
0.25,452,4,u,3066;3178;3246;6265,uuuu,1;2;3;4,1;3;4;2,3,2,2;3,2:invisible;3:descent,1,1,True,3246,u,6265,True,STALE_WINS
0.25,1121,1,u,3067,u,1,1,0,0,-,-,0,0,False,3067,u,3067,False,MATCH
0.25,125,6,d,3083;3368;4447;5094;5339;6772,uuuuud,1;2;3;4;5;6,2;1;3;5;4;6,5,2,1;4,1:invisible;4:invisible,0,2,False,6772,d,6772,False,MATCH
0.25,815,8,u,3084;4472;5126;5442;5689;6412;6491;6966,uuuuuuuu,1;2;3;4;5;6;7;8,1;3;2;4;6;5;8;7,7,3,2;5;7,2:invisible;5:invisible;7:descent,1,2,True,6491,u,6966,True,STALE_WINS
0.25,581,4,u,3089;3300;4334;4742,uuuu,1;2;3;4,2;1;3;4,3,1,1,1:invisible,0,1,False,4742,u,4742,False,MATCH
0.25,1028,3,u,3092;5820;6543,uuu,1;2;3,1;2;3,2,0,-,-,0,0,False,6543,u,6543,False,MATCH
0.25,912,2,u,3093;4025,uu,1;2,1;2,1,0,-,-,0,0,False,4025,u,4025,False,MATCH
0.25,868,2,u,3095;3447,uu,1;2,1;2,1,0,-,-,0,0,False,3447,u,3447,False,MATCH
0.25,680,3,u,3098;4375;5130,uuu,1;2;3,2;1;3,2,1,1,1:invisible,0,1,False,5130,u,5130,False,MATCH
0.25,1065,3,u,3101;4632;6364,uuu,1;2;3,2;1;3,2,1,1,1:invisible,0,1,False,6364,u,6364,False,MATCH
0.25,136,5,c,3104;4069;4279;5945;7103,uuudc,1;2;3;4;5,1;2;3;4;5,4,0,-,-,0,0,False,7103,c,7103,False,MATCH
0.25,1239,3,u,3109;5048;5849,cuu,1;2;3,1;2;3,2,0,-,-,0,0,False,5849,u,5849,False,MATCH
0.25,677,1,u,3111,u,1,1,0,0,-,-,0,0,False,3111,u,3111,False,MATCH
0.25,76,6,d,3112;3857;4693;5750;6333;6903,uuuuud,1;2;3;4;5;6,1;3;2;5;4;6,5,2,2;4,2:invisible;4:invisible,0,2,False,6903,d,6903,False,MATCH
0.25,231,3,u,3115;3357;6971,uuu,1;2;3,1;2;3,2,0,-,-,0,0,False,6971,u,6971,False,MATCH
0.25,995,4,u,3117;4962;4982;5663,uuuu,1;2;3;4,2;1;4;3,3,2,1;3,1:invisible;3:descent,1,1,True,4982,u,5663,True,STALE_WINS
0.25,221,3,d,3129;4837;6203,uud,1;2;3,1;3;2,2,1,2,2:descent,1,0,True,4837,u,6203,True,GHOST
0.25,359,5,u,3131;3865;4687;4960;7201,uuuuu,1;2;3;4;5,2;1;4;5;3,4,3,1;3;4,1:invisible;3:invisible;4:descent,1,2,True,4960,u,7201,True,STALE_WINS
0.25,703,1,u,3137,u,1,1,0,0,-,-,0,0,False,3137,u,3137,False,MATCH
0.25,940,2,u,3138;5486,uu,1;2,1;2,1,0,-,-,0,0,False,5486,u,5486,False,MATCH
0.25,643,1,u,3141,u,1,1,0,0,-,-,0,0,False,3141,u,3141,False,MATCH
0.25,1180,2,u,3143;4810,uu,1;2,1;2,1,0,-,-,0,0,False,4810,u,4810,False,MATCH
0.25,500,4,d,3149;3383;3952;6140,uuud,1;2;3;4,1;2;3;4,3,0,-,-,0,0,False,6140,d,6140,False,MATCH
0.25,773,4,u,3156;4368;5922;6406,uuuu,1;2;3;4,2;1;4;3,3,2,1;3,1:invisible;3:descent,1,1,True,5922,u,6406,True,STALE_WINS
0.25,226,8,u,3160;3556;5298;5422;5587;5621;6895;7056,uuuuuuuu,1;2;3;4;5;6;7;8,1;2;3;4;5;6;7;8,7,0,-,-,0,0,False,7056,u,7056,False,MATCH
0.25,453,7,u,3161;3219;3543;3551;4416;6535;7363,uuuuuuu,1;2;3;4;5;6;7,1;3;2;5;4;7;6,6,3,2;4;6,2:invisible;4:invisible;6:descent,1,2,True,6535,u,7363,True,STALE_WINS
0.25,557,2,u,3162;3835,uu,1;2,1;2,1,0,-,-,0,0,False,3835,u,3835,False,MATCH
0.25,906,4,u,3168;3674;5776;6799,uuuu,1;2;3;4,1;2;4;3,3,1,3,3:descent,1,0,True,5776,u,6799,True,STALE_WINS
0.25,1184,9,u,3169;3792;4160;4876;4946;5690;6541;6915;7264,uuuuuuuuu,1;2;3;4;5;6;7;8;9,1;2;3;5;4;6;7;8;9,8,1,4,4:invisible,0,1,False,7264,u,7264,False,MATCH
0.25,332,11,u,3177;3458;3510;4278;4872;5167;5480;6326;6456;6657;7313,uuuuuuuuuuu,1;2;3;4;5;6;7;8;9;10;11,1;2;3;5;6;4;8;7;10;9;11,10,4,4;5;7;9,4:invisible;5:invisible;7:invisible;9:invisible,0,4,False,7313,u,7313,False,MATCH
0.25,457,2,u,3181;5989,uu,1;2,1;2,1,0,-,-,0,0,False,5989,u,5989,False,MATCH
0.25,876,1,u,3187,u,1,1,0,0,-,-,0,0,False,3187,u,3187,False,MATCH
0.25,72,1,u,3188,u,1,1,0,0,-,-,0,0,False,3188,u,3188,False,MATCH
0.25,550,1,u,3195,u,1,1,0,0,-,-,0,0,False,3195,u,3195,False,MATCH
0.25,561,6,u,3201;5544;6065;6943;7033;7140,uuuuuu,1;2;3;4;5;6,1;2;3;4;6;5,5,1,5,5:descent,1,0,True,7033,u,7140,True,STALE_WINS
0.25,1091,3,u,3202;3670;5034,uuu,1;2;3,2;3;1,2,2,1;2,1:invisible;2:descent,1,1,True,3670,u,5034,True,STALE_WINS
0.25,157,4,u,3204;3379;3579;4154,uuuu,1;2;3;4,1;3;4;2,3,2,2;3,2:invisible;3:descent,1,1,True,3579,u,4154,True,STALE_WINS
0.25,187,3,u,3208;6043;7180,uuu,1;2;3,2;1;3,2,1,1,1:invisible,0,1,False,7180,u,7180,False,MATCH
0.25,428,3,c,3210;5537;6962,udc,1;2;3,1;2;3,2,0,-,-,0,0,False,6962,c,6962,False,MATCH
0.25,465,4,d,3228;3977;6389;6894,uuud,1;2;3;4,1;2;3;4,3,0,-,-,0,0,False,6894,d,6894,False,MATCH
0.25,417,4,u,3229;3735;4138;5085,uuuu,1;2;3;4,1;3;4;2,3,2,2;3,2:invisible;3:descent,1,1,True,4138,u,5085,True,STALE_WINS
0.25,375,1,u,3240,u,1,1,0,0,-,-,0,0,False,3240,u,3240,False,MATCH
0.25,635,2,u,3241;5456,uu,1;2,1;2,1,0,-,-,0,0,False,5456,u,5456,False,MATCH
0.25,164,8,u,3242;3505;3814;3849;4794;4873;5684;6711,uuuuuuuu,1;2;3;4;5;6;7;8,1;2;3;4;5;6;7;8,7,0,-,-,0,0,False,6711,u,6711,False,MATCH
0.25,385,1,u,3243,u,1,1,0,0,-,-,0,0,False,3243,u,3243,False,MATCH
0.25,979,2,d,3256;5797,ud,1;2,1;2,1,0,-,-,0,0,False,5797,d,5797,False,MATCH
0.25,1048,4,u,3259;5395;5880;5987,uuuu,1;2;3;4,1;2;3;4,3,0,-,-,0,0,False,5987,u,5987,False,MATCH
0.25,30,7,u,3261;3546;3688;5508;5722;5930;7062,uuuuuuu,1;2;3;4;5;6;7,2;1;3;4;5;6;7,6,1,1,1:invisible,0,1,False,7062,u,7062,False,MATCH
0.25,1251,3,u,3266;6619;6678,cuu,1;2;3,1;2;3,2,0,-,-,0,0,False,6678,u,6678,False,MATCH
0.25,1216,2,u,3267;4696,cu,1;2,2;1,1,1,1,1:descent,1,0,True,3267,c,4696,True,STALE_WINS
0.25,529,5,u,3268;3511;3879;5532;6867,uuuuu,1;2;3;4;5,2;1;3;4;5,4,1,1,1:invisible,0,1,False,6867,u,6867,False,MATCH
0.25,433,3,d,3270;6242;6609,uud,1;2;3,1;2;3,2,0,-,-,0,0,False,6609,d,6609,False,MATCH
0.25,799,7,u,3271;3532;3763;4326;4695;5286;6359,uuuuuuu,1;2;3;4;5;6;7,1;2;3;4;5;6;7,6,0,-,-,0,0,False,6359,u,6359,False,MATCH
0.25,1147,1,u,3278,u,1,1,0,0,-,-,0,0,False,3278,u,3278,False,MATCH
0.25,882,6,d,3281;4249;4339;6343;6528;6716,uuuuud,1;2;3;4;5;6,1;2;4;3;6;5,5,2,3;5,3:invisible;5:descent,1,1,True,6528,u,6716,True,GHOST
0.25,670,3,d,3282;3657;4195,uud,1;2;3,1;2;3,2,0,-,-,0,0,False,4195,d,4195,False,MATCH
0.25,917,6,u,3283;3650;5834;6010;6225;6272,uuuuuu,1;2;3;4;5;6,1;2;4;3;5;6,5,1,3,3:invisible,0,1,False,6272,u,6272,False,MATCH
0.25,1113,3,u,3286;3819;5033,uuu,1;2;3,1;3;2,2,1,2,2:descent,1,0,True,3819,u,5033,True,STALE_WINS
0.25,721,3,d,3290;5262;6852,uud,1;2;3,1;3;2,2,1,2,2:descent,1,0,True,5262,u,6852,True,GHOST
0.25,717,6,u,3296;3638;3843;4295;4675;4998,uuuuuu,1;2;3;4;5;6,1;2;3;4;5;6,5,0,-,-,0,0,False,4998,u,4998,False,MATCH
0.25,513,1,u,3299,u,1,1,0,0,-,-,0,0,False,3299,u,3299,False,MATCH
0.25,1051,3,u,3304;5025;6432,uuu,1;2;3,1;2;3,2,0,-,-,0,0,False,6432,u,6432,False,MATCH
0.25,320,3,u,3305;3418;6706,uuu,1;2;3,2;1;3,2,1,1,1:invisible,0,1,False,6706,u,6706,False,MATCH
0.25,272,5,u,3318;3775;5305;6401;6431,uuuuu,1;2;3;4;5,1;2;3;4;5,4,0,-,-,0,0,False,6431,u,6431,False,MATCH
0.25,840,1,u,3321,u,1,1,0,0,-,-,0,0,False,3321,u,3321,False,MATCH
0.25,77,1,u,3322,u,1,1,0,0,-,-,0,0,False,3322,u,3322,False,MATCH
0.25,985,2,u,3329;5889,uu,1;2,2;1,1,1,1,1:descent,1,0,True,3329,u,5889,True,STALE_WINS
0.25,881,8,u,3340;3810;3916;4096;4823;5620;5877;6080,uuuuuuuu,1;2;3;4;5;6;7;8,1;2;3;4;5;7;6;8,7,1,6,6:invisible,0,1,False,6080,u,6080,False,MATCH
0.25,515,3,u,3348;5014;6832,uuu,1;2;3,1;3;2,2,1,2,2:descent,1,0,True,5014,u,6832,True,STALE_WINS
0.25,475,3,u,3361;5991;6032,uuu,1;2;3,2;3;1,2,2,1;2,1:invisible;2:descent,1,1,True,5991,u,6032,True,STALE_WINS
0.25,585,4,u,3364;5081;6404;6651,uuuu,1;2;3;4,1;2;3;4,3,0,-,-,0,0,False,6651,u,6651,False,MATCH
0.25,460,2,u,3371;4543,uu,1;2,2;1,1,1,1,1:descent,1,0,True,3371,u,4543,True,STALE_WINS
0.25,981,1,u,3375,u,1,1,0,0,-,-,0,0,False,3375,u,3375,False,MATCH
0.25,1224,2,u,3385;5374,cu,1;2,1;2,1,0,-,-,0,0,False,5374,u,5374,False,MATCH
0.25,116,7,u,3392;3709;3738;3944;5505;6009;7364,uuuuuuu,1;2;3;4;5;6;7,2;1;3;4;6;7;5,6,3,1;5;6,1:invisible;5:invisible;6:descent,1,2,True,6009,u,7364,True,STALE_WINS
0.25,959,1,u,3406,u,1,1,0,0,-,-,0,0,False,3406,u,3406,False,MATCH
0.25,553,1,u,3408,u,1,1,0,0,-,-,0,0,False,3408,u,3408,False,MATCH
0.25,393,3,u,3409;5311;6340,uuu,1;2;3,1;3;2,2,1,2,2:descent,1,0,True,5311,u,6340,True,STALE_WINS
0.25,776,7,u,3414;3808;4282;4755;5761;6623;6821,uuuuuuu,1;2;3;4;5;6;7,2;1;4;5;6;7;3,6,5,1;3;4;5;6,1:invisible;3:invisible;4:invisible;5:invisible;6:descent,1,4,True,6623,u,6821,True,STALE_WINS
0.25,774,1,u,3430,u,1,1,0,0,-,-,0,0,False,3430,u,3430,False,MATCH
0.25,211,9,u,3437;3690;4459;4522;4651;4714;4918;5260;6113,uuuuuuuuu,1;2;3;4;5;6;7;8;9,1;2;3;4;6;5;7;8;9,8,1,5,5:invisible,0,1,False,6113,u,6113,False,MATCH
0.25,138,1,u,3450,u,1,1,0,0,-,-,0,0,False,3450,u,3450,False,MATCH
0.25,374,3,u,3453;5029;5474,uuu,1;2;3,1;2;3,2,0,-,-,0,0,False,5474,u,5474,False,MATCH
0.25,249,3,d,3462;5418;5546,uud,1;2;3,1;2;3,2,0,-,-,0,0,False,5546,d,5546,False,MATCH
0.25,571,1,u,3466,u,1,1,0,0,-,-,0,0,False,3466,u,3466,False,MATCH
0.25,463,2,d,3472;6208,ud,1;2,1;2,1,0,-,-,0,0,False,6208,d,6208,False,MATCH
0.25,854,5,d,3476;5408;5459;7087;7100,uuuud,1;2;3;4;5,2;1;3;5;4,4,2,1;4,1:invisible;4:descent,1,1,True,7087,u,7100,True,GHOST
0.25,1026,3,d,3479;5006;6409,uud,1;2;3,1;3;2,2,1,2,2:descent,1,0,True,5006,u,6409,True,GHOST
0.25,207,1,u,3484,u,1,1,0,0,-,-,0,0,False,3484,u,3484,False,MATCH
0.25,1058,2,u,3495;6294,uu,1;2,1;2,1,0,-,-,0,0,False,6294,u,6294,False,MATCH
0.25,593,7,c,3498;3575;4490;5595;6422;6530;6575,uuuuudc,1;2;3;4;5;6;7,1;2;4;5;3;6;7,6,2,3;4,3:invisible;4:invisible,0,2,False,6575,c,6575,False,MATCH
0.25,735,3,u,3501;3850;4466,uuu,1;2;3,1;2;3,2,0,-,-,0,0,False,4466,u,4466,False,MATCH
0.25,877,3,d,3506;5276;6912,uud,1;2;3,2;1;3,2,1,1,1:invisible,0,1,False,6912,d,6912,False,MATCH
0.25,177,4,u,3530;4404;4758;5962,uuuu,1;2;3;4,1;2;4;3,3,1,3,3:descent,1,0,True,4758,u,5962,True,STALE_WINS
0.25,867,4,u,3531;4983;5375;5737,uuuu,1;2;3;4,1;2;4;3,3,1,3,3:descent,1,0,True,5375,u,5737,True,STALE_WINS
0.25,441,2,d,3535;6039,ud,1;2,1;2,1,0,-,-,0,0,False,6039,d,6039,False,MATCH
0.25,215,1,u,3537,u,1,1,0,0,-,-,0,0,False,3537,u,3537,False,MATCH
0.25,1145,1,u,3542,u,1,1,0,0,-,-,0,0,False,3542,u,3542,False,MATCH
0.25,1167,3,u,3552;5996;6258,uuu,1;2;3,1;2;3,2,0,-,-,0,0,False,6258,u,6258,False,MATCH
0.25,90,6,u,3554;4377;4899;5431;6050;6477,uuuuuu,1;2;3;4;5;6,2;1;3;5;4;6,5,2,1;4,1:invisible;4:invisible,0,2,False,6477,u,6477,False,MATCH
0.25,812,3,u,3561;5904;7258,uuu,1;2;3,1;3;2,2,1,2,2:descent,1,0,True,5904,u,7258,True,STALE_WINS
0.25,704,4,u,3567;3641;4409;6247,uuuu,1;2;3;4,2;1;3;4,3,1,1,1:invisible,0,1,False,6247,u,6247,False,MATCH
0.25,763,2,d,3572;5236,ud,1;2,1;2,1,0,-,-,0,0,False,5236,d,5236,False,MATCH
0.25,540,3,u,3573;4800;5766,uuu,1;2;3,1;2;3,2,0,-,-,0,0,False,5766,u,5766,False,MATCH
0.25,317,3,u,3574;4159;7011,uuu,1;2;3,2;1;3,2,1,1,1:invisible,0,1,False,7011,u,7011,False,MATCH
0.25,607,3,u,3584;4476;4557,uuu,1;2;3,1;2;3,2,0,-,-,0,0,False,4557,u,4557,False,MATCH
0.25,173,4,u,3600;4274;6437;6949,uuuu,1;2;3;4,1;2;3;4,3,0,-,-,0,0,False,6949,u,6949,False,MATCH
0.25,960,6,u,3604;3739;4269;4394;5875;7083,uuuuuu,1;2;3;4;5;6,1;3;4;2;6;5,5,3,2;3;5,2:invisible;3:invisible;5:descent,1,2,True,5875,u,7083,True,STALE_WINS
0.25,865,5,u,3605;4448;5242;5451;6610,uuuuu,1;2;3;4;5,1;3;2;4;5,4,1,2,2:invisible,0,1,False,6610,u,6610,False,MATCH
0.25,133,2,u,3608;5563,uu,1;2,1;2,1,0,-,-,0,0,False,5563,u,5563,False,MATCH
0.25,445,3,u,3619;6469;6820,uuu,1;2;3,1;2;3,2,0,-,-,0,0,False,6820,u,6820,False,MATCH
0.25,1143,2,d,3623;6819,ud,1;2,1;2,1,0,-,-,0,0,False,6819,d,6819,False,MATCH
0.25,1019,3,u,3636;3921;6179,uuu,1;2;3,1;3;2,2,1,2,2:descent,1,0,True,3921,u,6179,True,STALE_WINS
0.25,251,1,u,3654,u,1,1,0,0,-,-,0,0,False,3654,u,3654,False,MATCH
0.25,420,3,u,3662;5853;6936,uuu,1;2;3,1;2;3,2,0,-,-,0,0,False,6936,u,6936,False,MATCH
0.25,713,3,u,3663;3781;6319,uuu,1;2;3,1;2;3,2,0,-,-,0,0,False,6319,u,6319,False,MATCH
0.25,250,4,u,3669;4903;5518;6049,uuuu,1;2;3;4,1;2;3;4,3,0,-,-,0,0,False,6049,u,6049,False,MATCH
0.25,183,2,u,3673;3859,uu,1;2,1;2,1,0,-,-,0,0,False,3859,u,3859,False,MATCH
0.25,1037,4,d,3683;3786;4071;6282,uuud,1;2;3;4,1;2;3;4,3,0,-,-,0,0,False,6282,d,6282,False,MATCH
0.25,386,1,u,3687,u,1,1,0,0,-,-,0,0,False,3687,u,3687,False,MATCH
0.25,604,1,u,3697,u,1,1,0,0,-,-,0,0,False,3697,u,3697,False,MATCH
0.25,324,2,d,3700;5494,ud,1;2,1;2,1,0,-,-,0,0,False,5494,d,5494,False,MATCH
0.25,146,1,u,3702,u,1,1,0,0,-,-,0,0,False,3702,u,3702,False,MATCH
0.25,482,2,u,3705;3869,uu,1;2,1;2,1,0,-,-,0,0,False,3869,u,3869,False,MATCH
0.25,313,2,d,3714;5970,ud,1;2,2;1,1,1,1,1:descent,1,0,True,3714,u,5970,True,GHOST
0.25,189,2,u,3716;4874,uu,1;2,1;2,1,0,-,-,0,0,False,4874,u,4874,False,MATCH
0.25,265,1,u,3722,u,1,1,0,0,-,-,0,0,False,3722,u,3722,False,MATCH
0.25,944,3,u,3724;5925;7383,uuu,1;2;3,1;2;3,2,0,-,-,0,0,False,7383,u,7383,False,MATCH
0.25,437,2,u,3734;3754,uu,1;2,1;2,1,0,-,-,0,0,False,3754,u,3754,False,MATCH
0.25,957,1,u,3745,u,1,1,0,0,-,-,0,0,False,3745,u,3745,False,MATCH
0.25,574,7,u,3759;4108;5226;5884;6016;6424;6582,uuuuuuu,1;2;3;4;5;6;7,1;3;4;2;5;6;7,6,2,2;3,2:invisible;3:invisible,0,2,False,6582,u,6582,False,MATCH
0.25,923,2,u,3766;7281,uu,1;2,1;2,1,0,-,-,0,0,False,7281,u,7281,False,MATCH
0.25,675,4,u,3769;6665;7235;7333,uuuu,1;2;3;4,2;1;3;4,3,1,1,1:invisible,0,1,False,7333,u,7333,False,MATCH
0.25,1004,1,u,3770,u,1,1,0,0,-,-,0,0,False,3770,u,3770,False,MATCH
0.25,1101,3,u,3776;4640;6064,uuu,1;2;3,1;2;3,2,0,-,-,0,0,False,6064,u,6064,False,MATCH
0.25,1136,6,u,3784;4072;4612;5782;6576;6599,uuuuuu,1;2;3;4;5;6,1;2;3;5;4;6,5,1,4,4:invisible,0,1,False,6599,u,6599,False,MATCH
0.25,1141,2,d,3793;6382,ud,1;2,1;2,1,0,-,-,0,0,False,6382,d,6382,False,MATCH
0.25,737,9,u,3802;4102;4685;4708;4779;5888;6216;6438;7058,uuuuuuuuu,1;2;3;4;5;6;7;8;9,2;1;3;4;6;5;8;7;9,8,3,1;5;7,1:invisible;5:invisible;7:invisible,0,3,False,7058,u,7058,False,MATCH
0.25,805,3,c,3807;4549;4850,udc,1;2;3,1;3;2,2,1,2,2:descent,1,0,True,4549,d,4850,True,MISSING_CURRENT
0.25,856,4,d,3811;4256;4498;7012,uuud,1;2;3;4,1;3;2;4,3,1,2,2:invisible,0,1,False,7012,d,7012,False,MATCH
0.25,1044,2,d,3825;5520,ud,1;2,1;2,1,0,-,-,0,0,False,5520,d,5520,False,MATCH
0.25,276,1,u,3832,u,1,1,0,0,-,-,0,0,False,3832,u,3832,False,MATCH
0.25,905,3,u,3834;5176;5463,uuu,1;2;3,2;1;3,2,1,1,1:invisible,0,1,False,5463,u,5463,False,MATCH
0.25,532,1,u,3837,u,1,1,0,0,-,-,0,0,False,3837,u,3837,False,MATCH
0.25,141,2,u,3840;7380,uu,1;2,1;2,1,0,-,-,0,0,False,7380,u,7380,False,MATCH
0.25,474,2,u,3853;6355,uu,1;2,1;2,1,0,-,-,0,0,False,6355,u,6355,False,MATCH
0.25,306,2,u,3877;4221,uu,1;2,1;2,1,0,-,-,0,0,False,4221,u,4221,False,MATCH
0.25,203,1,u,3884,u,1,1,0,0,-,-,0,0,False,3884,u,3884,False,MATCH
0.25,1003,3,u,3898;4836;4997,uuu,1;2;3,1;2;3,2,0,-,-,0,0,False,4997,u,4997,False,MATCH
0.25,254,1,u,3900,u,1,1,0,0,-,-,0,0,False,3900,u,3900,False,MATCH
0.25,38,1,u,3904,u,1,1,0,0,-,-,0,0,False,3904,u,3904,False,MATCH
0.25,406,1,u,3909,u,1,1,0,0,-,-,0,0,False,3909,u,3909,False,MATCH
0.25,744,3,u,3918;3941;4598,uuu,1;2;3,1;2;3,2,0,-,-,0,0,False,4598,u,4598,False,MATCH
0.25,933,1,u,3923,u,1,1,0,0,-,-,0,0,False,3923,u,3923,False,MATCH
0.25,937,2,u,3925;5571,uu,1;2,1;2,1,0,-,-,0,0,False,5571,u,5571,False,MATCH
0.25,455,5,u,3958;4065;6290;6720;6880,uuuuu,1;2;3;4;5,1;3;2;4;5,4,1,2,2:invisible,0,1,False,6880,u,6880,False,MATCH
0.25,137,4,u,3962;5223;5485;6917,uuuu,1;2;3;4,2;1;3;4,3,1,1,1:invisible,0,1,False,6917,u,6917,False,MATCH
0.25,534,2,u,3963;5793,uu,1;2,1;2,1,0,-,-,0,0,False,5793,u,5793,False,MATCH
0.25,280,2,u,3965;5553,uu,1;2,1;2,1,0,-,-,0,0,False,5553,u,5553,False,MATCH
0.25,1027,3,u,3967;4245;5016,uuu,1;2;3,1;2;3,2,0,-,-,0,0,False,5016,u,5016,False,MATCH
0.25,1190,2,d,3969;5946,ud,1;2,1;2,1,0,-,-,0,0,False,5946,d,5946,False,MATCH
0.25,259,3,u,3970;5287;6214,uuu,1;2;3,1;2;3,2,0,-,-,0,0,False,6214,u,6214,False,MATCH
0.25,1171,5,u,3972;3990;4178;4655;7284,uuuuu,1;2;3;4;5,1;2;3;4;5,4,0,-,-,0,0,False,7284,u,7284,False,MATCH
0.25,1199,1,u,3975,u,1,1,0,0,-,-,0,0,False,3975,u,3975,False,MATCH
0.25,1151,2,u,3979;5049,uu,1;2,1;2,1,0,-,-,0,0,False,5049,u,5049,False,MATCH
0.25,821,2,u,3988;4977,uu,1;2,1;2,1,0,-,-,0,0,False,4977,u,4977,False,MATCH
0.25,891,3,d,3989;4491;4822,uud,1;2;3,1;2;3,2,0,-,-,0,0,False,4822,d,4822,False,MATCH
0.25,1227,3,u,3993;4197;5447,cuu,1;2;3,1;2;3,2,0,-,-,0,0,False,5447,u,5447,False,MATCH
0.25,57,2,u,4002;5244,uu,1;2,2;1,1,1,1,1:descent,1,0,True,4002,u,5244,True,STALE_WINS
0.25,993,1,u,4003,u,1,1,0,0,-,-,0,0,False,4003,u,4003,False,MATCH
0.25,498,1,u,4012,u,1,1,0,0,-,-,0,0,False,4012,u,4012,False,MATCH
0.25,903,6,u,4020;4150;4169;4307;5151;5831,uuuuuu,1;2;3;4;5;6,1;2;3;4;6;5,5,1,5,5:descent,1,0,True,5151,u,5831,True,STALE_WINS
0.25,765,1,u,4040,u,1,1,0,0,-,-,0,0,False,4040,u,4040,False,MATCH
0.25,334,6,d,4043;4156;4519;4608;5953;6548,uuuuud,1;2;3;4;5;6,2;1;3;4;6;5,5,2,1;5,1:invisible;5:descent,1,1,True,5953,u,6548,True,GHOST
0.25,384,3,u,4055;4117;6806,uuu,1;2;3,1;3;2,2,1,2,2:descent,1,0,True,4117,u,6806,True,STALE_WINS
0.25,264,4,u,4078;4967;6296;6313,uuuu,1;2;3;4,1;3;2;4,3,1,2,2:invisible,0,1,False,6313,u,6313,False,MATCH
0.25,999,6,u,4084;4909;6419;6511;6810;7163,uuuuuu,1;2;3;4;5;6,1;2;4;3;5;6,5,1,3,3:invisible,0,1,False,7163,u,7163,False,MATCH
0.25,849,4,u,4085;5117;6668;6906,uuuu,1;2;3;4,2;1;4;3,3,2,1;3,1:invisible;3:descent,1,1,True,6668,u,6906,True,STALE_WINS
0.25,1148,4,u,4089;4782;6321;6377,uuuu,1;2;3;4,2;1;3;4,3,1,1,1:invisible,0,1,False,6377,u,6377,False,MATCH
0.25,296,3,u,4090;4303;4749,uuu,1;2;3,2;1;3,2,1,1,1:invisible,0,1,False,4749,u,4749,False,MATCH
0.25,1047,2,u,4100;5350,uu,1;2,1;2,1,0,-,-,0,0,False,5350,u,5350,False,MATCH
0.25,48,2,u,4111;7236,uu,1;2,1;2,1,0,-,-,0,0,False,7236,u,7236,False,MATCH
0.25,524,2,u,4113;5767,uu,1;2,1;2,1,0,-,-,0,0,False,5767,u,5767,False,MATCH
0.25,659,1,u,4123,u,1,1,0,0,-,-,0,0,False,4123,u,4123,False,MATCH
0.25,353,2,d,4128;5104,ud,1;2,1;2,1,0,-,-,0,0,False,5104,d,5104,False,MATCH
0.25,1248,3,u,4147;5327;5933,cuu,1;2;3,2;1;3,2,1,1,1:invisible,0,1,False,5933,u,5933,False,MATCH
0.25,1107,1,u,4164,u,1,1,0,0,-,-,0,0,False,4164,u,4164,False,MATCH
0.25,1025,1,u,4165,u,1,1,0,0,-,-,0,0,False,4165,u,4165,False,MATCH
0.25,404,2,u,4192;5845,uu,1;2,1;2,1,0,-,-,0,0,False,5845,u,5845,False,MATCH
0.25,8,3,u,4193;6014;7332,uuu,1;2;3,1;2;3,2,0,-,-,0,0,False,7332,u,7332,False,MATCH
0.25,110,4,u,4194;4538;6162;6180,uuuu,1;2;3;4,2;1;3;4,3,1,1,1:invisible,0,1,False,6180,u,6180,False,MATCH
0.25,1178,3,d,4201;4382;5704,uud,1;2;3,1;2;3,2,0,-,-,0,0,False,5704,d,5704,False,MATCH
0.25,6,2,d,4203;5894,ud,1;2,1;2,1,0,-,-,0,0,False,5894,d,5894,False,MATCH
0.25,1154,3,u,4229;5619;5753,uuu,1;2;3,1;3;2,2,1,2,2:descent,1,0,True,5619,u,5753,True,STALE_WINS
0.25,86,3,u,4239;5184;6612,uuu,1;2;3,1;2;3,2,0,-,-,0,0,False,6612,u,6612,False,MATCH
0.25,480,3,d,4248;5229;6854,uud,1;2;3,1;2;3,2,0,-,-,0,0,False,6854,d,6854,False,MATCH
0.25,47,2,u,4254;5688,uu,1;2,2;1,1,1,1,1:descent,1,0,True,4254,u,5688,True,STALE_WINS
0.25,503,5,u,4277;4668;4736;4854;4916,uuuuu,1;2;3;4;5,1;3;2;4;5,4,1,2,2:invisible,0,1,False,4916,u,4916,False,MATCH
0.25,977,2,u,4280;7018,uu,1;2,1;2,1,0,-,-,0,0,False,7018,u,7018,False,MATCH
0.25,1194,2,u,4284;6589,uu,1;2,2;1,1,1,1,1:descent,1,0,True,4284,u,6589,True,STALE_WINS
0.25,1192,1,u,4304,u,1,1,0,0,-,-,0,0,False,4304,u,4304,False,MATCH
0.25,436,1,u,4310,u,1,1,0,0,-,-,0,0,False,4310,u,4310,False,MATCH
0.25,1255,3,u,4318;5035;5534,cuu,1;2;3,1;2;3,2,0,-,-,0,0,False,5534,u,5534,False,MATCH
0.25,591,2,u,4337;6149,uu,1;2,2;1,1,1,1,1:descent,1,0,True,4337,u,6149,True,STALE_WINS
0.25,1173,2,u,4342;4399,uu,1;2,2;1,1,1,1,1:descent,1,0,True,4342,u,4399,True,STALE_WINS
0.25,458,3,u,4343;4799;5468,uuu,1;2;3,1;3;2,2,1,2,2:descent,1,0,True,4799,u,5468,True,STALE_WINS
0.25,240,1,u,4357,u,1,1,0,0,-,-,0,0,False,4357,u,4357,False,MATCH
0.25,681,1,u,4370,u,1,1,0,0,-,-,0,0,False,4370,u,4370,False,MATCH
0.25,1095,1,u,4379,u,1,1,0,0,-,-,0,0,False,4379,u,4379,False,MATCH
0.25,1023,1,u,4390,u,1,1,0,0,-,-,0,0,False,4390,u,4390,False,MATCH
0.25,889,2,u,4403;4723,uu,1;2,1;2,1,0,-,-,0,0,False,4723,u,4723,False,MATCH
0.25,1010,4,d,4423;5366;5416;6116,uuud,1;2;3;4,1;2;3;4,3,0,-,-,0,0,False,6116,d,6116,False,MATCH
0.25,869,2,u,4429;5490,uu,1;2,1;2,1,0,-,-,0,0,False,5490,u,5490,False,MATCH
0.25,576,1,u,4441,u,1,1,0,0,-,-,0,0,False,4441,u,4441,False,MATCH
0.25,288,3,u,4449;4853;5764,uuu,1;2;3,1;2;3,2,0,-,-,0,0,False,5764,u,5764,False,MATCH
0.25,1191,1,u,4456,u,1,1,0,0,-,-,0,0,False,4456,u,4456,False,MATCH
0.25,899,7,u,4457;5424;5729;6453;6647;6794;7290,uuuuuuu,1;2;3;4;5;6;7,2;1;3;5;4;6;7,6,2,1;4,1:invisible;4:invisible,0,2,False,7290,u,7290,False,MATCH
0.25,300,3,u,4478;5746;7089,uuu,1;2;3,1;2;3,2,0,-,-,0,0,False,7089,u,7089,False,MATCH
0.25,1081,2,u,4493;5943,uu,1;2,1;2,1,0,-,-,0,0,False,5943,u,5943,False,MATCH
0.25,878,2,u,4509;4725,uu,1;2,1;2,1,0,-,-,0,0,False,4725,u,4725,False,MATCH
0.25,688,3,u,4511;4589;5483,uuu,1;2;3,2;3;1,2,2,1;2,1:invisible;2:descent,1,1,True,4589,u,5483,True,STALE_WINS
0.25,573,2,u,4516;6190,uu,1;2,1;2,1,0,-,-,0,0,False,6190,u,6190,False,MATCH
0.25,598,2,u,4529;4624,uu,1;2,1;2,1,0,-,-,0,0,False,4624,u,4624,False,MATCH
0.25,340,6,u,4535;5488;5579;6012;6081;6134,uuuuuu,1;2;3;4;5;6,1;2;3;5;4;6,5,1,4,4:invisible,0,1,False,6134,u,6134,False,MATCH
0.25,11,1,u,4539,u,1,1,0,0,-,-,0,0,False,4539,u,4539,False,MATCH
0.25,439,2,u,4556;7019,uu,1;2,2;1,1,1,1,1:descent,1,0,True,4556,u,7019,True,STALE_WINS
0.25,1096,2,u,4561;4994,uu,1;2,1;2,1,0,-,-,0,0,False,4994,u,4994,False,MATCH
0.25,848,5,u,4567;4733;5188;5829;6261,uuuuu,1;2;3;4;5,1;3;2;4;5,4,1,2,2:invisible,0,1,False,6261,u,6261,False,MATCH
0.25,491,2,u,4573;4882,uu,1;2,1;2,1,0,-,-,0,0,False,4882,u,4882,False,MATCH
0.25,188,1,u,4574,u,1,1,0,0,-,-,0,0,False,4574,u,4574,False,MATCH
0.25,131,1,u,4577,u,1,1,0,0,-,-,0,0,False,4577,u,4577,False,MATCH
0.25,464,1,u,4578,u,1,1,0,0,-,-,0,0,False,4578,u,4578,False,MATCH
0.25,260,2,u,4586;4683,uu,1;2,1;2,1,0,-,-,0,0,False,4683,u,4683,False,MATCH
0.25,994,1,u,4591,u,1,1,0,0,-,-,0,0,False,4591,u,4591,False,MATCH
0.25,726,4,u,4594;5665;6182;7231,uuuu,1;2;3;4,1;2;3;4,3,0,-,-,0,0,False,7231,u,7231,False,MATCH
0.25,626,2,u,4611;7378,uu,1;2,1;2,1,0,-,-,0,0,False,7378,u,7378,False,MATCH
0.25,210,1,u,4615,u,1,1,0,0,-,-,0,0,False,4615,u,4615,False,MATCH
0.25,15,2,u,4625;6363,uu,1;2,2;1,1,1,1,1:descent,1,0,True,4625,u,6363,True,STALE_WINS
0.25,295,1,u,4644,u,1,1,0,0,-,-,0,0,False,4644,u,4644,False,MATCH
0.25,572,2,d,4664;6723,ud,1;2,1;2,1,0,-,-,0,0,False,6723,d,6723,False,MATCH
0.25,414,1,u,4678,u,1,1,0,0,-,-,0,0,False,4678,u,4678,False,MATCH
0.25,673,5,u,4698;4710;4974;6504;6578,uuuuu,1;2;3;4;5,2;3;4;1;5,4,3,1;2;3,1:invisible;2:invisible;3:invisible,0,3,False,6578,u,6578,False,MATCH
0.25,514,4,u,4705;6365;6712;6837,uuuu,1;2;3;4,1;2;3;4,3,0,-,-,0,0,False,6837,u,6837,False,MATCH
0.25,194,2,u,4711;5967,uu,1;2,1;2,1,0,-,-,0,0,False,5967,u,5967,False,MATCH
0.25,956,3,u,4726;5630;5789,uuu,1;2;3,1;2;3,2,0,-,-,0,0,False,5789,u,5789,False,MATCH
0.25,139,2,u,4730;7102,uu,1;2,1;2,1,0,-,-,0,0,False,7102,u,7102,False,MATCH
0.25,578,4,u,4741;5144;6904;7084,uuuu,1;2;3;4,2;1;3;4,3,1,1,1:invisible,0,1,False,7084,u,7084,False,MATCH
0.25,752,1,u,4747,u,1,1,0,0,-,-,0,0,False,4747,u,4747,False,MATCH
0.25,508,1,u,4765,u,1,1,0,0,-,-,0,0,False,4765,u,4765,False,MATCH
0.25,609,1,u,4771,u,1,1,0,0,-,-,0,0,False,4771,u,4771,False,MATCH
0.25,810,3,c,4783;6231;7311,udc,1;2;3,1;2;3,2,0,-,-,0,0,False,7311,c,7311,False,MATCH
0.25,676,4,u,4788;5291;5361;7296,uuuu,1;2;3;4,1;3;2;4,3,1,2,2:invisible,0,1,False,7296,u,7296,False,MATCH
0.25,376,1,u,4798,u,1,1,0,0,-,-,0,0,False,4798,u,4798,False,MATCH
0.25,162,1,u,4803,u,1,1,0,0,-,-,0,0,False,4803,u,4803,False,MATCH
0.25,1050,2,u,4807;4820,uu,1;2,2;1,1,1,1,1:descent,1,0,True,4807,u,4820,True,STALE_WINS
0.25,41,2,u,4840;6041,uu,1;2,2;1,1,1,1,1:descent,1,0,True,4840,u,6041,True,STALE_WINS
0.25,739,1,u,4843,u,1,1,0,0,-,-,0,0,False,4843,u,4843,False,MATCH
0.25,261,4,d,4875;5170;5662;6566,uuud,1;2;3;4,1;2;4;3,3,1,3,3:descent,1,0,True,5662,u,6566,True,GHOST
0.25,1168,1,u,4887,u,1,1,0,0,-,-,0,0,False,4887,u,4887,False,MATCH
0.25,316,2,u,4893;5725,uu,1;2,2;1,1,1,1,1:descent,1,0,True,4893,u,5725,True,STALE_WINS
0.25,1046,4,u,4900;5500;6509;6758,uuuu,1;2;3;4,1;2;3;4,3,0,-,-,0,0,False,6758,u,6758,False,MATCH
0.25,533,1,u,4902,u,1,1,0,0,-,-,0,0,False,4902,u,4902,False,MATCH
0.25,1196,3,u,4907;5498;6163,uuu,1;2;3,1;2;3,2,0,-,-,0,0,False,6163,u,6163,False,MATCH
0.25,715,1,u,4934,u,1,1,0,0,-,-,0,0,False,4934,u,4934,False,MATCH
0.25,95,2,u,4940;5910,uu,1;2,1;2,1,0,-,-,0,0,False,5910,u,5910,False,MATCH
0.25,268,2,d,4950;6572,ud,1;2,1;2,1,0,-,-,0,0,False,6572,d,6572,False,MATCH
0.25,873,5,u,4956;5208;5460;6426;6958,uuuuu,1;2;3;4;5,1;2;3;4;5,4,0,-,-,0,0,False,6958,u,6958,False,MATCH
0.25,1013,3,u,4959;5564;6037,uuu,1;2;3,1;2;3,2,0,-,-,0,0,False,6037,u,6037,False,MATCH
0.25,580,2,u,4987;5238,uu,1;2,1;2,1,0,-,-,0,0,False,5238,u,5238,False,MATCH
0.25,1093,4,u,5007;5763;6568;6845,uuuu,1;2;3;4,1;2;3;4,3,0,-,-,0,0,False,6845,u,6845,False,MATCH
0.25,69,3,u,5008;5915;7168,uuu,1;2;3,2;1;3,2,1,1,1:invisible,0,1,False,7168,u,7168,False,MATCH
0.25,408,2,u,5017;5042,uu,1;2,1;2,1,0,-,-,0,0,False,5042,u,5042,False,MATCH
0.25,835,1,u,5020,u,1,1,0,0,-,-,0,0,False,5020,u,5020,False,MATCH
0.25,449,3,u,5026;6490;6673,uuu,1;2;3,1;2;3,2,0,-,-,0,0,False,6673,u,6673,False,MATCH
0.25,943,2,u,5030;7016,uu,1;2,2;1,1,1,1,1:descent,1,0,True,5030,u,7016,True,STALE_WINS
0.25,893,3,u,5043;5397;7222,uuu,1;2;3,1;3;2,2,1,2,2:descent,1,0,True,5397,u,7222,True,STALE_WINS
0.25,163,4,u,5053;5824;6194;7172,uuuu,1;2;3;4,1;2;3;4,3,0,-,-,0,0,False,7172,u,7172,False,MATCH
0.25,806,3,u,5061;6222;6873,uuu,1;2;3,1;3;2,2,1,2,2:descent,1,0,True,6222,u,6873,True,STALE_WINS
0.25,535,1,u,5063,u,1,1,0,0,-,-,0,0,False,5063,u,5063,False,MATCH
0.25,197,3,u,5105;6160;6935,uuu,1;2;3,1;2;3,2,0,-,-,0,0,False,6935,u,6935,False,MATCH
0.25,94,2,u,5115;6554,uu,1;2,2;1,1,1,1,1:descent,1,0,True,5115,u,6554,True,STALE_WINS
0.25,857,1,u,5116,u,1,1,0,0,-,-,0,0,False,5116,u,5116,False,MATCH
0.25,467,1,u,5133,u,1,1,0,0,-,-,0,0,False,5133,u,5133,False,MATCH
0.25,443,3,c,5134;7206;7207,udc,1;2;3,1;2;3,2,0,-,-,0,0,False,7207,c,7207,False,MATCH
0.25,111,2,u,5135;5939,uu,1;2,2;1,1,1,1,1:descent,1,0,True,5135,u,5939,True,STALE_WINS
0.25,388,2,u,5156;6393,uu,1;2,1;2,1,0,-,-,0,0,False,6393,u,6393,False,MATCH
0.25,560,2,u,5161;5545,uu,1;2,1;2,1,0,-,-,0,0,False,5545,u,5545,False,MATCH
0.25,822,1,u,5207,u,1,1,0,0,-,-,0,0,False,5207,u,5207,False,MATCH
0.25,978,2,u,5213;7245,uu,1;2,1;2,1,0,-,-,0,0,False,7245,u,7245,False,MATCH
0.25,495,1,u,5218,u,1,1,0,0,-,-,0,0,False,5218,u,5218,False,MATCH
0.25,674,2,u,5241;6587,uu,1;2,1;2,1,0,-,-,0,0,False,6587,u,6587,False,MATCH
0.25,348,2,u,5249;5726,uu,1;2,1;2,1,0,-,-,0,0,False,5726,u,5726,False,MATCH
0.25,631,1,u,5263,u,1,1,0,0,-,-,0,0,False,5263,u,5263,False,MATCH
0.25,161,2,u,5264;5705,uu,1;2,1;2,1,0,-,-,0,0,False,5705,u,5705,False,MATCH
0.25,286,2,u,5266;5872,uu,1;2,1;2,1,0,-,-,0,0,False,5872,u,5872,False,MATCH
0.25,685,2,u,5273;6439,uu,1;2,1;2,1,0,-,-,0,0,False,6439,u,6439,False,MATCH
0.25,497,2,d,5278;7000,ud,1;2,1;2,1,0,-,-,0,0,False,7000,d,7000,False,MATCH
0.25,950,1,u,5306,u,1,1,0,0,-,-,0,0,False,5306,u,5306,False,MATCH
0.25,483,1,u,5307,u,1,1,0,0,-,-,0,0,False,5307,u,5307,False,MATCH
0.25,431,2,d,5319;5733,ud,1;2,1;2,1,0,-,-,0,0,False,5733,d,5733,False,MATCH
0.25,269,4,u,5325;5799;6795;6812,uuuu,1;2;3;4,1;2;3;4,3,0,-,-,0,0,False,6812,u,6812,False,MATCH
0.25,1177,1,u,5334,u,1,1,0,0,-,-,0,0,False,5334,u,5334,False,MATCH
0.25,274,2,u,5337;7020,uu,1;2,1;2,1,0,-,-,0,0,False,7020,u,7020,False,MATCH
0.25,942,2,u,5346;7391,uu,1;2,1;2,1,0,-,-,0,0,False,7391,u,7391,False,MATCH
0.25,281,2,u,5354;7042,uu,1;2,2;1,1,1,1,1:descent,1,0,True,5354,u,7042,True,STALE_WINS
0.25,667,2,u,5357;6505,uu,1;2,2;1,1,1,1,1:descent,1,0,True,5357,u,6505,True,STALE_WINS
0.25,156,3,u,5391;5843;6573,uuu,1;2;3,2;3;1,2,2,1;2,1:invisible;2:descent,1,1,True,5843,u,6573,True,STALE_WINS
0.25,769,1,u,5411,u,1,1,0,0,-,-,0,0,False,5411,u,5411,False,MATCH
0.25,421,2,d,5415;7071,ud,1;2,2;1,1,1,1,1:descent,1,0,True,5415,u,7071,True,GHOST
0.25,450,2,d,5417;6059,ud,1;2,2;1,1,1,1,1:descent,1,0,True,5417,u,6059,True,GHOST
0.25,360,3,u,5467;5762;7255,uuu,1;2;3,1;2;3,2,0,-,-,0,0,False,7255,u,7255,False,MATCH
0.25,630,2,u,5510;6226,uu,1;2,1;2,1,0,-,-,0,0,False,6226,u,6226,False,MATCH
0.25,754,1,u,5516,u,1,1,0,0,-,-,0,0,False,5516,u,5516,False,MATCH
0.25,182,1,u,5541,u,1,1,0,0,-,-,0,0,False,5541,u,5541,False,MATCH
0.25,387,1,u,5562,u,1,1,0,0,-,-,0,0,False,5562,u,5562,False,MATCH
0.25,1055,2,u,5638;6026,uu,1;2,1;2,1,0,-,-,0,0,False,6026,u,6026,False,MATCH
0.25,1138,1,u,5642,u,1,1,0,0,-,-,0,0,False,5642,u,5642,False,MATCH
0.25,85,2,u,5647;6170,uu,1;2,1;2,1,0,-,-,0,0,False,6170,u,6170,False,MATCH
0.25,344,3,u,5652;5757;6769,uuu,1;2;3,1;3;2,2,1,2,2:descent,1,0,True,5757,u,6769,True,STALE_WINS
0.25,70,1,u,5659,u,1,1,0,0,-,-,0,0,False,5659,u,5659,False,MATCH
0.25,554,1,u,5672,u,1,1,0,0,-,-,0,0,False,5672,u,5672,False,MATCH
0.25,1159,1,u,5700,u,1,1,0,0,-,-,0,0,False,5700,u,5700,False,MATCH
0.25,679,1,u,5743,u,1,1,0,0,-,-,0,0,False,5743,u,5743,False,MATCH
0.25,998,1,u,5754,u,1,1,0,0,-,-,0,0,False,5754,u,5754,False,MATCH
0.25,862,3,u,5755;6550;7124,uuu,1;2;3,2;1;3,2,1,1,1:invisible,0,1,False,7124,u,7124,False,MATCH
0.25,875,2,u,5775;6788,uu,1;2,2;1,1,1,1,1:descent,1,0,True,5775,u,6788,True,STALE_WINS
0.25,287,1,u,5792,u,1,1,0,0,-,-,0,0,False,5792,u,5792,False,MATCH
0.25,1000,1,u,5800,u,1,1,0,0,-,-,0,0,False,5800,u,5800,False,MATCH
0.25,217,2,u,5812;6154,uu,1;2,1;2,1,0,-,-,0,0,False,6154,u,6154,False,MATCH
0.25,924,1,u,5830,u,1,1,0,0,-,-,0,0,False,5830,u,5830,False,MATCH
0.25,346,4,u,5836;6862;7320;7375,uuuu,1;2;3;4,2;1;3;4,3,1,1,1:invisible,0,1,False,7375,u,7375,False,MATCH
0.25,872,1,u,5852,u,1,1,0,0,-,-,0,0,False,5852,u,5852,False,MATCH
0.25,996,1,u,5862,u,1,1,0,0,-,-,0,0,False,5862,u,5862,False,MATCH
0.25,327,1,u,5864,u,1,1,0,0,-,-,0,0,False,5864,u,5864,False,MATCH
0.25,1038,1,u,5874,u,1,1,0,0,-,-,0,0,False,5874,u,5874,False,MATCH
0.25,632,2,u,5881;6736,uu,1;2,1;2,1,0,-,-,0,0,False,6736,u,6736,False,MATCH
0.25,753,2,d,5969;7374,ud,1;2,1;2,1,0,-,-,0,0,False,7374,d,7374,False,MATCH
0.25,84,1,u,5972,u,1,1,0,0,-,-,0,0,False,5972,u,5972,False,MATCH
0.25,176,1,u,5973,u,1,1,0,0,-,-,0,0,False,5973,u,5973,False,MATCH
0.25,213,1,u,5993,u,1,1,0,0,-,-,0,0,False,5993,u,5993,False,MATCH
0.25,216,1,u,6029,u,1,1,0,0,-,-,0,0,False,6029,u,6029,False,MATCH
0.25,257,1,u,6035,u,1,1,0,0,-,-,0,0,False,6035,u,6035,False,MATCH
0.25,152,2,u,6052;7365,uu,1;2,1;2,1,0,-,-,0,0,False,7365,u,7365,False,MATCH
0.25,894,2,u,6068;6809,uu,1;2,1;2,1,0,-,-,0,0,False,6809,u,6809,False,MATCH
0.25,919,1,u,6069,u,1,1,0,0,-,-,0,0,False,6069,u,6069,False,MATCH
0.25,338,1,u,6083,u,1,1,0,0,-,-,0,0,False,6083,u,6083,False,MATCH
0.25,35,1,u,6100,u,1,1,0,0,-,-,0,0,False,6100,u,6100,False,MATCH
0.25,134,1,u,6102,u,1,1,0,0,-,-,0,0,False,6102,u,6102,False,MATCH
0.25,1195,4,d,6125;6768;6924;7117,uuud,1;2;3;4,2;3;1;4,3,2,1;2,1:invisible;2:invisible,0,2,False,7117,d,7117,False,MATCH
0.25,1149,1,u,6145,u,1,1,0,0,-,-,0,0,False,6145,u,6145,False,MATCH
0.25,160,1,u,6151,u,1,1,0,0,-,-,0,0,False,6151,u,6151,False,MATCH
0.25,232,2,u,6168;6529,uu,1;2,1;2,1,0,-,-,0,0,False,6529,u,6529,False,MATCH
0.25,1144,1,u,6191,u,1,1,0,0,-,-,0,0,False,6191,u,6191,False,MATCH
0.25,683,1,u,6227,u,1,1,0,0,-,-,0,0,False,6227,u,6227,False,MATCH
0.25,916,1,u,6257,u,1,1,0,0,-,-,0,0,False,6257,u,6257,False,MATCH
0.25,796,1,u,6262,u,1,1,0,0,-,-,0,0,False,6262,u,6262,False,MATCH
0.25,747,2,u,6286;6354,uu,1;2,2;1,1,1,1,1:descent,1,0,True,6286,u,6354,True,STALE_WINS
0.25,1258,3,u,6289;6726;6791,cuu,1;2;3,1;2;3,2,0,-,-,0,0,False,6791,u,6791,False,MATCH
0.25,368,2,u,6302;6460,uu,1;2,1;2,1,0,-,-,0,0,False,6460,u,6460,False,MATCH
0.25,751,2,d,6315;6760,ud,1;2,1;2,1,0,-,-,0,0,False,6760,d,6760,False,MATCH
0.25,656,1,u,6362,u,1,1,0,0,-,-,0,0,False,6362,u,6362,False,MATCH
0.25,511,1,u,6444,u,1,1,0,0,-,-,0,0,False,6444,u,6444,False,MATCH
0.25,363,1,u,6467,u,1,1,0,0,-,-,0,0,False,6467,u,6467,False,MATCH
0.25,761,1,u,6475,u,1,1,0,0,-,-,0,0,False,6475,u,6475,False,MATCH
0.25,411,1,u,6489,u,1,1,0,0,-,-,0,0,False,6489,u,6489,False,MATCH
0.25,302,1,u,6494,u,1,1,0,0,-,-,0,0,False,6494,u,6494,False,MATCH
0.25,705,1,u,6532,u,1,1,0,0,-,-,0,0,False,6532,u,6532,False,MATCH
0.25,1021,3,u,6537;6661;7014,uuu,1;2;3,1;2;3,2,0,-,-,0,0,False,7014,u,7014,False,MATCH
0.25,1105,1,u,6546,u,1,1,0,0,-,-,0,0,False,6546,u,6546,False,MATCH
0.25,665,1,u,6592,u,1,1,0,0,-,-,0,0,False,6592,u,6592,False,MATCH
0.25,966,3,u,6621;6984;7091,uuu,1;2;3,1;3;2,2,1,2,2:descent,1,0,True,6984,u,7091,True,STALE_WINS
0.25,180,1,u,6686,u,1,1,0,0,-,-,0,0,False,6686,u,6686,False,MATCH
0.25,1012,3,u,6703;6927;7404,uuu,1;2;3,1;2;3,2,0,-,-,0,0,False,7404,u,7404,False,MATCH
0.25,691,1,u,6704,u,1,1,0,0,-,-,0,0,False,6704,u,6704,False,MATCH
0.25,309,2,u,6714;6741,uu,1;2,2;1,1,1,1,1:descent,1,0,True,6714,u,6741,True,STALE_WINS
0.25,1125,1,u,6786,u,1,1,0,0,-,-,0,0,False,6786,u,6786,False,MATCH
0.25,209,2,u,6802;7097,uu,1;2,2;1,1,1,1,1:descent,1,0,True,6802,u,7097,True,STALE_WINS
0.25,104,1,u,6839,u,1,1,0,0,-,-,0,0,False,6839,u,6839,False,MATCH
0.25,961,1,u,6842,u,1,1,0,0,-,-,0,0,False,6842,u,6842,False,MATCH
0.25,122,1,u,6848,u,1,1,0,0,-,-,0,0,False,6848,u,6848,False,MATCH
0.25,666,1,u,6866,u,1,1,0,0,-,-,0,0,False,6866,u,6866,False,MATCH
0.25,1160,1,u,6875,u,1,1,0,0,-,-,0,0,False,6875,u,6875,False,MATCH
0.25,330,1,u,6881,u,1,1,0,0,-,-,0,0,False,6881,u,6881,False,MATCH
0.25,846,1,u,6923,u,1,1,0,0,-,-,0,0,False,6923,u,6923,False,MATCH
0.25,52,1,u,6925,u,1,1,0,0,-,-,0,0,False,6925,u,6925,False,MATCH
0.25,119,1,u,6926,u,1,1,0,0,-,-,0,0,False,6926,u,6926,False,MATCH
0.25,749,1,u,6937,u,1,1,0,0,-,-,0,0,False,6937,u,6937,False,MATCH
0.25,562,1,u,6954,u,1,1,0,0,-,-,0,0,False,6954,u,6954,False,MATCH
0.25,1133,2,d,7009;7054,ud,1;2,1;2,1,0,-,-,0,0,False,7054,d,7054,False,MATCH
0.25,117,3,d,7043;7269;7366,uud,1;2;3,1;2;3,2,0,-,-,0,0,False,7366,d,7366,False,MATCH
0.25,1214,2,u,7044;7165,cu,1;2,1;2,1,0,-,-,0,0,False,7165,u,7165,False,MATCH
0.25,1185,1,u,7052,u,1,1,0,0,-,-,0,0,False,7052,u,7052,False,MATCH
0.25,71,1,u,7057,u,1,1,0,0,-,-,0,0,False,7057,u,7057,False,MATCH
0.25,1085,1,u,7059,u,1,1,0,0,-,-,0,0,False,7059,u,7059,False,MATCH
0.25,149,1,u,7072,u,1,1,0,0,-,-,0,0,False,7072,u,7072,False,MATCH
0.25,1053,1,u,7082,u,1,1,0,0,-,-,0,0,False,7082,u,7082,False,MATCH
0.25,918,2,d,7093;7178,ud,1;2,1;2,1,0,-,-,0,0,False,7178,d,7178,False,MATCH
0.25,382,1,u,7116,u,1,1,0,0,-,-,0,0,False,7116,u,7116,False,MATCH
0.25,952,1,u,7132,u,1,1,0,0,-,-,0,0,False,7132,u,7132,False,MATCH
0.25,695,1,u,7169,u,1,1,0,0,-,-,0,0,False,7169,u,7169,False,MATCH
0.25,200,1,u,7187,u,1,1,0,0,-,-,0,0,False,7187,u,7187,False,MATCH
0.25,896,1,u,7203,u,1,1,0,0,-,-,0,0,False,7203,u,7203,False,MATCH
0.25,253,1,u,7209,u,1,1,0,0,-,-,0,0,False,7209,u,7209,False,MATCH
0.25,504,1,u,7215,u,1,1,0,0,-,-,0,0,False,7215,u,7215,False,MATCH
0.25,762,1,u,7308,u,1,1,0,0,-,-,0,0,False,7308,u,7308,False,MATCH
0.25,204,1,u,7331,u,1,1,0,0,-,-,0,0,False,7331,u,7331,False,MATCH
0.25,543,1,u,7338,u,1,1,0,0,-,-,0,0,False,7338,u,7338,False,MATCH
0.25,531,1,u,7342,u,1,1,0,0,-,-,0,0,False,7342,u,7342,False,MATCH
0.5,1253,4,u,1201;1969;5703;5709,cuuu,1;2;3;4,2;3;1;4,3,2,1;2,1:invisible;2:invisible,0,2,False,5709,u,5709,False,MATCH
0.5,358,9,d,1202;2928;2951;3401;4641;5233;5850;6608;7359,uuuuuuuud,1;2;3;4;5;6;7;8;9,1;2;4;5;3;7;6;8;9,8,3,3;4;6,3:invisible;4:invisible;6:invisible,0,3,False,7359,d,7359,False,MATCH
0.5,890,6,u,1203;1668;1934;3449;5080;5511,uuuuuu,1;2;3;4;5;6,1;3;4;5;2;6,5,3,2;3;4,2:invisible;3:invisible;4:invisible,0,3,False,5511,u,5511,False,MATCH
0.5,179,10,u,1204;2439;2796;3742;3908;3951;4093;5569;6418;7037,uuuuuuuuuu,1;2;3;4;5;6;7;8;9;10,2;1;4;5;6;7;8;3;9;10,9,6,1;3;4;5;6;7,1:invisible;3:invisible;4:invisible;5:invisible;6:invisible;7:invisible,0,6,False,7037,u,7037,False,MATCH
0.5,49,7,u,1205;1233;3695;4275;5683;6045;6381,uuuuuuu,1;2;3;4;5;6;7,1;3;2;4;5;7;6,6,2,2;6,2:invisible;6:descent,1,1,True,6045,u,6381,True,STALE_WINS
0.5,748,6,u,1206;1432;1461;4637;5154;6964,uuuuuu,1;2;3;4;5;6,1;3;4;5;2;6,5,3,2;3;4,2:invisible;3:invisible;4:invisible,0,3,False,6964,u,6964,False,MATCH
0.5,1029,9,u,1207;1290;1815;4786;5747;6161;6995;7125;7322,uuuuuuuuu,1;2;3;4;5;6;7;8;9,1;3;4;2;5;7;8;6;9,8,4,2;3;6;7,2:invisible;3:invisible;6:invisible;7:invisible,0,4,False,7322,u,7322,False,MATCH
0.5,301,12,u,1208;2592;2987;3049;3676;3790;4427;5517;5885;6176;6747;6755,uuuuuuuuuuuu,1;2;3;4;5;6;7;8;9;10;11;12,1;2;4;5;6;3;7;8;9;11;10;12,11,4,3;4;5;10,3:invisible;4:invisible;5:invisible;10:invisible,0,4,False,6755,u,6755,False,MATCH
0.5,823,14,u,1209;1758;2235;3044;3527;4816;4861;5392;6178;6309;6558;6734;6739;6945,uuuuuuuuuuuuuu,1;2;3;4;5;6;7;8;9;10;11;12;13;14,1;2;4;5;3;6;8;7;10;9;11;12;13;14,13,4,3;4;7;9,3:invisible;4:invisible;7:invisible;9:invisible,0,4,False,6945,u,6945,False,MATCH
0.5,1072,27,u,1210;2065;2148;2470;3055;3110;3457;3524;3541;3747;4152;4208;4428;4947;5072;5075;5121;5193;5780;5816;6120;6137;6334;6539;6689;6800;7232,uuuuuuuuuuuuuuuuuuuuuuuuuuu,1;2;3;4;5;6;7;8;9;10;11;12;13;14;15;16;17;18;19;20;21;22;23;24;25;26;27,1;3;2;5;4;6;8;9;7;11;10;13;14;12;15;17;18;16;20;19;21;23;24;22;25;26;27,26,12,2;4;7;8;10;12;13;16;17;19;22;23,2:invisible;4:invisible;7:invisible;8:invisible;10:invisible;12:invisible;13:invisible;16:invisible;17:invisible;19:invisible;22:invisible;23:invisible,0,12,False,7232,u,7232,False,MATCH
0.5,527,50,c,1211;1235;1513;1762;1809;1897;1901;1904;1949;2071;2110;2168;2437;2460;2647;2931;3593;3981;3996;4008;4204;4238;4261;4460;4506;4600;4808;4869;4880;4889;5022;5143;5209;5258;5423;5450;5531;5637;5675;5847;5856;6053;6166;6183;6335;6450;6983;7006;7119;7152,uuuuuuuuuuuuuuuuuuuuuuuuuuuuuuuuuuuuuuuuuuuuuuuudc,1;2;3;4;5;6;7;8;9;10;11;12;13;14;15;16;17;18;19;20;21;22;23;24;25;26;27;28;29;30;31;32;33;34;35;36;37;38;39;40;41;42;43;44;45;46;47;48;49;50,2;1;4;3;6;5;7;9;10;11;8;12;13;14;15;17;18;19;20;16;22;21;23;24;26;27;28;25;29;30;32;31;33;34;35;37;36;38;40;41;42;39;43;44;45;47;48;49;50;46,49,23,1;3;5;8;9;10;16;17;18;19;21;25;26;27;31;36;39;40;41;46;47;48;49,1:invisible;3:invisible;5:invisible;8:invisible;9:invisible;10:invisible;16:invisible;17:invisible;18:invisible;19:invisible;21:invisible;25:invisible;26:invisible;27:invisible;31:invisible;36:invisible;39:invisible;40:invisible;41:invisible;46:invisible;47:invisible;48:invisible;49:descent,1,22,True,7119,d,7152,True,MISSING_CURRENT
0.5,542,10,u,1212;3733;3982;4183;4207;4414;5294;5378;6780;7076,uuuuuuuuuu,1;2;3;4;5;6;7;8;9;10,1;2;4;3;6;5;7;8;10;9,9,3,3;5;9,3:invisible;5:invisible;9:descent,1,2,True,6780,u,7076,True,STALE_WINS
0.5,66,9,u,1213;1281;1581;1785;2939;4145;4581;4980;7063,uuuuuuuuu,1;2;3;4;5;6;7;8;9,2;1;4;3;5;6;7;9;8,8,3,1;3;8,1:invisible;3:invisible;8:descent,1,2,True,4980,u,7063,True,STALE_WINS
0.5,407,3,u,1214;4602;4841,uuu,1;2;3,1;3;2,2,1,2,2:descent,1,0,True,4602,u,4841,True,STALE_WINS
0.5,556,8,u,1215;2708;3331;3847;5192;5801;5809;6561,uuuuuuuu,1;2;3;4;5;6;7;8,2;3;4;5;6;7;8;1,7,7,1;2;3;4;5;6;7,1:invisible;2:invisible;3:invisible;4:invisible;5:invisible;6:invisible;7:descent,1,6,True,5809,u,6561,True,STALE_WINS
0.5,267,7,u,1216;1644;2362;2587;3217;5914;6198,uuuuuuu,1;2;3;4;5;6;7,2;3;4;5;6;1;7,6,5,1;2;3;4;5,1:invisible;2:invisible;3:invisible;4:invisible;5:invisible,0,5,False,6198,u,6198,False,MATCH
0.5,224,13,d,1217;1249;1257;1658;2973;3116;3184;3719;5124;6019;6275;6339;6805,uuuuuuuuuuuud,1;2;3;4;5;6;7;8;9;10;11;12;13,1;2;3;4;5;6;7;9;10;8;11;12;13,12,2,8;9,8:invisible;9:invisible,0,2,False,6805,d,6805,False,MATCH
0.5,719,7,u,1218;2857;2991;3497;4199;6038;7177,uuuuuuu,1;2;3;4;5;6;7,1;2;4;5;6;3;7,6,3,3;4;5,3:invisible;4:invisible;5:invisible,0,3,False,7177,u,7177,False,MATCH
0.5,988,10,c,1219;2283;2623;3544;3609;3711;3712;6095;6415;7229,uuuuuuuudc,1;2;3;4;5;6;7;8;9;10,2;3;1;5;4;6;7;9;8;10,9,4,1;2;4;8,1:invisible;2:invisible;4:invisible;8:invisible,0,4,False,7229,c,7229,False,MATCH
0.5,10,9,u,1220;1864;2155;3165;3583;4775;4804;6338;6874,uuuuuuuuu,1;2;3;4;5;6;7;8;9,1;3;2;4;5;7;8;9;6,8,4,2;6;7;8,2:invisible;6:invisible;7:invisible;8:descent,1,3,True,6338,u,6874,True,STALE_WINS
0.5,962,2,u,1221;4246,uu,1;2,1;2,1,0,-,-,0,0,False,4246,u,4246,False,MATCH
0.5,1161,5,d,1222;1842;2863;5191;6853,uuuud,1;2;3;4;5,2;3;4;5;1,4,4,1;2;3;4,1:invisible;2:invisible;3:invisible;4:descent,1,3,True,5191,u,6853,True,GHOST
0.5,400,5,u,1223;1451;4110;6487;7036,uuuuu,1;2;3;4;5,1;2;3;5;4,4,1,4,4:descent,1,0,True,6487,u,7036,True,STALE_WINS
0.5,425,5,d,1224;1717;3393;4060;4298,uuuud,1;2;3;4;5,2;1;4;5;3,4,3,1;3;4,1:invisible;3:invisible;4:descent,1,2,True,4060,u,4298,True,GHOST
0.5,567,10,u,1225;1996;2039;2574;3891;5044;6299;6584;6733;7280,uuuuuuuuuu,1;2;3;4;5;6;7;8;9;10,1;2;4;5;6;7;3;8;10;9,9,5,3;4;5;6;9,3:invisible;4:invisible;5:invisible;6:invisible;9:descent,1,4,True,6733,u,7280,True,STALE_WINS
0.5,734,8,u,1226;2534;2570;2676;3730;4161;6986;7272,uuuuuuuu,1;2;3;4;5;6;7;8,1;2;3;4;5;6;7;8,7,0,-,-,0,0,False,7272,u,7272,False,MATCH
0.5,623,19,u,1227;1312;1325;1641;1817;2156;2252;2456;2766;2835;2871;3374;3423;3432;4743;5588;6131;6813;7121,uuuuuuuuuuuuuuuuuuu,1;2;3;4;5;6;7;8;9;10;11;12;13;14;15;16;17;18;19,2;1;3;4;6;7;5;8;9;11;10;12;14;13;15;17;16;19;18,18,7,1;5;6;10;13;16;18,1:invisible;5:invisible;6:invisible;10:invisible;13:invisible;16:invisible;18:descent,1,6,True,6813,u,7121,True,STALE_WINS
0.5,456,9,u,1228;1280;2976;3221;4285;4609;4929;6413;7078,uuuuuuuuu,1;2;3;4;5;6;7;8;9,2;1;3;5;6;7;4;9;8,8,5,1;4;5;6;8,1:invisible;4:invisible;5:invisible;6:invisible;8:descent,1,4,True,6413,u,7078,True,STALE_WINS
0.5,836,21,u,1229;1517;1748;1771;1928;3310;3314;3402;3474;3536;4235;4351;4590;5084;5265;5329;5358;5556;5606;5668;6996,uuuuuuuuuuuuuuuuuuuuu,1;2;3;4;5;6;7;8;9;10;11;12;13;14;15;16;17;18;19;20;21,1;3;4;5;2;7;8;9;6;10;12;13;14;11;16;15;18;17;20;21;19,20,13,2;3;4;6;7;8;11;12;13;15;17;19;20,2:invisible;3:invisible;4:invisible;6:invisible;7:invisible;8:invisible;11:invisible;12:invisible;13:invisible;15:invisible;17:invisible;19:invisible;20:descent,1,12,True,5668,u,6996,True,STALE_WINS
0.5,1006,2,u,1230;1511,uu,1;2,2;1,1,1,1,1:descent,1,0,True,1230,u,1511,True,STALE_WINS
0.5,599,8,u,1231;2557;3881;4190;5092;5632;6185;6542,uuuuuuuu,1;2;3;4;5;6;7;8,1;2;4;5;3;6;8;7,7,3,3;4;7,3:invisible;4:invisible;7:descent,1,2,True,6185,u,6542,True,STALE_WINS
0.5,563,4,u,1232;1275;3708;6459,uuuu,1;2;3;4,2;3;1;4,3,2,1;2,1:invisible;2:invisible,0,2,False,6459,u,6459,False,MATCH
0.5,412,13,u,1234;1355;1636;1760;1915;2465;3416;3643;4038;4623;5479;6841;7348,uuuuuuuuuuuuu,1;2;3;4;5;6;7;8;9;10;11;12;13,1;3;2;4;6;5;8;9;7;10;11;13;12,12,5,2;5;7;8;12,2:invisible;5:invisible;7:invisible;8:invisible;12:descent,1,4,True,6841,u,7348,True,STALE_WINS
0.5,1124,12,u,1236;2581;2692;2784;3431;3899;4267;5198;5458;6023;7069;7312,uuuuuuuuuuuu,1;2;3;4;5;6;7;8;9;10;11;12,1;3;2;5;4;6;8;9;7;11;10;12,11,5,2;4;7;8;10,2:invisible;4:invisible;7:invisible;8:invisible;10:invisible,0,5,False,7312,u,7312,False,MATCH
0.5,1074,4,u,1237;1538;4919;4985,uuuu,1;2;3;4,2;3;4;1,3,3,1;2;3,1:invisible;2:invisible;3:descent,1,2,True,4919,u,4985,True,STALE_WINS
0.5,597,10,d,1238;2844;3030;3064;3607;3628;3787;4172;4276;6024,uuuuuuuuud,1;2;3;4;5;6;7;8;9;10,1;2;3;5;6;4;7;9;10;8,9,4,4;5;8;9,4:invisible;5:invisible;8:invisible;9:descent,1,3,True,4276,u,6024,True,GHOST
0.5,383,6,u,1239;1354;3659;4845;5882;6397,uuuuuu,1;2;3;4;5;6,1;3;4;2;5;6,5,2,2;3,2:invisible;3:invisible,0,2,False,6397,u,6397,False,MATCH
0.5,153,10,u,1240;2021;2501;3224;4481;5317;5555;5961;6859;7270,uuuuuuuuuu,1;2;3;4;5;6;7;8;9;10,2;1;3;5;4;7;6;9;8;10,9,4,1;4;6;8,1:invisible;4:invisible;6:invisible;8:invisible,0,4,False,7270,u,7270,False,MATCH
0.5,1102,3,u,1241;6055;6783,uuu,1;2;3,1;3;2,2,1,2,2:descent,1,0,True,6055,u,6783,True,STALE_WINS
0.5,277,16,d,1242;1287;1368;1478;1850;2858;3803;3880;4107;4309;4434;4547;5279;6564;6695;7267,uuuuuuuuuuuuuuud,1;2;3;4;5;6;7;8;9;10;11;12;13;14;15;16,2;3;1;4;5;6;8;9;10;7;11;12;13;14;15;16,15,5,1;2;7;8;9,1:invisible;2:invisible;7:invisible;8:invisible;9:invisible,0,5,False,7267,d,7267,False,MATCH
0.5,1238,8,u,1243;1467;3585;3828;4734;6221;7253;7356,cuuuuuuu,1;2;3;4;5;6;7;8,1;3;4;5;6;2;8;7,7,5,2;3;4;5;7,2:invisible;3:invisible;4:invisible;5:invisible;7:descent,1,4,True,7253,u,7356,True,STALE_WINS
0.5,112,10,d,1244;1728;2305;4119;4400;5190;5608;5618;6181;7098,uuuuuuuuud,1;2;3;4;5;6;7;8;9;10,1;3;4;2;6;7;5;9;8;10,9,5,2;3;5;6;8,2:invisible;3:invisible;5:invisible;6:invisible;8:invisible,0,5,False,7098,d,7098,False,MATCH
0.5,1116,6,u,1245;1642;2572;3136;3276;5387,uuuuuu,1;2;3;4;5;6,1;3;4;2;6;5,5,3,2;3;5,2:invisible;3:invisible;5:descent,1,2,True,3276,u,5387,True,STALE_WINS
0.5,880,18,u,1246;1439;1488;1632;1659;1681;1750;1846;2555;3417;3521;4005;4657;5129;5323;5594;6883;7353,uuuuuuuuuuuuuuuuuu,1;2;3;4;5;6;7;8;9;10;11;12;13;14;15;16;17;18,1;3;4;5;6;2;7;8;9;10;12;13;14;11;16;15;17;18,17,8,2;3;4;5;11;12;13;15,2:invisible;3:invisible;4:invisible;5:invisible;11:invisible;12:invisible;13:invisible;15:invisible,0,8,False,7353,u,7353,False,MATCH
0.5,499,6,u,1247;2487;2798;5596;6152;7361,uuuuuu,1;2;3;4;5;6,1;3;4;5;6;2,5,4,2;3;4;5,2:invisible;3:invisible;4:invisible;5:descent,1,3,True,6152,u,7361,True,STALE_WINS
0.5,652,8,u,1248;1858;2256;3320;4231;4671;5560;6482,uuuuuuuu,1;2;3;4;5;6;7;8,2;3;4;5;6;7;1;8,7,6,1;2;3;4;5;6,1:invisible;2:invisible;3:invisible;4:invisible;5:invisible;6:invisible,0,6,False,6482,u,6482,False,MATCH
0.5,1150,2,u,1250;2674,uu,1;2,1;2,1,0,-,-,0,0,False,2674,u,2674,False,MATCH
0.5,399,13,u,1251;1516;2209;2891;2906;3489;3691;3806;4906;5088;6376;6846;7370,uuuuuuuuuuuuu,1;2;3;4;5;6;7;8;9;10;11;12;13,2;3;1;5;6;4;8;7;10;9;11;12;13,12,6,1;2;4;5;7;9,1:invisible;2:invisible;4:invisible;5:invisible;7:invisible;9:invisible,0,6,False,7370,u,7370,False,MATCH
0.5,671,4,u,1252;1338;3215;6249,uuuu,1;2;3;4,2;3;4;1,3,3,1;2;3,1:invisible;2:invisible;3:descent,1,2,True,3215,u,6249,True,STALE_WINS
0.5,315,9,u,1253;2563;2864;3080;4505;5095;5497;5855;6175,uuuuuuuuu,1;2;3;4;5;6;7;8;9,1;3;2;5;6;7;4;8;9,8,4,2;4;5;6,2:invisible;4:invisible;5:invisible;6:invisible,0,4,False,6175,u,6175,False,MATCH
0.5,1164,10,u,1254;2473;2742;3147;3287;5295;5658;6974;7148;7189,uuuuuuuuuu,1;2;3;4;5;6;7;8;9;10,1;3;4;2;6;7;5;9;10;8,9,6,2;3;5;6;8;9,2:invisible;3:invisible;5:invisible;6:invisible;8:invisible;9:descent,1,5,True,7148,u,7189,True,STALE_WINS
0.5,1236,2,u,1255;4532,cu,1;2,2;1,1,1,1,1:descent,1,0,True,1255,c,4532,True,STALE_WINS
0.5,304,3,u,1256;3883;6878,uuu,1;2;3,2;1;3,2,1,1,1:invisible,0,1,False,6878,u,6878,False,MATCH
0.5,505,14,d,1258;1343;1446;1455;3298;3471;3748;4988;5011;5162;6273;7060;7244;7385,uuuuuuuuuuuuud,1;2;3;4;5;6;7;8;9;10;11;12;13;14,1;3;4;2;6;5;7;8;9;11;12;10;14;13,13,6,2;3;5;10;11;13,2:invisible;3:invisible;5:invisible;10:invisible;11:invisible;13:descent,1,5,True,7244,u,7385,True,GHOST
0.5,370,4,c,1259;2281;5983;7123,uudc,1;2;3;4,1;3;4;2,3,2,2;3,2:invisible;3:descent,1,1,True,5983,d,7123,True,MISSING_CURRENT
0.5,469,4,u,1260;1906;2137;2716,uuuu,1;2;3;4,1;2;3;4,3,0,-,-,0,0,False,2716,u,2716,False,MATCH
0.5,663,10,u,1261;2160;2736;3448;4336;4422;4864;5769;6139;7278,uuuuuuuuuu,1;2;3;4;5;6;7;8;9;10,1;2;3;5;6;4;7;9;10;8,9,4,4;5;8;9,4:invisible;5:invisible;8:invisible;9:descent,1,3,True,6139,u,7278,True,STALE_WINS
0.5,1181,9,d,1262;2331;4495;4642;4744;5573;6655;6808;7226,uuuuuuuud,1;2;3;4;5;6;7;8;9,1;3;2;5;4;7;8;6;9,8,4,2;4;6;7,2:invisible;4:invisible;6:invisible;7:invisible,0,4,False,7226,d,7226,False,MATCH
0.5,855,3,d,1263;5406;6329,uud,1;2;3,2;1;3,2,1,1,1:invisible,0,1,False,6329,d,6329,False,MATCH
0.5,61,5,u,1264;2033;2383;3073;3948,uuuuu,1;2;3;4;5,1;3;2;4;5,4,1,2,2:invisible,0,1,False,3948,u,3948,False,MATCH
0.5,477,9,d,1265;1381;3226;3512;4353;4748;5280;5738;6448,uuuuuuuud,1;2;3;4;5;6;7;8;9,1;3;2;5;4;6;7;8;9,8,2,2;4,2:invisible;4:invisible,0,2,False,6448,d,6448,False,MATCH
0.5,938,3,u,1266;2361;4321,uuu,1;2;3,2;1;3,2,1,1,1:invisible,0,1,False,4321,u,4321,False,MATCH
0.5,82,11,u,1267;1311;1320;2316;2379;2870;3292;6248;6960;7171;7190,uuuuuuuuuuu,1;2;3;4;5;6;7;8;9;10;11,1;2;3;5;6;4;7;9;10;11;8,10,5,4;5;8;9;10,4:invisible;5:invisible;8:invisible;9:invisible;10:descent,1,4,True,7171,u,7190,True,STALE_WINS
0.5,545,10,c,1268;1430;1593;1618;1948;4990;5012;5136;5399;6882,uuuuuuuudc,1;2;3;4;5;6;7;8;9;10,1;3;4;5;2;7;6;9;8;10,9,5,2;3;4;6;8,2:invisible;3:invisible;4:invisible;6:invisible;8:invisible,0,5,False,6882,c,6882,False,MATCH
0.5,1257,7,u,1269;2582;3434;3548;4324;7026;7073,cuuuuuu,1;2;3;4;5;6;7,2;1;3;5;6;7;4,6,4,1;4;5;6,1:invisible;4:invisible;5:invisible;6:descent,1,3,True,7026,u,7073,True,STALE_WINS
0.5,13,8,u,1270;3051;3473;3518;4314;5204;6210;6385,uuuuuuuu,1;2;3;4;5;6;7;8,1;2;4;3;5;6;8;7,7,2,3;7,3:invisible;7:descent,1,1,True,6210,u,6385,True,STALE_WINS
0.5,124,3,u,1271;1683;1930,uuu,1;2;3,1;3;2,2,1,2,2:descent,1,0,True,1683,u,1930,True,STALE_WINS
0.5,722,8,u,1272;2712;3039;3118;4141;4142;5267;7276,uuuuuuuu,1;2;3;4;5;6;7;8,1;2;3;5;6;7;8;4,7,4,4;5;6;7,4:invisible;5:invisible;6:invisible;7:descent,1,3,True,5267,u,7276,True,STALE_WINS
0.5,27,2,u,1273;2544,uu,1;2,2;1,1,1,1,1:descent,1,0,True,1273,u,2544,True,STALE_WINS
0.5,847,1,u,1274,u,1,1,0,0,-,-,0,0,False,1274,u,1274,False,MATCH
0.5,195,6,u,1276;3452;4301;5141;5185;6663,uuuuuu,1;2;3;4;5;6,1;3;4;5;2;6,5,3,2;3;4,2:invisible;3:invisible;4:invisible,0,3,False,6663,u,6663,False,MATCH
0.5,723,4,u,1277;4121;4978;6642,uuuu,1;2;3;4,1;2;3;4,3,0,-,-,0,0,False,6642,u,6642,False,MATCH
0.5,496,1,u,1278,u,1,1,0,0,-,-,0,0,False,1278,u,1278,False,MATCH
0.5,714,23,d,1279;1297;1560;2327;2573;2650;3661;3886;4257;4411;4572;4894;5060;5237;5701;5795;6073;6079;6764;6777;7075;7271;7286,uuuuuuuuuuuuuuuuuuuuuud,1;2;3;4;5;6;7;8;9;10;11;12;13;14;15;16;17;18;19;20;21;22;23,1;3;2;5;4;7;8;9;6;10;11;13;14;12;15;16;18;17;20;19;22;21;23,22,10,2;4;6;7;8;12;13;17;19;21,2:invisible;4:invisible;6:invisible;7:invisible;8:invisible;12:invisible;13:invisible;17:invisible;19:invisible;21:invisible,0,10,False,7286,d,7286,False,MATCH
0.5,621,16,u,1282;1705;1731;1970;1995;2059;3176;3481;3664;4526;4806;4981;5409;5612;6635;7108,uuuuuuuuuuuuuuuu,1;2;3;4;5;6;7;8;9;10;11;12;13;14;15;16,1;2;3;4;5;6;7;9;10;11;12;8;13;14;16;15,15,5,8;9;10;11;15,8:invisible;9:invisible;10:invisible;11:invisible;15:descent,1,4,True,6635,u,7108,True,STALE_WINS
0.5,120,6,u,1283;1707;2255;3758;4992;5603,uuuuuu,1;2;3;4;5;6,2;3;4;5;1;6,5,4,1;2;3;4,1:invisible;2:invisible;3:invisible;4:invisible,0,4,False,5603,u,5603,False,MATCH
0.5,1064,21,u,1284;1386;1453;2030;2414;2780;3203;3429;3973;4026;4103;4536;5321;5670;5791;6301;6423;6725;6792;6950;6985,uuuuuuuuuuuuuuuuuuuuu,1;2;3;4;5;6;7;8;9;10;11;12;13;14;15;16;17;18;19;20;21,1;3;2;4;5;7;8;6;10;11;9;13;12;14;16;15;17;19;18;21;20,20,9,2;6;7;9;10;12;15;18;20,2:invisible;6:invisible;7:invisible;9:invisible;10:invisible;12:invisible;15:invisible;18:invisible;20:descent,1,8,True,6950,u,6985,True,STALE_WINS
0.5,97,1,u,1285,u,1,1,0,0,-,-,0,0,False,1285,u,1285,False,MATCH
0.5,690,6,u,1286;2220;2710;4000;5654;6719,uuuuuu,1;2;3;4;5;6,1;3;2;5;4;6,5,2,2;4,2:invisible;4:invisible,0,2,False,6719,u,6719,False,MATCH
0.5,900,7,d,1288;2668;2727;4086;6030;6750;7166,uuuuuud,1;2;3;4;5;6;7,1;2;4;3;6;5;7,6,2,3;5,3:invisible;5:invisible,0,2,False,7166,d,7166,False,MATCH
0.5,930,8,u,1289;2045;2260;3483;4217;4941;6307;6707,uuuuuuuu,1;2;3;4;5;6;7;8,1;3;2;4;6;7;8;5,7,4,2;5;6;7,2:invisible;5:invisible;6:invisible;7:descent,1,3,True,6307,u,6707,True,STALE_WINS
0.5,424,9,u,1291;1468;1865;1997;4171;4417;5090;6835;7070,uuuuuuuuu,1;2;3;4;5;6;7;8;9,1;3;4;2;6;5;8;9;7,8,5,2;3;5;7;8,2:invisible;3:invisible;5:invisible;7:invisible;8:descent,1,4,True,6835,u,7070,True,STALE_WINS
0.5,129,1,u,1292,u,1,1,0,0,-,-,0,0,False,1292,u,1292,False,MATCH
0.5,227,2,d,1293;2009,ud,1;2,1;2,1,0,-,-,0,0,False,2009,d,2009,False,MATCH
0.5,614,1,u,1294,u,1,1,0,0,-,-,0,0,False,1294,u,1294,False,MATCH
0.5,1247,16,d,1295;1793;2242;2513;2747;3254;3678;4137;4587;4821;4912;5372;5838;6308;6516;6556,cuuuuuuuuuuuuuud,1;2;3;4;5;6;7;8;9;10;11;12;13;14;15;16,2;1;4;5;3;6;8;9;7;11;12;10;13;14;16;15,15,8,1;3;4;7;8;10;11;15,1:invisible;3:invisible;4:invisible;7:invisible;8:invisible;10:invisible;11:invisible;15:descent,1,7,True,6516,u,6556,True,GHOST
0.5,946,1,u,1296,u,1,1,0,0,-,-,0,0,False,1296,u,1296,False,MATCH
0.5,1052,6,u,1298;1657;1692;2874;3924;5250,uuuuuu,1;2;3;4;5;6,2;3;4;1;5;6,5,3,1;2;3,1:invisible;2:invisible;3:invisible,0,3,False,5250,u,5250,False,MATCH
0.5,915,6,u,1299;1559;1895;2012;5093;6864,uuuuuu,1;2;3;4;5;6,2;1;3;5;4;6,5,2,1;4,1:invisible;4:invisible,0,2,False,6864,u,6864,False,MATCH
0.5,1142,9,c,1300;1465;2116;2151;2915;3827;5728;5740;6910,uuuuuuudc,1;2;3;4;5;6;7;8;9,1;3;2;4;5;7;8;6;9,8,3,2;6;7,2:invisible;6:invisible;7:invisible,0,3,False,6910,c,6910,False,MATCH
0.5,929,11,d,1301;2981;3060;3765;4004;4241;4542;5426;5711;6127;6230,uuuuuuuuuud,1;2;3;4;5;6;7;8;9;10;11,1;2;4;5;3;7;8;9;10;11;6,10,7,3;4;6;7;8;9;10,3:invisible;4:invisible;6:invisible;7:invisible;8:invisible;9:invisible;10:descent,1,6,True,6127,u,6230,True,GHOST
0.5,1219,15,c,1302;1321;3445;3611;3727;3984;4051;4582;4769;5744;5804;5964;6585;6834;7029,cuuuuuuuuuuuudc,1;2;3;4;5;6;7;8;9;10;11;12;13;14;15,2;3;4;5;6;7;1;8;10;9;11;13;12;14;15,14,8,1;2;3;4;5;6;9;12,1:invisible;2:invisible;3:invisible;4:invisible;5:invisible;6:invisible;9:invisible;12:invisible,0,8,False,7029,c,7029,False,MATCH
0.5,1061,10,c,1303;1818;2261;3932;4009;4407;4751;5027;5984;7198,uuuuuuuudc,1;2;3;4;5;6;7;8;9;10,1;2;3;5;4;7;6;9;10;8,9,4,4;6;8;9,4:invisible;6:invisible;8:invisible;9:descent,1,3,True,5984,d,7198,True,MISSING_CURRENT
0.5,378,11,u,1304;2010;2129;2770;3179;3694;4095;4676;6112;6534;7355,uuuuuuuuuuu,1;2;3;4;5;6;7;8;9;10;11,1;3;4;5;2;6;7;8;10;9;11,10,4,2;3;4;9,2:invisible;3:invisible;4:invisible;9:invisible,0,4,False,7355,u,7355,False,MATCH
0.5,328,5,c,1305;1342;2529;3523;5678,uuudc,1;2;3;4;5,1;3;4;5;2,4,3,2;3;4,2:invisible;3:invisible;4:descent,1,2,True,3523,d,5678,True,MISSING_CURRENT
0.5,1179,12,u,1306;1470;1783;2417;2922;3133;4198;4426;5304;5574;6027;7310,uuuuuuuuuuuu,1;2;3;4;5;6;7;8;9;10;11;12,1;3;4;2;6;7;5;9;8;10;12;11,11,6,2;3;5;6;8;11,2:invisible;3:invisible;5:invisible;6:invisible;8:invisible;11:descent,1,5,True,6027,u,7310,True,STALE_WINS
0.5,702,4,u,1307;3653;3838;6004,uuuu,1;2;3;4,2;1;3;4,3,1,1,1:invisible,0,1,False,6004,u,6004,False,MATCH
0.5,270,3,u,1308;1952;7074,uuu,1;2;3,1;2;3,2,0,-,-,0,0,False,7074,u,7074,False,MATCH
0.5,792,15,d,1309;1482;1507;1917;2293;3002;5010;5051;5326;5484;5609;6961;7259;7368;7376,uuuuuuuuuuuuuud,1;2;3;4;5;6;7;8;9;10;11;12;13;14;15,2;1;3;4;6;5;7;9;10;8;11;12;14;13;15,14,5,1;5;8;9;13,1:invisible;5:invisible;8:invisible;9:invisible;13:invisible,0,5,False,7376,d,7376,False,MATCH
0.5,983,9,u,1310;1352;2508;3220;3225;4833;5570;6951;7088,uuuuuuuuu,1;2;3;4;5;6;7;8;9,1;3;4;2;5;6;8;9;7,8,4,2;3;7;8,2:invisible;3:invisible;7:invisible;8:descent,1,3,True,6951,u,7088,True,STALE_WINS
0.5,538,1,u,1313,u,1,1,0,0,-,-,0,0,False,1313,u,1313,False,MATCH
0.5,1198,15,u,1314;1504;2382;2717;2841;3460;4011;4032;4939;4970;5911;5927;6046;6288;6652,uuuuuuuuuuuuuuu,1;2;3;4;5;6;7;8;9;10;11;12;13;14;15,1;3;2;4;5;7;8;9;10;11;6;13;14;15;12,14,9,2;6;7;8;9;10;12;13;14,2:invisible;6:invisible;7:invisible;8:invisible;9:invisible;10:invisible;12:invisible;13:invisible;14:descent,1,8,True,6288,u,6652,True,STALE_WINS
0.5,506,3,d,1315;3394;4442,uud,1;2;3,1;2;3,2,0,-,-,0,0,False,4442,d,4442,False,MATCH
0.5,743,14,d,1316;1383;1778;2105;2539;2586;3128;3345;4345;4373;5390;5495;6754;7202,uuuuuuuuuuuuud,1;2;3;4;5;6;7;8;9;10;11;12;13;14,1;3;4;2;6;7;5;9;10;11;8;12;14;13,13,8,2;3;5;6;8;9;10;13,2:invisible;3:invisible;5:invisible;6:invisible;8:invisible;9:invisible;10:invisible;13:descent,1,7,True,6754,u,7202,True,GHOST
0.5,235,15,u,1317;1486;1614;2356;2620;2826;2887;3009;3234;3755;4151;5019;5631;5633;7398,uuuuuuuuuuuuuuu,1;2;3;4;5;6;7;8;9;10;11;12;13;14;15,2;1;4;5;3;7;6;8;10;11;12;13;14;15;9,14,10,1;3;4;6;9;10;11;12;13;14,1:invisible;3:invisible;4:invisible;6:invisible;9:invisible;10:invisible;11:invisible;12:invisible;13:invisible;14:descent,1,9,True,5633,u,7398,True,STALE_WINS
0.5,5,12,c,1318;2234;2416;2872;3354;3889;4041;5138;5172;5201;6390;6914,uuuuuuuuuudc,1;2;3;4;5;6;7;8;9;10;11;12,1;2;3;5;6;7;8;4;9;10;11;12,11,4,4;5;6;7,4:invisible;5:invisible;6:invisible;7:invisible,0,4,False,6914,c,6914,False,MATCH
0.5,40,3,u,1319;1645;3930,uuu,1;2;3,2;3;1,2,2,1;2,1:invisible;2:descent,1,1,True,1645,u,3930,True,STALE_WINS
0.5,298,6,u,1322;3427;3813;4663;5716;6850,uuuuuu,1;2;3;4;5;6,1;2;3;4;6;5,5,1,5,5:descent,1,0,True,5716,u,6850,True,STALE_WINS
0.5,243,10,u,1323;2421;3675;3842;4225;4936;5452;5644;5765;6085,uuuuuuuuuu,1;2;3;4;5;6;7;8;9;10,2;1;4;3;5;7;6;8;9;10,9,3,1;3;6,1:invisible;3:invisible;6:invisible,0,3,False,6085,u,6085,False,MATCH
0.5,410,5,u,1324;1761;4984;7142;7194,uuuuu,1;2;3;4;5,1;3;2;5;4,4,2,2;4,2:invisible;4:descent,1,1,True,7142,u,7194,True,STALE_WINS
0.5,780,5,u,1326;1520;5538;7002;7217,uuuuu,1;2;3;4;5,1;2;3;4;5,4,0,-,-,0,0,False,7217,u,7217,False,MATCH
0.5,741,4,u,1327;3482;4832;5421,uuuu,1;2;3;4,1;3;4;2,3,2,2;3,2:invisible;3:descent,1,1,True,4832,u,5421,True,STALE_WINS
0.5,525,10,u,1328;2506;2516;3526;3545;4330;4824;5723;5846;6499,uuuuuuuuuu,1;2;3;4;5;6;7;8;9;10,1;3;2;4;6;5;8;9;7;10,9,4,2;5;7;8,2:invisible;5:invisible;7:invisible;8:invisible,0,4,False,6499,u,6499,False,MATCH
0.5,1032,11,u,1329;1521;2285;3106;4435;5206;5908;5998;6367;7328;7336,uuuuuuuuuuu,1;2;3;4;5;6;7;8;9;10;11,1;2;3;4;5;7;8;6;10;9;11,10,3,6;7;9,6:invisible;7:invisible;9:invisible,0,3,False,7336,u,7336,False,MATCH
0.5,692,4,u,1330;5113;6449;6740,uuuu,1;2;3;4,2;1;3;4,3,1,1,1:invisible,0,1,False,6740,u,6740,False,MATCH
0.5,1089,8,u,1331;3170;3330;3681;3749;4700;5906;7049,uuuuuuuu,1;2;3;4;5;6;7;8,1;2;3;4;5;7;6;8,7,1,6,6:invisible,0,1,False,7049,u,7049,False,MATCH
0.5,824,7,u,1332;1568;5655;6332;6675;7130;7204,uuuuuuu,1;2;3;4;5;6;7,2;1;3;5;4;6;7,6,2,1;4,1:invisible;4:invisible,0,2,False,7204,u,7204,False,MATCH
0.5,1077,7,u,1333;2617;2834;3260;3568;4130;4584,uuuuuuu,1;2;3;4;5;6;7,1;3;4;2;5;7;6,6,3,2;3;6,2:invisible;3:invisible;6:descent,1,2,True,4130,u,4584,True,STALE_WINS
0.5,336,10,u,1334;1820;3323;3326;4180;4364;5174;6855;7104;7399,uuuuuuuuuu,1;2;3;4;5;6;7;8;9;10,1;2;3;5;4;6;7;8;9;10,9,1,4,4:invisible,0,1,False,7399,u,7399,False,MATCH
0.5,278,10,u,1335;1351;1469;1582;3189;4125;5015;5155;5405;7372,uuuuuuuuuu,1;2;3;4;5;6;7;8;9;10,1;2;4;5;3;6;8;9;10;7,9,5,3;4;7;8;9,3:invisible;4:invisible;7:invisible;8:invisible;9:descent,1,4,True,5405,u,7372,True,STALE_WINS
0.5,594,12,d,1336;1808;2669;2877;3088;3384;3564;4452;5296;5549;5756;6991,uuuuuuuuuuud,1;2;3;4;5;6;7;8;9;10;11;12,1;3;2;4;6;7;8;5;9;10;12;11,11,5,2;5;6;7;11,2:invisible;5:invisible;6:invisible;7:invisible;11:descent,1,4,True,5756,u,6991,True,GHOST
0.5,158,6,u,1337;1631;2448;3257;4579;4670,uuuuuu,1;2;3;4;5;6,1;3;4;5;2;6,5,3,2;3;4,2:invisible;3:invisible;4:invisible,0,3,False,4670,u,4670,False,MATCH
0.5,335,1,u,1339,u,1,1,0,0,-,-,0,0,False,1339,u,1339,False,MATCH
0.5,1146,6,u,1340;3612;3998;4397;4440;5772,uuuuuu,1;2;3;4;5;6,2;1;4;5;3;6,5,3,1;3;4,1:invisible;3:invisible;4:invisible,0,3,False,5772,u,5772,False,MATCH
0.5,171,5,u,1341;4359;5328;5640;6770,uuuuu,1;2;3;4;5,1;3;2;4;5,4,1,2,2:invisible,0,1,False,6770,u,6770,False,MATCH
0.5,939,11,d,1344;1526;1757;1947;2309;2653;2722;3534;4306;4504;5288,uuuuuuuuuud,1;2;3;4;5;6;7;8;9;10;11,2;3;1;4;6;5;7;9;8;11;10,10,5,1;2;5;8;10,1:invisible;2:invisible;5:invisible;8:invisible;10:descent,1,4,True,4504,u,5288,True,GHOST
0.5,83,6,d,1345;3000;3780;4558;6922;7196,uuuuud,1;2;3;4;5;6,2;3;4;1;5;6,5,3,1;2;3,1:invisible;2:invisible;3:invisible,0,3,False,7196,d,7196,False,MATCH
0.5,1246,4,d,1346;3533;3753;4237,cuud,1;2;3;4,2;1;3;4,3,1,1,1:invisible,0,1,False,4237,d,4237,False,MATCH
0.5,1079,3,u,1347;2630;4666,uuu,1;2;3,1;2;3,2,0,-,-,0,0,False,4666,u,4666,False,MATCH
0.5,682,3,u,1348;3120;3634,uuu,1;2;3,2;3;1,2,2,1;2,1:invisible;2:descent,1,1,True,3120,u,3634,True,STALE_WINS
0.5,151,11,u,1349;1702;4109;4259;4614;5841;6472;6638;6670;7138;7174,uuuuuuuuuuu,1;2;3;4;5;6;7;8;9;10;11,1;3;4;2;5;7;6;8;10;9;11,10,4,2;3;6;9,2:invisible;3:invisible;6:invisible;9:invisible,0,4,False,7174,u,7174,False,MATCH
0.5,314,5,d,1350;2907;3862;5362;6544,uuuud,1;2;3;4;5,2;3;1;4;5,4,2,1;2,1:invisible;2:invisible,0,2,False,6544,d,6544,False,MATCH
0.5,839,6,u,1353;3182;3470;4158;5065;5957,uuuuuu,1;2;3;4;5;6,2;1;4;5;3;6,5,3,1;3;4,1:invisible;3:invisible;4:invisible,0,3,False,5957,u,5957,False,MATCH
0.5,351,11,u,1356;2027;2154;2480;2679;2817;3255;6015;6643;6745;7327,uuuuuuuuuuu,1;2;3;4;5;6;7;8;9;10;11,1;2;3;5;4;6;8;7;10;11;9,10,4,4;7;9;10,4:invisible;7:invisible;9:invisible;10:descent,1,3,True,6745,u,7327,True,STALE_WINS
0.5,706,11,c,1357;2522;2698;3269;4075;4431;4649;4859;5539;6705;7113,uuuuuuuuudc,1;2;3;4;5;6;7;8;9;10;11,1;2;3;5;4;6;8;9;10;11;7,10,5,4;7;8;9;10,4:invisible;7:invisible;8:invisible;9:invisible;10:descent,1,4,True,6705,d,7113,True,MISSING_CURRENT
0.5,922,6,u,1358;4489;4752;4867;6235;6941,uuuuuu,1;2;3;4;5;6,1;3;2;4;5;6,5,1,2,2:invisible,0,1,False,6941,u,6941,False,MATCH
0.5,310,1,u,1359,u,1,1,0,0,-,-,0,0,False,1359,u,1359,False,MATCH
0.5,1123,9,d,1360;1639;2028;3469;3798;4855;5893;6581;6938,uuuuuuuud,1;2;3;4;5;6;7;8;9,2;3;1;5;4;6;8;7;9,8,4,1;2;4;7,1:invisible;2:invisible;4:invisible;7:invisible,0,4,False,6938,d,6938,False,MATCH
0.5,592,3,c,1361;5425;6502,udc,1;2;3,2;3;1,2,2,1;2,1:invisible;2:descent,1,1,True,5425,d,6502,True,MISSING_CURRENT
0.5,490,16,u,1362;1798;2663;2846;3069;3123;4355;4690;4921;5342;5557;6115;6701;6998;7193;7326,uuuuuuuuuuuuuuuu,1;2;3;4;5;6;7;8;9;10;11;12;13;14;15;16,1;2;3;4;5;7;8;6;10;11;12;9;14;15;16;13,15,8,6;7;9;10;11;13;14;15,6:invisible;7:invisible;9:invisible;10:invisible;11:invisible;13:invisible;14:invisible;15:descent,1,7,True,7193,u,7326,True,STALE_WINS
0.5,716,2,u,1363;3194,uu,1;2,2;1,1,1,1,1:descent,1,0,True,1363,u,3194,True,STALE_WINS
0.5,1157,8,u,1364;2158;2843;2933;3094;3166;3915;5477,uuuuuuuu,1;2;3;4;5;6;7;8,2;3;1;4;6;7;5;8,7,4,1;2;5;6,1:invisible;2:invisible;5:invisible;6:invisible,0,4,False,5477,u,5477,False,MATCH
0.5,969,9,u,1365;1565;2778;3477;3968;4286;4925;6036;6681,uuuuuuuuu,1;2;3;4;5;6;7;8;9,2;1;3;5;6;4;8;9;7,8,5,1;4;5;7;8,1:invisible;4:invisible;5:invisible;7:invisible;8:descent,1,4,True,6036,u,6681,True,STALE_WINS
0.5,397,7,u,1366;1436;1985;5109;5615;6369;7303,uuuuuuu,1;2;3;4;5;6;7,2;3;4;1;6;7;5,6,5,1;2;3;5;6,1:invisible;2:invisible;3:invisible;5:invisible;6:descent,1,4,True,6369,u,7303,True,STALE_WINS
0.5,108,5,u,1367;2596;3651;4260;4546,uuuuu,1;2;3;4;5,1;2;4;3;5,4,1,3,3:invisible,0,1,False,4546,u,4546,False,MATCH
0.5,1200,7,u,1369;2266;3464;5628;5919;5950;6110,uuuuuuu,1;2;3;4;5;6;7,2;3;4;5;6;1;7,6,5,1;2;3;4;5,1:invisible;2:invisible;3:invisible;4:invisible;5:invisible,0,5,False,6110,u,6110,False,MATCH
0.5,953,4,u,1370;4886;5441;5941,uuuu,1;2;3;4,1;3;4;2,3,2,2;3,2:invisible;3:descent,1,1,True,5441,u,5941,True,STALE_WINS
0.5,819,1,u,1371,u,1,1,0,0,-,-,0,0,False,1371,u,1371,False,MATCH
0.5,307,3,u,1372;1841;5928,uuu,1;2;3,2;3;1,2,2,1;2,1:invisible;2:descent,1,1,True,1841,u,5928,True,STALE_WINS
0.5,478,4,d,1373;1427;4630;4796,uuud,1;2;3;4,1;3;2;4,3,1,2,2:invisible,0,1,False,4796,d,4796,False,MATCH
0.5,319,4,u,1374;3677;6683;7068,uuuu,1;2;3;4,1;3;2;4,3,1,2,2:invisible,0,1,False,7068,u,7068,False,MATCH
0.5,600,11,u,1375;1963;1993;2426;2459;2711;4562;5859;5873;6400;7090,uuuuuuuuuuu,1;2;3;4;5;6;7;8;9;10;11,1;2;3;4;6;5;8;7;10;9;11,10,3,5;7;9,5:invisible;7:invisible;9:invisible,0,3,False,7090,u,7090,False,MATCH
0.5,1071,3,c,1376;1602;5879,udc,1;2;3,1;3;2,2,1,2,2:descent,1,0,True,1602,d,5879,True,MISSING_CURRENT
0.5,789,4,u,1377;2916;6101;7352,uuuu,1;2;3;4,1;2;4;3,3,1,3,3:descent,1,0,True,6101,u,7352,True,STALE_WINS
0.5,853,6,u,1378;2889;2959;5489;6217;6310,uuuuuu,1;2;3;4;5;6,2;3;1;5;6;4,5,4,1;2;4;5,1:invisible;2:invisible;4:invisible;5:descent,1,3,True,6217,u,6310,True,STALE_WINS
0.5,1174,11,u,1379;2758;3362;4132;4555;4569;4686;4848;6057;6773;7249,uuuuuuuuuuu,1;2;3;4;5;6;7;8;9;10;11,2;1;3;5;6;7;8;9;10;11;4,10,8,1;4;5;6;7;8;9;10,1:invisible;4:invisible;5:invisible;6:invisible;7:invisible;8:invisible;9:invisible;10:descent,1,7,True,6773,u,7249,True,STALE_WINS
0.5,402,4,c,1380;2684;4052;4534,uudc,1;2;3;4,1;2;3;4,3,0,-,-,0,0,False,4534,c,4534,False,MATCH
0.5,770,12,d,1382;2561;3355;3980;4114;4344;4463;4727;6312;6549;6833;7053,uuuuuuuuuuud,1;2;3;4;5;6;7;8;9;10;11;12,1;3;4;2;6;7;8;5;9;10;12;11,11,6,2;3;5;6;7;11,2:invisible;3:invisible;5:invisible;6:invisible;7:invisible;11:descent,1,5,True,6833,u,7053,True,GHOST
0.5,1222,3,u,1384;3502;5605,cuu,1;2;3,1;3;2,2,1,2,2:descent,1,0,True,3502,u,5605,True,STALE_WINS
0.5,539,10,c,1385;1422;1945;2042;3041;4401;4503;4722;4776;7294,uuuuuuuudc,1;2;3;4;5;6;7;8;9;10,1;3;2;4;5;7;6;8;10;9,9,3,2;6;9,2:invisible;6:invisible;9:descent,1,2,True,4776,d,7294,True,MISSING_CURRENT
0.5,1231,14,d,1387;1797;1942;2159;2181;2450;2569;3487;4030;4477;4890;6347;6699;7273,cuuuuuuuuuuuud,1;2;3;4;5;6;7;8;9;10;11;12;13;14,1;2;3;4;6;7;8;9;10;5;12;13;11;14,13,7,5;6;7;8;9;11;12,5:invisible;6:invisible;7:invisible;8:invisible;9:invisible;11:invisible;12:invisible,0,7,False,7273,d,7273,False,MATCH
0.5,12,8,u,1388;1674;2231;2451;5469;5679;6109;6199,uuuuuuuu,1;2;3;4;5;6;7;8,2;3;4;5;6;7;1;8,7,6,1;2;3;4;5;6,1:invisible;2:invisible;3:invisible;4:invisible;5:invisible;6:invisible,0,6,False,6199,u,6199,False,MATCH
0.5,354,2,u,1389;2995,uu,1;2,2;1,1,1,1,1:descent,1,0,True,1389,u,2995,True,STALE_WINS
0.5,895,5,c,1390;2163;4811;6005;6399,uuudc,1;2;3;4;5,1;3;2;5;4,4,2,2;4,2:invisible;4:descent,1,1,True,6005,d,6399,True,MISSING_CURRENT
0.5,863,18,u,1391;2192;2636;3718;4234;4265;4691;4738;4772;5160;5300;5671;6297;6498;7013;7017;7225;7343,uuuuuuuuuuuuuuuuuu,1;2;3;4;5;6;7;8;9;10;11;12;13;14;15;16;17;18,1;3;4;5;6;7;2;9;8;11;10;13;12;14;15;16;17;18,17,8,2;3;4;5;6;8;10;12,2:invisible;3:invisible;4:invisible;5:invisible;6:invisible;8:invisible;10:invisible;12:invisible,0,8,False,7343,u,7343,False,MATCH
0.5,92,13,c,1392;1676;2147;3097;3343;4348;4551;4757;5707;6328;6520;6807;7237,uuuuuuuuuuudc,1;2;3;4;5;6;7;8;9;10;11;12;13,2;3;1;5;6;7;4;8;10;9;11;12;13,12,6,1;2;4;5;6;9,1:invisible;2:invisible;4:invisible;5:invisible;6:invisible;9:invisible,0,6,False,7237,c,7237,False,MATCH
0.5,902,10,u,1393;1861;2677;2867;3723;4544;4965;5230;5282;6108,uuuuuuuuuu,1;2;3;4;5;6;7;8;9;10,2;3;4;5;6;7;1;8;10;9,9,7,1;2;3;4;5;6;9,1:invisible;2:invisible;3:invisible;4:invisible;5:invisible;6:invisible;9:descent,1,6,True,5282,u,6108,True,STALE_WINS
0.5,56,6,c,1394;2391;3590;5626;7066;7329,uuuudc,1;2;3;4;5;6,1;3;2;5;4;6,5,2,2;4,2:invisible;4:invisible,0,2,False,7329,c,7329,False,MATCH
0.5,1202,4,u,1395;2056;5036;7004,cuuu,1;2;3;4,2;1;3;4,3,1,1,1:invisible,0,1,False,7004,u,7004,False,MATCH
0.5,629,5,u,1396;1909;2140;2903;5256,uuuuu,1;2;3;4;5,1;2;3;4;5,4,0,-,-,0,0,False,5256,u,5256,False,MATCH
0.5,640,9,u,1397;2713;4819;6344;6464;6863;7096;7099;7289,uuuuuuuuu,1;2;3;4;5;6;7;8;9,2;3;1;5;6;4;7;8;9,8,4,1;2;4;5,1:invisible;2:invisible;4:invisible;5:invisible,0,4,False,7289,u,7289,False,MATCH
0.5,1243,10,u,1398;1871;1932;2890;4828;5593;6260;6283;6378;6521,cuuuuuuuuu,1;2;3;4;5;6;7;8;9;10,1;3;4;5;6;7;8;2;10;9,9,7,2;3;4;5;6;7;9,2:invisible;3:invisible;4:invisible;5:invisible;6:invisible;7:invisible;9:descent,1,6,True,6378,u,6521,True,STALE_WINS
0.5,577,3,u,1399;4595;5667,uuu,1;2;3,1;3;2,2,1,2,2:descent,1,0,True,4595,u,5667,True,STALE_WINS
0.5,1084,13,u,1400;1990;2077;2419;3040;3213;3513;3830;4219;5616;6195;6738;7316,uuuuuuuuuuuuu,1;2;3;4;5;6;7;8;9;10;11;12;13,1;3;2;5;6;4;8;7;9;10;11;13;12,12,5,2;4;5;7;12,2:invisible;4:invisible;5:invisible;7:invisible;12:descent,1,4,True,6738,u,7316,True,STALE_WINS
0.5,1069,9,u,1401;2576;2719;3059;4433;5032;5420;6066;6492,uuuuuuuuu,1;2;3;4;5;6;7;8;9,1;3;4;5;2;6;8;7;9,8,4,2;3;4;7,2:invisible;3:invisible;4:invisible;7:invisible,0,4,False,6492,u,6492,False,MATCH
0.5,454,15,u,1402;1823;2098;2172;2619;2664;2910;2961;3309;3315;5648;6133;6173;6215;7274,uuuuuuuuuuuuuuu,1;2;3;4;5;6;7;8;9;10;11;12;13;14;15,2;3;1;4;6;5;8;7;10;11;12;13;9;15;14,14,9,1;2;5;7;9;10;11;12;14,1:invisible;2:invisible;5:invisible;7:invisible;9:invisible;10:invisible;11:invisible;12:invisible;14:descent,1,8,True,6215,u,7274,True,STALE_WINS
0.5,797,10,d,1403;1751;2681;2848;3198;4931;5308;5901;6840;7047,uuuuuuuuud,1;2;3;4;5;6;7;8;9;10,2;1;3;5;6;7;8;9;10;4,9,7,1;4;5;6;7;8;9,1:invisible;4:invisible;5:invisible;6:invisible;7:invisible;8:invisible;9:descent,1,6,True,6840,u,7047,True,GHOST
0.5,1176,9,d,1404;2263;4081;4173;4185;4633;5990;6396;7010,uuuuuuuud,1;2;3;4;5;6;7;8;9,1;2;3;5;6;7;8;9;4,8,5,4;5;6;7;8,4:invisible;5:invisible;6:invisible;7:invisible;8:descent,1,4,True,6396,u,7010,True,GHOST
0.5,4,1,u,1405,u,1,1,0,0,-,-,0,0,False,1405,u,1405,False,MATCH
0.5,1218,14,d,1406;1463;2228;2640;4182;4202;4537;4694;4732;5492;6033;6236;6553;6586,cuuuuuuuuuuuud,1;2;3;4;5;6;7;8;9;10;11;12;13;14,2;3;4;5;6;7;8;1;9;11;12;13;10;14,13,10,1;2;3;4;5;6;7;10;11;12,1:invisible;2:invisible;3:invisible;4:invisible;5:invisible;6:invisible;7:invisible;10:invisible;11:invisible;12:invisible,0,10,False,6586,d,6586,False,MATCH
0.5,507,9,d,1407;1828;2111;3509;3562;3660;5822;6752;6889,uuuuuuuud,1;2;3;4;5;6;7;8;9,1;2;4;3;5;7;6;8;9,8,2,3;6,3:invisible;6:invisible,0,2,False,6889,d,6889,False,MATCH
0.5,740,9,u,1408;1643;3199;3928;3947;4692;5013;5526;6722,uuuuuuuuu,1;2;3;4;5;6;7;8;9,1;2;4;5;6;3;8;9;7,8,5,3;4;5;7;8,3:invisible;4:invisible;5:invisible;7:invisible;8:descent,1,4,True,5526,u,6722,True,STALE_WINS
0.5,634,8,d,1409;1646;2002;3158;3992;6930;7105;7214,uuuuuuud,1;2;3;4;5;6;7;8,2;3;1;5;6;7;4;8,7,5,1;2;4;5;6,1:invisible;2:invisible;4:invisible;5:invisible;6:invisible,0,5,False,7214,d,7214,False,MATCH
0.5,172,1,u,1410,u,1,1,0,0,-,-,0,0,False,1410,u,1410,False,MATCH
0.5,435,19,u,1411;1691;1739;1863;1867;2057;2170;2369;2371;2521;2680;3154;4319;4735;5774;6316;6869;6955;7046,uuuuuuuuuuuuuuuuuuu,1;2;3;4;5;6;7;8;9;10;11;12;13;14;15;16;17;18;19,1;3;4;5;2;7;6;9;8;10;12;13;11;14;15;17;18;19;16,18,10,2;3;4;6;8;11;12;16;17;18,2:invisible;3:invisible;4:invisible;6:invisible;8:invisible;11:invisible;12:invisible;16:invisible;17:invisible;18:descent,1,9,True,6955,u,7046,True,STALE_WINS
0.5,471,10,u,1412;2861;3289;4048;4162;4868;5646;6086;6156;6969,uuuuuuuuuu,1;2;3;4;5;6;7;8;9;10,1;3;4;2;6;7;5;9;8;10,9,5,2;3;5;6;8,2:invisible;3:invisible;5:invisible;6:invisible;8:invisible,0,5,False,6969,u,6969,False,MATCH
0.5,965,7,d,1413;1651;2851;3388;4827;5676;5760,uuuuuud,1;2;3;4;5;6;7,2;1;4;5;3;7;6,6,4,1;3;4;6,1:invisible;3:invisible;4:invisible;6:descent,1,3,True,5676,u,5760,True,GHOST
0.5,931,8,u,1414;1804;3845;4251;5268;5439;6205;6597,uuuuuuuu,1;2;3;4;5;6;7;8,2;1;4;3;6;7;5;8,7,4,1;3;5;6,1:invisible;3:invisible;5:invisible;6:invisible,0,4,False,6597,u,6597,False,MATCH
0.5,1098,3,c,1415;1826;6266,udc,1;2;3,1;3;2,2,1,2,2:descent,1,0,True,1826,d,6266,True,MISSING_CURRENT
0.5,45,18,u,1416;1464;1474;1529;2224;2388;2392;2814;2882;3692;3720;3906;3914;4801;5427;5790;6063;7309,uuuuuuuuuuuuuuuuuu,1;2;3;4;5;6;7;8;9;10;11;12;13;14;15;16;17;18,1;2;3;4;5;6;8;9;7;10;11;13;14;15;16;12;18;17,17,7,7;8;12;13;14;15;17,7:invisible;8:invisible;12:invisible;13:invisible;14:invisible;15:invisible;17:descent,1,6,True,6063,u,7309,True,STALE_WINS
0.5,1230,8,u,1417;1527;2756;3391;4354;4737;6633;6679,cuuuuuuu,1;2;3;4;5;6;7;8,2;3;1;5;4;6;8;7,7,4,1;2;4;7,1:invisible;2:invisible;4:invisible;7:descent,1,3,True,6633,u,6679,True,STALE_WINS
0.5,892,4,u,1418;1479;6625;6690,uuuu,1;2;3;4,2;3;4;1,3,3,1;2;3,1:invisible;2:invisible;3:descent,1,2,True,6625,u,6690,True,STALE_WINS
0.5,123,3,u,1419;2950;4488,uuu,1;2;3,2;1;3,2,1,1,1:invisible,0,1,False,4488,u,4488,False,MATCH
0.5,616,5,u,1420;4329;4420;6634;7077,uuuuu,1;2;3;4;5,1;2;3;5;4,4,1,4,4:descent,1,0,True,6634,u,7077,True,STALE_WINS
0.5,16,4,u,1421;1782;1974;7379,uuuu,1;2;3;4,1;3;4;2,3,2,2;3,2:invisible;3:descent,1,1,True,1974,u,7379,True,STALE_WINS
0.5,349,15,u,1423;1654;1940;2616;3436;3614;4074;4126;4131;4852;5370;5501;5815;6551;6918,uuuuuuuuuuuuuuu,1;2;3;4;5;6;7;8;9;10;11;12;13;14;15,1;3;4;5;6;7;2;9;10;11;8;12;13;14;15,14,8,2;3;4;5;6;8;9;10,2:invisible;3:invisible;4:invisible;5:invisible;6:invisible;8:invisible;9:invisible;10:invisible,0,8,False,6918,u,6918,False,MATCH
0.5,181,3,u,1424;5694;7275,uuu,1;2;3,2;3;1,2,2,1;2,1:invisible;2:descent,1,1,True,5694,u,7275,True,STALE_WINS
0.5,401,13,u,1425;1914;2001;2236;2527;3099;3114;3212;3372;3772;5377;6497;6611,uuuuuuuuuuuuu,1;2;3;4;5;6;7;8;9;10;11;12;13,2;3;1;5;4;6;8;7;9;10;12;13;11,12,6,1;2;4;7;11;12,1:invisible;2:invisible;4:invisible;7:invisible;11:invisible;12:descent,1,5,True,6497,u,6611,True,STALE_WINS
0.5,610,8,u,1426;1562;1589;1767;3072;4209;4636;5559,uuuuuuuu,1;2;3;4;5;6;7;8,1;2;3;5;6;7;4;8,7,3,4;5;6,4:invisible;5:invisible;6:invisible,0,3,False,5559,u,5559,False,MATCH
0.5,1112,15,u,1428;2357;2370;3308;3800;3929;4223;4288;4533;4677;5381;5398;5748;5857;6233,uuuuuuuuuuuuuuu,1;2;3;4;5;6;7;8;9;10;11;12;13;14;15,1;3;4;2;6;5;7;9;8;10;12;13;14;15;11,14,8,2;3;5;8;11;12;13;14,2:invisible;3:invisible;5:invisible;8:invisible;11:invisible;12:invisible;13:invisible;14:descent,1,7,True,5857,u,6233,True,STALE_WINS
0.5,105,8,u,1429;3446;4483;4659;4720;4923;6129;6900,uuuuuuuu,1;2;3;4;5;6;7;8,1;3;4;5;2;7;6;8,7,4,2;3;4;6,2:invisible;3:invisible;4:invisible;6:invisible,0,4,False,6900,u,6900,False,MATCH
0.5,175,7,u,1431;1649;3848;4455;5695;5997;7397,uuuuuuu,1;2;3;4;5;6;7,2;1;3;4;5;7;6,6,2,1;6,1:invisible;6:descent,1,1,True,5997,u,7397,True,STALE_WINS
0.5,951,2,d,1433;1650,ud,1;2,1;2,1,0,-,-,0,0,False,1650,d,1650,False,MATCH
0.5,501,2,d,1434;4813,ud,1;2,2;1,1,1,1,1:descent,1,0,True,1434,u,4813,True,GHOST
0.5,866,2,u,1435;3868,uu,1;2,2;1,1,1,1,1:descent,1,0,True,1435,u,3868,True,STALE_WINS
0.5,587,9,c,1437;2803;3424;5464;5482;5696;5730;6761;7182,uuuuuuudc,1;2;3;4;5;6;7;8;9,2;1;3;4;6;5;7;9;8,8,3,1;5;8,1:invisible;5:invisible;8:descent,1,2,True,6761,d,7182,True,MISSING_CURRENT
0.5,1082,5,d,1438;2472;5979;6025;7144,uuuud,1;2;3;4;5,1;2;4;5;3,4,2,3;4,3:invisible;4:descent,1,1,True,6025,u,7144,True,GHOST
0.5,909,2,u,1440;3035,uu,1;2,1;2,1,0,-,-,0,0,False,3035,u,3035,False,MATCH
0.5,818,10,d,1441;1621;1856;2531;3148;3503;3539;5177;5455;7369,uuuuuuuuud,1;2;3;4;5;6;7;8;9;10,2;3;1;5;6;4;7;9;8;10,9,5,1;2;4;5;8,1:invisible;2:invisible;4:invisible;5:invisible;8:invisible,0,5,False,7369,d,7369,False,MATCH
0.5,405,5,c,1442;2510;3019;5443;5751,uuudc,1;2;3;4;5,1;2;3;5;4,4,1,4,4:descent,1,0,True,5443,d,5751,True,MISSING_CURRENT
0.5,612,9,d,1443;2571;3668;4077;4340;4366;5001;5056;6789,uuuuuuuud,1;2;3;4;5;6;7;8;9,2;3;4;5;1;6;8;9;7,8,6,1;2;3;4;7;8,1:invisible;2:invisible;3:invisible;4:invisible;7:invisible;8:descent,1,5,True,5056,u,6789,True,GHOST
0.5,568,2,u,1444;2269,uu,1;2,1;2,1,0,-,-,0,0,False,2269,u,2269,False,MATCH
0.5,725,4,u,1445;1493;2721;4672,uuuu,1;2;3;4,1;2;3;4,3,0,-,-,0,0,False,4672,u,4672,False,MATCH
0.5,130,6,u,1447;1792;4566;4588;5958;7210,uuuuuu,1;2;3;4;5;6,1;2;3;4;5;6,5,0,-,-,0,0,False,7210,u,7210,False,MATCH
0.5,907,9,u,1448;1852;2277;3010;5607;6237;6285;6684;7282,uuuuuuuuu,1;2;3;4;5;6;7;8;9,2;1;4;5;3;7;8;9;6,8,6,1;3;4;6;7;8,1:invisible;3:invisible;4:invisible;6:invisible;7:invisible;8:descent,1,5,True,6684,u,7282,True,STALE_WINS
0.5,1030,2,u,1449;5232,uu,1;2,2;1,1,1,1,1:descent,1,0,True,1449,u,5232,True,STALE_WINS
0.5,494,4,u,1450;2554;6269;7030,uuuu,1;2;3;4,1;2;4;3,3,1,3,3:descent,1,0,True,6269,u,7030,True,STALE_WINS
0.5,628,12,u,1452;1550;1737;2306;2533;2829;4443;4842;4860;5275;5896;7307,uuuuuuuuuuuu,1;2;3;4;5;6;7;8;9;10;11;12,1;3;4;2;5;7;6;8;10;9;11;12,11,4,2;3;6;9,2:invisible;3:invisible;6:invisible;9:invisible,0,4,False,7307,u,7307,False,MATCH
0.5,699,4,d,1454;1851;2649;7386,uuud,1;2;3;4,1;2;4;3,3,1,3,3:descent,1,0,True,2649,u,7386,True,GHOST
0.5,305,8,u,1456;1866;3599;3639;4136;4818;4851;7293,uuuuuuuu,1;2;3;4;5;6;7;8,2;1;3;5;4;7;6;8,7,3,1;4;6,1:invisible;4:invisible;6:invisible,0,3,False,7293,u,7293,False,MATCH
0.5,1086,3,u,1457;2226;6682,uuu,1;2;3,2;1;3,2,1,1,1:invisible,0,1,False,6682,u,6682,False,MATCH
0.5,389,9,d,1458;2558;3666;3696;3833;5003;5721;6677;7220,uuuuuuuud,1;2;3;4;5;6;7;8;9,1;3;4;2;5;6;7;8;9,8,2,2;3,2:invisible;3:invisible,0,2,False,7220,d,7220,False,MATCH
0.5,928,5,u,1459;1588;1935;2198;2873,uuuuu,1;2;3;4;5,1;2;4;3;5,4,1,3,3:invisible,0,1,False,2873,u,2873,False,MATCH
0.5,31,1,u,1460,u,1,1,0,0,-,-,0,0,False,1460,u,1460,False,MATCH
0.5,74,4,d,1462;2489;3390;3937,uuud,1;2;3;4,1;2;3;4,3,0,-,-,0,0,False,3937,d,3937,False,MATCH
0.5,649,3,d,1466;2270;5960,uud,1;2;3,1;3;2,2,1,2,2:descent,1,0,True,2270,u,5960,True,GHOST
0.5,758,5,d,1471;2432;3630;6003;6613,uuuud,1;2;3;4;5,1;3;4;2;5,4,2,2;3,2:invisible;3:invisible,0,2,False,6613,d,6613,False,MATCH
0.5,331,5,u,1472;2518;2925;3087;5613,uuuuu,1;2;3;4;5,1;2;3;5;4,4,1,4,4:descent,1,0,True,3087,u,5613,True,STALE_WINS
0.5,343,13,d,1473;1634;1772;2332;2838;3420;4606;5699;6324;6356;6473;6901;7319,uuuuuuuuuuuud,1;2;3;4;5;6;7;8;9;10;11;12;13,1;2;3;4;6;7;8;9;10;11;5;13;12,12,7,5;6;7;8;9;10;12,5:invisible;6:invisible;7:invisible;8:invisible;9:invisible;10:invisible;12:descent,1,6,True,6901,u,7319,True,GHOST
0.5,1215,10,d,1475;1543;1680;2984;4888;5487;6574;6790;6851;6968,cuuuuuuuud,1;2;3;4;5;6;7;8;9;10,1;3;4;2;6;7;5;9;8;10,9,5,2;3;5;6;8,2:invisible;3:invisible;5:invisible;6:invisible;8:invisible,0,5,False,6968,d,6968,False,MATCH
0.5,1002,4,d,1476;1735;6042;6933,uuud,1;2;3;4,1;2;4;3,3,1,3,3:descent,1,0,True,6042,u,6933,True,GHOST
0.5,1242,3,u,1477;1612;5742,cuu,1;2;3,1;3;2,2,1,2,2:descent,1,0,True,1612,u,5742,True,STALE_WINS
0.5,1070,4,u,1480;3569;4958;6759,uuuu,1;2;3;4,1;2;4;3,3,1,3,3:descent,1,0,True,4958,u,6759,True,STALE_WINS
0.5,874,9,u,1481;3151;3926;4791;4797;4995;5371;5499;5673,uuuuuuuuu,1;2;3;4;5;6;7;8;9,1;3;4;5;2;6;7;9;8,8,4,2;3;4;8,2:invisible;3:invisible;4:invisible;8:descent,1,3,True,5499,u,5673,True,STALE_WINS
0.5,990,7,d,1483;3057;3324;3648;5107;6327;6466,uuuuuud,1;2;3;4;5;6;7,2;3;1;5;6;4;7,6,4,1;2;4;5,1:invisible;2:invisible;4:invisible;5:invisible,0,4,False,6466,d,6466,False,MATCH
0.5,325,4,c,1484;3547;4857;6117,uudc,1;2;3;4,2;1;4;3,3,2,1;3,1:invisible;3:descent,1,1,True,4857,d,6117,True,MISSING_CURRENT
0.5,1209,4,u,1485;5876;6717;7159,cuuu,1;2;3;4,1;2;3;4,3,0,-,-,0,0,False,7159,u,7159,False,MATCH
0.5,696,9,u,1487;2707;3625;4191;4289;5101;5123;5702;6793,uuuuuuuuu,1;2;3;4;5;6;7;8;9,2;1;3;4;6;7;5;9;8,8,4,1;5;6;8,1:invisible;5:invisible;6:invisible;8:descent,1,3,True,5702,u,6793,True,STALE_WINS
0.5,541,2,u,1489;2208,uu,1;2,1;2,1,0,-,-,0,0,False,2208,u,2208,False,MATCH
0.5,1008,2,u,1490;6876,uu,1;2,1;2,1,0,-,-,0,0,False,6876,u,6876,False,MATCH
0.5,225,1,u,1491,u,1,1,0,0,-,-,0,0,False,1491,u,1491,False,MATCH
0.5,1062,2,u,1492;1927,uu,1;2,2;1,1,1,1,1:descent,1,0,True,1492,u,1927,True,STALE_WINS
0.5,582,4,d,1494;2238;3419;4187,uuud,1;2;3;4,1;3;4;2,3,2,2;3,2:invisible;3:descent,1,1,True,3419,u,4187,True,GHOST
0.5,569,13,u,1495;2152;2177;2606;2706;2986;3231;3400;4450;5324;6620;6765;7266,uuuuuuuuuuuuu,1;2;3;4;5;6;7;8;9;10;11;12;13,1;3;4;5;6;2;7;8;9;10;12;13;11,12,6,2;3;4;5;11;12,2:invisible;3:invisible;4:invisible;5:invisible;11:invisible;12:descent,1,5,True,6765,u,7266,True,STALE_WINS
0.5,668,17,u,1496;1587;1980;2153;2789;3075;3633;3912;4715;4774;4814;4933;5318;6428;6694;7157;7317,uuuuuuuuuuuuuuuuu,1;2;3;4;5;6;7;8;9;10;11;12;13;14;15;16;17,2;3;1;4;5;6;8;9;10;7;12;13;11;15;14;16;17,16,8,1;2;7;8;9;11;12;14,1:invisible;2:invisible;7:invisible;8:invisible;9:invisible;11:invisible;12:invisible;14:invisible,0,8,False,7317,u,7317,False,MATCH
0.5,1163,6,u,1497;2086;2393;4763;5227;6899,uuuuuu,1;2;3;4;5;6,1;2;4;3;6;5,5,2,3;5,3:invisible;5:descent,1,1,True,5227,u,6899,True,STALE_WINS
0.5,366,3,u,1498;2436;3624,uuu,1;2;3,2;3;1,2,2,1;2,1:invisible;2:descent,1,1,True,2436,u,3624,True,STALE_WINS
0.5,662,4,u,1499;5082;6122;6898,uuuu,1;2;3;4,1;3;2;4,3,1,2,2:invisible,0,1,False,6898,u,6898,False,MATCH
0.5,1233,5,c,1500;2121;3134;5677;6488,cuudc,1;2;3;4;5,1;2;3;4;5,4,0,-,-,0,0,False,6488,c,6488,False,MATCH
0.5,660,4,u,1501;4372;6153;6165,uuuu,1;2;3;4,2;1;4;3,3,2,1;3,1:invisible;3:descent,1,1,True,6153,u,6165,True,STALE_WINS
0.5,1042,3,u,1502;2865;3096,uuu,1;2;3,2;3;1,2,2,1;2,1:invisible;2:descent,1,1,True,2865,u,3096,True,STALE_WINS
0.5,1018,5,c,1503;2408;5052;6801;7234,uuudc,1;2;3;4;5,1;2;4;5;3,4,2,3;4,3:invisible;4:descent,1,1,True,6801,d,7234,True,MISSING_CURRENT
0.5,80,7,c,1505;1522;1578;2990;3684;4523;6121,uuuuudc,1;2;3;4;5;6;7,2;3;1;5;6;4;7,6,4,1;2;4;5,1:invisible;2:invisible;4:invisible;5:invisible,0,4,False,6121,c,6121,False,MATCH
0.5,724,8,u,1506;1624;1870;2524;2905;5692;7137;7302,uuuuuuuu,1;2;3;4;5;6;7;8,2;1;4;5;6;7;8;3,7,6,1;3;4;5;6;7,1:invisible;3:invisible;4:invisible;5:invisible;6:invisible;7:descent,1,5,True,7137,u,7302,True,STALE_WINS
0.5,731,9,u,1508;1732;3334;3435;3672;5718;6061;6944;7224,uuuuuuuuu,1;2;3;4;5;6;7;8;9,2;3;1;5;6;4;7;8;9,8,4,1;2;4;5,1:invisible;2:invisible;4:invisible;5:invisible,0,4,False,7224,u,7224,False,MATCH
0.5,1017,1,u,1509,u,1,1,0,0,-,-,0,0,False,1509,u,1509,False,MATCH
0.5,1127,5,c,1510;2648;4082;4376;5963,uuudc,1;2;3;4;5,1;2;4;5;3,4,2,3;4,3:invisible;4:descent,1,1,True,4376,d,5963,True,MISSING_CURRENT
0.5,1122,10,d,1512;2165;2428;3014;3236;3771;4039;4135;4350;5521,uuuuuuuuud,1;2;3;4;5;6;7;8;9;10,2;1;3;4;5;6;8;9;7;10,9,3,1;7;8,1:invisible;7:invisible;8:invisible,0,3,False,5521,d,5521,False,MATCH
0.5,429,5,c,1514;2550;3135;4607;5891,uuudc,1;2;3;4;5,2;1;3;4;5,4,1,1,1:invisible,0,1,False,5891,c,5891,False,MATCH
0.5,486,4,u,1515;1678;4054;6276,uuuu,1;2;3;4,1;2;3;4,3,0,-,-,0,0,False,6276,u,6276,False,MATCH
0.5,884,4,d,1518;1706;2398;5386,uuud,1;2;3;4,1;3;4;2,3,2,2;3,2:invisible;3:descent,1,1,True,2398,u,5386,True,GHOST
0.5,91,4,u,1519;1913;6317;7339,uuuu,1;2;3;4,2;3;1;4,3,2,1;2,1:invisible;2:invisible,0,2,False,7339,u,7339,False,MATCH
0.5,222,4,u,1523;4017;4949;6323,uuuu,1;2;3;4,2;1;4;3,3,2,1;3,1:invisible;3:descent,1,1,True,4949,u,6323,True,STALE_WINS
0.5,566,4,u,1524;2497;2900;5568,uuuu,1;2;3;4,2;1;4;3,3,2,1;3,1:invisible;3:descent,1,1,True,2900,u,5568,True,STALE_WINS
0.5,341,13,u,1525;1626;1801;2005;3367;3387;4467;4621;5682;5935;6708;6857;7301,uuuuuuuuuuuuu,1;2;3;4;5;6;7;8;9;10;11;12;13,1;3;2;4;5;6;8;9;7;10;11;12;13,12,3,2;7;8,2:invisible;7:invisible;8:invisible,0,3,False,7301,u,7301,False,MATCH
0.5,1205,9,u,1528;1554;2687;3640;3831;4515;5330;5436;6358,cuuuuuuuu,1;2;3;4;5;6;7;8;9,1;3;4;2;5;7;6;9;8,8,4,2;3;6;8,2:invisible;3:invisible;6:invisible;8:descent,1,3,True,5436,u,6358,True,STALE_WINS
0.5,517,10,c,1530;1615;2015;3679;4022;4905;5059;5146;5171;5907,uuuuuuuudc,1;2;3;4;5;6;7;8;9;10,1;3;2;5;6;7;4;8;9;10,9,4,2;4;5;6,2:invisible;4:invisible;5:invisible;6:invisible,0,4,False,5907,c,5907,False,MATCH
0.5,678,9,u,1531;1594;1673;1787;2693;3307;3422;5179;6831,uuuuuuuuu,1;2;3;4;5;6;7;8;9,2;3;1;4;5;7;6;9;8,8,4,1;2;6;8,1:invisible;2:invisible;6:invisible;8:descent,1,3,True,5179,u,6831,True,STALE_WINS
0.5,255,7,u,1532;4315;4635;4858;5514;6656;7101,uuuuuuu,1;2;3;4;5;6;7,1;3;4;2;6;7;5,6,4,2;3;5;6,2:invisible;3:invisible;5:invisible;6:descent,1,3,True,6656,u,7101,True,STALE_WINS
0.5,323,2,u,1533;5189,uu,1;2,2;1,1,1,1,1:descent,1,0,True,1533,u,5189,True,STALE_WINS
0.5,1225,10,d,1534;2073;2584;2786;2852;4028;4361;5643;6398;6749,cuuuuuuuud,1;2;3;4;5;6;7;8;9;10,1;2;3;5;6;7;8;9;4;10,9,5,4;5;6;7;8,4:invisible;5:invisible;6:invisible;7:invisible;8:invisible,0,5,False,6749,d,6749,False,MATCH
0.5,186,2,u,1535;6778,uu,1;2,1;2,1,0,-,-,0,0,False,6778,u,6778,False,MATCH
0.5,1152,1,u,1536,u,1,1,0,0,-,-,0,0,False,1536,u,1536,False,MATCH
0.5,974,7,u,1537;2178;2704;3132;5806;6353;7154,uuuuuuu,1;2;3;4;5;6;7,2;1;4;3;6;7;5,6,4,1;3;5;6,1:invisible;3:invisible;5:invisible;6:descent,1,3,True,6353,u,7154,True,STALE_WINS
0.5,1237,6,u,1539;4658;4991;5913;6844;7291,cuuuuu,1;2;3;4;5;6,1;3;2;4;6;5,5,2,2;5,2:invisible;5:descent,1,1,True,6844,u,7291,True,STALE_WINS
0.5,283,2,u,1540;4682,uu,1;2,2;1,1,1,1,1:descent,1,0,True,1540,u,4682,True,STALE_WINS
0.5,23,5,u,1541;2354;2792;6457;6510,uuuuu,1;2;3;4;5,2;1;4;5;3,4,3,1;3;4,1:invisible;3:invisible;4:descent,1,2,True,6457,u,6510,True,STALE_WINS
0.5,1060,5,u,1542;1978;5461;6653;7240,uuuuu,1;2;3;4;5,2;1;4;3;5,4,2,1;3,1:invisible;3:invisible,0,2,False,7240,u,7240,False,MATCH
0.5,1221,9,u,1544;1567;2036;2182;2526;4270;4924;5175;6658,cuuuuuuuu,1;2;3;4;5;6;7;8;9,2;3;4;1;5;6;8;9;7,8,5,1;2;3;7;8,1:invisible;2:invisible;3:invisible;7:invisible;8:descent,1,4,True,5175,u,6658,True,STALE_WINS
0.5,470,6,u,1545;2083;4033;4266;5315;6713,uuuuuu,1;2;3;4;5;6,2;3;4;1;5;6,5,3,1;2;3,1:invisible;2:invisible;3:invisible,0,3,False,6713,u,6713,False,MATCH
0.5,798,10,u,1546;1887;2442;2675;2935;4148;4300;5475;5582;6540,uuuuuuuuuu,1;2;3;4;5;6;7;8;9;10,1;2;3;4;6;5;7;9;10;8,9,3,5;8;9,5:invisible;8:invisible;9:descent,1,2,True,5582,u,6540,True,STALE_WINS
0.5,512,3,u,1547;2954;3876,uuu,1;2;3,1;3;2,2,1,2,2:descent,1,0,True,2954,u,3876,True,STALE_WINS
0.5,193,5,u,1548;2886;4363;5368;6078,uuuuu,1;2;3;4;5,1;2;3;5;4,4,1,4,4:descent,1,0,True,5368,u,6078,True,STALE_WINS
0.5,364,11,u,1549;1885;2055;3250;3319;3635;4179;4904;5343;5493;5698,uuuuuuuuuuu,1;2;3;4;5;6;7;8;9;10;11,2;1;3;4;5;7;6;9;8;11;10,10,4,1;6;8;10,1:invisible;6:invisible;8:invisible;10:descent,1,3,True,5493,u,5698,True,STALE_WINS
0.5,1041,3,u,1551;5400;6959,uuu,1;2;3,2;1;3,2,1,1,1:invisible,0,1,False,6959,u,6959,False,MATCH
0.5,107,2,d,1552;3946,ud,1;2,2;1,1,1,1,1:descent,1,0,True,1552,u,3946,True,GHOST
0.5,904,11,u,1553;2977;3297;3499;3945;4019;4264;5057;5272;6896;6932,uuuuuuuuuuu,1;2;3;4;5;6;7;8;9;10;11,1;3;4;5;6;7;2;8;10;11;9,10,7,2;3;4;5;6;9;10,2:invisible;3:invisible;4:invisible;5:invisible;6:invisible;9:invisible;10:descent,1,6,True,6896,u,6932,True,STALE_WINS
0.5,148,11,u,1555;1608;1973;2099;2908;4521;5178;5669;6094;6417;6639,uuuuuuuuuuu,1;2;3;4;5;6;7;8;9;10;11,2;1;3;4;6;5;8;7;9;10;11,10,3,1;5;7,1:invisible;5:invisible;7:invisible,0,3,False,6639,u,6639,False,MATCH
0.5,782,3,u,1556;2868;2884,uuu,1;2;3,1;3;2,2,1,2,2:descent,1,0,True,2868,u,2884,True,STALE_WINS
0.5,422,6,c,1557;2253;3757;4046;4445;7127,uuuudc,1;2;3;4;5;6,1;2;4;3;6;5,5,2,3;5,3:invisible;5:descent,1,1,True,4445,d,7127,True,MISSING_CURRENT
0.5,352,8,u,1558;2090;2639;2912;4369;4396;4713;5394,uuuuuuuu,1;2;3;4;5;6;7;8,1;2;4;3;6;7;8;5,7,4,3;5;6;7,3:invisible;5:invisible;6:invisible;7:descent,1,3,True,4713,u,5394,True,STALE_WINS
0.5,613,2,u,1561;5169,uu,1;2,1;2,1,0,-,-,0,0,False,5169,u,5169,False,MATCH
0.5,128,13,d,1563;1622;1765;2183;2287;2523;2734;3174;3613;4673;4793;5073;6007,uuuuuuuuuuuud,1;2;3;4;5;6;7;8;9;10;11;12;13,1;2;3;5;6;7;8;9;4;10;11;12;13,12,5,4;5;6;7;8,4:invisible;5:invisible;6:invisible;7:invisible;8:invisible,0,5,False,6007,d,6007,False,MATCH
0.5,1166,8,c,1564;2080;4862;4878;4957;5050;5803;6088,uuuuuudc,1;2;3;4;5;6;7;8,2;3;4;5;6;1;7;8,7,5,1;2;3;4;5,1:invisible;2:invisible;3:invisible;4:invisible;5:invisible,0,5,False,6088,c,6088,False,MATCH
0.5,357,8,u,1566;1718;2136;2317;3942;4029;5865;7112,uuuuuuuu,1;2;3;4;5;6;7;8,2;3;1;5;6;4;7;8,7,4,1;2;4;5,1:invisible;2:invisible;4:invisible;5:invisible,0,4,False,7112,u,7112,False,MATCH
0.5,633,3,u,1569;4083;6239,uuu,1;2;3,1;3;2,2,1,2,2:descent,1,0,True,4083,u,6239,True,STALE_WINS
0.5,684,8,u,1570;3157;4438;5045;5470;5916;6207;6506,uuuuuuuu,1;2;3;4;5;6;7;8,1;3;4;5;6;2;7;8,7,4,2;3;4;5,2:invisible;3:invisible;4:invisible;5:invisible,0,4,False,6506,u,6506,False,MATCH
0.5,644,3,u,1571;2997;6060,uuu,1;2;3,2;3;1,2,2,1;2,1:invisible;2:descent,1,1,True,2997,u,6060,True,STALE_WINS
0.5,89,4,u,1572;1697;2273;3125,uuuu,1;2;3;4,1;3;4;2,3,2,2;3,2:invisible;3:descent,1,1,True,2273,u,3125,True,STALE_WINS
0.5,647,17,u,1573;2212;3146;3222;4405;4605;4768;5271;5454;5749;5870;5940;6571;6604;6669;6911;7050,uuuuuuuuuuuuuuuuu,1;2;3;4;5;6;7;8;9;10;11;12;13;14;15;16;17,2;1;4;5;6;3;8;7;10;9;11;13;12;14;15;17;16,16,8,1;3;4;5;7;9;12;16,1:invisible;3:invisible;4:invisible;5:invisible;7:invisible;9:invisible;12:invisible;16:descent,1,7,True,6911,u,7050,True,STALE_WINS
0.5,390,12,u,1574;1672;2123;2374;3272;3522;3949;4010;4087;6430;6744;7388,uuuuuuuuuuuu,1;2;3;4;5;6;7;8;9;10;11;12,2;1;4;3;6;7;8;5;9;11;12;10,11,7,1;3;5;6;7;10;11,1:invisible;3:invisible;5:invisible;6:invisible;7:invisible;10:invisible;11:descent,1,6,True,6744,u,7388,True,STALE_WINS
0.5,851,4,d,1575;5995;6000;6458,uuud,1;2;3;4,2;3;4;1,3,3,1;2;3,1:invisible;2:invisible;3:descent,1,2,True,6000,u,6458,True,GHOST
0.5,653,3,u,1576;4053;4754,uuu,1;2;3,1;3;2,2,1,2,2:descent,1,0,True,4053,u,4754,True,STALE_WINS
0.5,1104,14,u,1577;1911;2060;2469;2958;3247;4024;4097;4167;5253;5600;6054;6411;6500,uuuuuuuuuuuuuu,1;2;3;4;5;6;7;8;9;10;11;12;13;14,2;3;1;4;5;6;7;8;9;11;10;13;14;12,13,5,1;2;10;12;13,1:invisible;2:invisible;10:invisible;12:invisible;13:descent,1,4,True,6411,u,6500,True,STALE_WINS
0.5,118,10,u,1579;2634;3328;4437;4484;4518;4831;4971;5348;7120,uuuuuuuuuu,1;2;3;4;5;6;7;8;9;10,2;1;3;4;6;7;8;9;5;10,9,5,1;5;6;7;8,1:invisible;5:invisible;6:invisible;7:invisible;8:invisible,0,5,False,7120,u,7120,False,MATCH
0.5,968,1,u,1580,u,1,1,0,0,-,-,0,0,False,1580,u,1580,False,MATCH
0.5,451,4,u,1583;3426;3746;7405,uuuu,1;2;3;4,1;2;4;3,3,1,3,3:descent,1,0,True,3746,u,7405,True,STALE_WINS
0.5,583,7,u,1584;3492;3621;5369;5706;6314;6757,uuuuuuu,1;2;3;4;5;6;7,2;1;4;3;5;6;7,6,2,1;3,1:invisible;3:invisible,0,2,False,6757,u,6757,False,MATCH
0.5,147,4,u,1585;4485;5636;6685,uuuu,1;2;3;4,2;1;4;3,3,2,1;3,1:invisible;3:descent,1,1,True,5636,u,6685,True,STALE_WINS
0.5,252,2,u,1586;6942,uu,1;2,2;1,1,1,1,1:descent,1,0,True,1586,u,6942,True,STALE_WINS
0.5,948,12,u,1590;1843;2218;2373;2608;2610;3036;5259;6360;6674;7061;7185,uuuuuuuuuuuu,1;2;3;4;5;6;7;8;9;10;11;12,2;1;3;4;6;5;7;8;10;9;11;12,11,3,1;5;9,1:invisible;5:invisible;9:invisible,0,3,False,7185,u,7185,False,MATCH
0.5,430,11,u,1591;1605;2087;3238;3398;4653;5389;5785;6211;6776;7095,uuuuuuuuuuu,1;2;3;4;5;6;7;8;9;10;11,2;1;4;3;5;7;6;8;10;11;9,10,5,1;3;6;9;10,1:invisible;3:invisible;6:invisible;9:invisible;10:descent,1,4,True,6776,u,7095,True,STALE_WINS
0.5,1140,4,d,1592;3053;3193;5786,uuud,1;2;3;4,2;3;1;4,3,2,1;2,1:invisible;2:invisible,0,2,False,5786,d,5786,False,MATCH
0.5,622,6,d,1595;2081;3620;3801;3994;7200,uuuuud,1;2;3;4;5;6,1;3;4;2;6;5,5,3,2;3;5,2:invisible;3:invisible;5:descent,1,2,True,3994,u,7200,True,GHOST
0.5,438,2,d,1596;3344,ud,1;2,2;1,1,1,1,1:descent,1,0,True,1596,u,3344,True,GHOST
0.5,488,3,u,1597;3649;3751,uuu,1;2;3,2;1;3,2,1,1,1:invisible,0,1,False,3751,u,3751,False,MATCH
0.5,234,6,c,1598;1813;1853;2810;3421;6990,uuuudc,1;2;3;4;5;6,2;3;4;5;1;6,5,4,1;2;3;4,1:invisible;2:invisible;3:invisible;4:invisible,0,4,False,6990,c,6990,False,MATCH
0.5,785,9,d,1599;1902;1938;2411;3901;4761;5341;5530;6135,uuuuuuuud,1;2;3;4;5;6;7;8;9,2;3;1;5;6;4;7;8;9,8,4,1;2;4;5,1:invisible;2:invisible;4:invisible;5:invisible,0,4,False,6135,d,6135,False,MATCH
0.5,522,5,u,1600;2133;2655;3397;5261,uuuuu,1;2;3;4;5,2;3;4;1;5,4,3,1;2;3,1:invisible;2:invisible;3:invisible,0,3,False,5261,u,5261,False,MATCH
0.5,955,1,u,1601,u,1,1,0,0,-,-,0,0,False,1601,u,1601,False,MATCH
0.5,170,3,u,1603;2667;5231,uuu,1;2;3,2;1;3,2,1,1,1:invisible,0,1,False,5231,u,5231,False,MATCH
0.5,285,8,u,1604;2885;3376;4233;4454;5552;6893;7001,uuuuuuuu,1;2;3;4;5;6;7;8,2;3;1;5;4;6;7;8,7,3,1;2;4,1:invisible;2:invisible;4:invisible,0,3,False,7001,u,7001,False,MATCH
0.5,121,8,d,1606;2240;2444;4068;4393;5759;6445;6797,uuuuuuud,1;2;3;4;5;6;7;8,1;3;4;5;6;7;2;8,7,5,2;3;4;5;6,2:invisible;3:invisible;4:invisible;5:invisible;6:invisible,0,5,False,6797,d,6797,False,MATCH
0.5,910,6,u,1607;3570;3610;4517;5739;6114,uuuuuu,1;2;3;4;5;6,2;1;3;4;5;6,5,1,1,1:invisible,0,1,False,6114,u,6114,False,MATCH
0.5,1117,5,u,1609;2049;2069;5994;7335,uuuuu,1;2;3;4;5,1;2;3;5;4,4,1,4,4:descent,1,0,True,5994,u,7335,True,STALE_WINS
0.5,218,18,u,1610;1903;1981;2019;2132;2577;3336;3760;4444;5344;5719;6089;6169;6206;6512;6692;6731;6908,uuuuuuuuuuuuuuuuuu,1;2;3;4;5;6;7;8;9;10;11;12;13;14;15;16;17;18,2;1;3;4;6;7;8;9;5;11;12;10;14;13;15;16;18;17,17,9,1;5;6;7;8;10;11;13;17,1:invisible;5:invisible;6:invisible;7:invisible;8:invisible;10:invisible;11:invisible;13:invisible;17:descent,1,8,True,6731,u,6908,True,STALE_WINS
0.5,20,2,u,1611;2378,uu,1;2,2;1,1,1,1,1:descent,1,0,True,1611,u,2378,True,STALE_WINS
0.5,795,5,u,1613;3244;5076;6563;7344,uuuuu,1;2;3;4;5,1;2;3;4;5,4,0,-,-,0,0,False,7344,u,7344,False,MATCH
0.5,664,7,u,1616;2041;3976;4412;4524;6667;7027,uuuuuuu,1;2;3;4;5;6;7,1;3;4;2;6;7;5,6,4,2;3;5;6,2:invisible;3:invisible;5:invisible;6:descent,1,3,True,6667,u,7027,True,STALE_WINS
0.5,729,5,u,1617;1979;2367;3455;4034,uuuuu,1;2;3;4;5,2;3;4;5;1,4,4,1;2;3;4,1:invisible;2:invisible;3:invisible;4:descent,1,3,True,3455,u,4034,True,STALE_WINS
0.5,440,9,d,1619;2088;2504;3528;4739;5867;6947;6957;7243,uuuuuuuud,1;2;3;4;5;6;7;8;9,2;1;3;4;6;7;5;8;9,8,3,1;5;6,1:invisible;5:invisible;6:invisible,0,3,False,7243,d,7243,False,MATCH
0.5,730,7,u,1620;1953;3054;6493;6588;6921;7128,uuuuuuu,1;2;3;4;5;6;7,2;1;3;4;6;7;5,6,3,1;5;6,1:invisible;5:invisible;6:descent,1,2,True,6921,u,7128,True,STALE_WINS
0.5,710,2,u,1623;3245,uu,1;2,2;1,1,1,1,1:descent,1,0,True,1623,u,3245,True,STALE_WINS
0.5,3,3,u,1625;2120;2537,uuu,1;2;3,2;3;1,2,2,1;2,1:invisible;2:descent,1,1,True,2120,u,2537,True,STALE_WINS
0.5,718,5,d,1627;3779;3978;4076;5589,uuuud,1;2;3;4;5,2;3;4;1;5,4,3,1;2;3,1:invisible;2:invisible;3:invisible,0,3,False,5589,d,5589,False,MATCH
0.5,484,6,u,1628;1759;2613;3622;5903;5976,uuuuuu,1;2;3;4;5;6,2;3;1;4;5;6,5,2,1;2,1:invisible;2:invisible,0,2,False,5976,u,5976,False,MATCH
0.5,434,6,u,1629;2597;2819;3285;4144;6803,uuuuuu,1;2;3;4;5;6,2;3;4;5;1;6,5,4,1;2;3;4,1:invisible;2:invisible;3:invisible;4:invisible,0,4,False,6803,u,6803,False,MATCH
0.5,641,15,u,1630;1696;1857;1907;2773;3127;3142;3284;3595;3606;4122;5708;5977;6077;6452,uuuuuuuuuuuuuuu,1;2;3;4;5;6;7;8;9;10;11;12;13;14;15,1;2;4;3;6;5;7;8;9;10;12;11;13;14;15,14,3,3;5;11,3:invisible;5:invisible;11:invisible,0,3,False,6452,u,6452,False,MATCH
0.5,651,12,c,1633;1794;1957;2638;2811;2923;3903;5565;5783;6157;6884;6892,uuuuuuuuuudc,1;2;3;4;5;6;7;8;9;10;11;12,1;2;4;3;5;6;7;9;8;10;12;11,11,3,3;8;11,3:invisible;8:invisible;11:descent,1,2,True,6884,d,6892,True,MISSING_CURRENT
0.5,79,4,u,1635;3538;5314;6830,uuuu,1;2;3;4,2;1;4;3,3,2,1;3,1:invisible;3:descent,1,1,True,5314,u,6830,True,STALE_WINS
0.5,1211,11,c,1637;1814;2185;2213;2286;4140;4545;6238;7167;7213;7247,cuuuuuuuudc,1;2;3;4;5;6;7;8;9;10;11,1;3;4;5;2;7;6;9;10;11;8,10,7,2;3;4;6;8;9;10,2:invisible;3:invisible;4:invisible;6:invisible;8:invisible;9:invisible;10:descent,1,6,True,7213,d,7247,True,MISSING_CURRENT
0.5,1068,2,u,1638;2323,uu,1;2,2;1,1,1,1,1:descent,1,0,True,1638,u,2323,True,STALE_WINS
0.5,767,7,u,1640;2741;2815;4031;4618;5351;6847,uuuuuuu,1;2;3;4;5;6;7,1;3;2;4;5;7;6,6,2,2;6,2:invisible;6:descent,1,1,True,5351,u,6847,True,STALE_WINS
0.5,1131,1,u,1647,u,1,1,0,0,-,-,0,0,False,1647,u,1647,False,MATCH
0.5,771,6,d,1648;3058;3214;5194;6538;7191,uuuuud,1;2;3;4;5;6,1;3;2;4;6;5,5,2,2;5,2:invisible;5:descent,1,1,True,6538,u,7191,True,GHOST
0.5,44,1,u,1652,u,1,1,0,0,-,-,0,0,False,1652,u,1652,False,MATCH
0.5,808,4,u,1653;2402;4446;5897,uuuu,1;2;3;4,1;2;3;4,3,0,-,-,0,0,False,5897,u,5897,False,MATCH
0.5,781,5,d,1655;2092;2352;6648;7035,uuuud,1;2;3;4;5,2;3;4;1;5,4,3,1;2;3,1:invisible;2:invisible;3:invisible,0,3,False,7035,d,7035,False,MATCH
0.5,468,2,u,1656;5503,uu,1;2,2;1,1,1,1,1:descent,1,0,True,1656,u,5503,True,STALE_WINS
0.5,828,27,u,1660;1892;1950;2085;2150;2179;2318;2733;3070;3085;3301;3339;3852;3902;4242;4512;4787;4979;5823;5878;6607;6645;6815;6861;7031;7216;7230,uuuuuuuuuuuuuuuuuuuuuuuuuuu,1;2;3;4;5;6;7;8;9;10;11;12;13;14;15;16;17;18;19;20;21;22;23;24;25;26;27,2;3;1;4;5;7;8;6;10;11;9;12;13;14;16;17;15;18;20;21;19;22;24;25;23;27;26,26,13,1;2;6;7;9;10;15;16;19;20;23;24;26,1:invisible;2:invisible;6:invisible;7:invisible;9:invisible;10:invisible;15:invisible;16:invisible;19:invisible;20:invisible;23:invisible;24:invisible;26:descent,1,12,True,7216,u,7230,True,STALE_WINS
0.5,273,1,u,1661,u,1,1,0,0,-,-,0,0,False,1661,u,1661,False,MATCH
0.5,127,7,u,1662;2703;3598;3602;3991;6660;7315,uuuuuuu,1;2;3;4;5;6;7,1;2;3;4;5;6;7,6,0,-,-,0,0,False,7315,u,7315,False,MATCH
0.5,750,6,u,1663;2024;3905;4250;5440;5811,uuuuuu,1;2;3;4;5;6,2;1;3;4;6;5,5,2,1;5,1:invisible;5:descent,1,1,True,5440,u,5811,True,STALE_WINS
0.5,590,6,u,1664;2652;5333;6267;7039;7081,uuuuuu,1;2;3;4;5;6,1;2;3;5;4;6,5,1,4,4:invisible,0,1,False,7081,u,7081,False,MATCH
0.5,212,3,u,1665;5005;7055,uuu,1;2;3,1;2;3,2,0,-,-,0,0,False,7055,u,7055,False,MATCH
0.5,426,11,c,1666;2047;2549;2553;2782;3126;3461;4662;5122;5592;6380,uuuuuuuuudc,1;2;3;4;5;6;7;8;9;10;11,2;3;4;1;5;7;6;8;10;9;11,10,5,1;2;3;6;9,1:invisible;2:invisible;3:invisible;6:invisible;9:invisible,0,5,False,6380,c,6380,False,MATCH
0.5,830,2,d,1667;7349,ud,1;2,1;2,1,0,-,-,0,0,False,7349,d,7349,False,MATCH
0.5,65,5,c,1669;2831;3263;4268;6858,uuudc,1;2;3;4;5,1;3;2;5;4,4,2,2;4,2:invisible;4:descent,1,1,True,4268,d,6858,True,MISSING_CURRENT
0.5,783,9,u,1670;1685;5114;5245;5376;5542;5832;6244;6330,uuuuuuuuu,1;2;3;4;5;6;7;8;9,2;1;3;5;6;7;8;9;4,8,6,1;4;5;6;7;8,1:invisible;4:invisible;5:invisible;6:invisible;7:invisible;8:descent,1,5,True,6244,u,6330,True,STALE_WINS
0.5,1226,2,u,1671;6357,cu,1;2,1;2,1,0,-,-,0,0,False,6357,u,6357,False,MATCH
0.5,1045,14,u,1675;1719;2214;2405;3077;3235;3558;3680;3999;4101;4425;4849;5457;6972,uuuuuuuuuuuuuu,1;2;3;4;5;6;7;8;9;10;11;12;13;14,2;1;4;5;3;7;8;6;10;11;9;12;13;14,13,7,1;3;4;6;7;9;10,1:invisible;3:invisible;4:invisible;6:invisible;7:invisible;9:invisible;10:invisible,0,7,False,6972,u,6972,False,MATCH
0.5,73,13,d,1677;2068;2146;2580;2658;3350;3582;3797;3893;4070;4365;4951;5625,uuuuuuuuuuuud,1;2;3;4;5;6;7;8;9;10;11;12;13,2;3;1;4;6;5;8;7;9;11;10;12;13,12,5,1;2;5;7;10,1:invisible;2:invisible;5:invisible;7:invisible;10:invisible,0,5,False,5625,d,5625,False,MATCH
0.5,1014,7,u,1679;1688;2249;4418;4712;5018;7324,uuuuuuu,1;2;3;4;5;6;7,2;1;4;3;6;5;7,6,3,1;3;5,1:invisible;3:invisible;5:invisible,0,3,False,7324,u,7324,False,MATCH
0.5,444,2,u,1682;5645,uu,1;2,2;1,1,1,1,1:descent,1,0,True,1682,u,5645,True,STALE_WINS
0.5,476,2,u,1684;6293,uu,1;2,2;1,1,1,1,1:descent,1,0,True,1684,u,6293,True,STALE_WINS
0.5,606,4,c,1686;2662;4432;5826,uudc,1;2;3;4,1;2;4;3,3,1,3,3:descent,1,0,True,4432,d,5826,True,MISSING_CURRENT
0.5,168,12,u,1687;2660;2705;3342;3652;4415;4645;5071;5353;6200;6849;7345,uuuuuuuuuuuu,1;2;3;4;5;6;7;8;9;10;11;12,2;3;4;5;1;6;7;9;8;11;12;10,11,7,1;2;3;4;8;10;11,1:invisible;2:invisible;3:invisible;4:invisible;8:invisible;10:invisible;11:descent,1,6,True,6849,u,7345,True,STALE_WINS
0.5,297,9,u,1689;1860;3262;3425;3885;4487;4897;6427;6948,uuuuuuuuu,1;2;3;4;5;6;7;8;9,2;1;3;5;4;6;8;9;7,8,4,1;4;7;8,1:invisible;4:invisible;7:invisible;8:descent,1,3,True,6427,u,6948,True,STALE_WINS
0.5,21,12,u,1690;1698;2232;2503;2654;3159;4702;4908;4911;6518;6536;6632,uuuuuuuuuuuu,1;2;3;4;5;6;7;8;9;10;11;12,1;3;4;5;2;6;7;8;9;11;12;10,11,5,2;3;4;10;11,2:invisible;3:invisible;4:invisible;10:invisible;11:descent,1,4,True,6536,u,6632,True,STALE_WINS
0.5,145,9,u,1693;1754;3239;4174;4475;6280;6600;6727;7318,uuuuuuuuu,1;2;3;4;5;6;7;8;9,2;3;1;4;6;5;8;9;7,8,5,1;2;5;7;8,1:invisible;2:invisible;5:invisible;7:invisible;8:descent,1,4,True,6727,u,7318,True,STALE_WINS
0.5,63,2,u,1694;2740,uu,1;2,1;2,1,0,-,-,0,0,False,2740,u,2740,False,MATCH
0.5,271,5,d,1695;2751;4527;5651;7161,uuuud,1;2;3;4;5,2;1;4;3;5,4,2,1;3,1:invisible;3:invisible,0,2,False,7161,d,7161,False,MATCH
0.5,605,3,u,1699;2191;5433,uuu,1;2;3,1;2;3,2,0,-,-,0,0,False,5433,u,5433,False,MATCH
0.5,1080,8,u,1700;1833;2418;2588;4525;5586;6018;6090,uuuuuuuu,1;2;3;4;5;6;7;8,2;1;4;3;6;5;7;8,7,3,1;3;5,1:invisible;3:invisible;5:invisible,0,3,False,6090,u,6090,False,MATCH
0.5,833,6,u,1701;2938;3258;3615;4240;6250,uuuuuu,1;2;3;4;5;6,1;2;3;4;5;6,5,0,-,-,0,0,False,6250,u,6250,False,MATCH
0.5,245,11,u,1703;1726;1729;2762;4384;5784;6311;6965;7134;7153;7211,uuuuuuuuuuu,1;2;3;4;5;6;7;8;9;10;11,2;3;1;4;5;7;6;9;8;10;11,10,4,1;2;6;8,1:invisible;2:invisible;6:invisible;8:invisible,0,4,False,7211,u,7211,False,MATCH
0.5,1120,5,u,1704;1741;2037;5332;6434,uuuuu,1;2;3;4;5,1;2;3;5;4,4,1,4,4:descent,1,0,True,5332,u,6434,True,STALE_WINS
0.5,1206,4,d,1708;2486;3405;4252,cuud,1;2;3;4,2;3;1;4,3,2,1;2,1:invisible;2:invisible,0,2,False,4252,d,4252,False,MATCH
0.5,809,12,u,1709;1962;3892;4388;4421;4514;4838;5413;5951;6292;6519;6919,uuuuuuuuuuuu,1;2;3;4;5;6;7;8;9;10;11;12,1;3;4;2;6;7;5;8;9;11;12;10,11,6,2;3;5;6;10;11,2:invisible;3:invisible;5:invisible;6:invisible;10:invisible;11:descent,1,5,True,6519,u,6919,True,STALE_WINS
0.5,1220,13,c,1710;1982;2130;3349;4139;4746;4766;4961;5529;5808;6141;6486;6709,cuuuuuuuuuudc,1;2;3;4;5;6;7;8;9;10;11;12;13,2;1;4;3;5;7;8;9;6;11;12;13;10,12,8,1;3;6;7;8;10;11;12,1:invisible;3:invisible;6:invisible;7:invisible;8:invisible;10:invisible;11:invisible;12:descent,1,7,True,6486,d,6709,True,MISSING_CURRENT
0.5,1172,5,u,1711;2989;3068;3816;5373,uuuuu,1;2;3;4;5,1;2;3;5;4,4,1,4,4:descent,1,0,True,3816,u,5373,True,STALE_WINS
0.5,611,1,u,1712,u,1,1,0,0,-,-,0,0,False,1712,u,1712,False,MATCH
0.5,236,10,u,1713;2210;3888;4157;4263;4338;4784;5430;6008;7008,uuuuuuuuuu,1;2;3;4;5;6;7;8;9;10,2;3;4;1;5;6;7;8;10;9,9,4,1;2;3;9,1:invisible;2:invisible;3:invisible;9:descent,1,3,True,6008,u,7008,True,STALE_WINS
0.5,1182,11,u,1714;2799;2993;3230;4972;5965;6259;6277;6525;6804;6929,uuuuuuuuuuu,1;2;3;4;5;6;7;8;9;10;11,2;1;3;5;6;4;7;9;8;11;10,10,5,1;4;5;8;10,1:invisible;4:invisible;5:invisible;8:invisible;10:descent,1,4,True,6804,u,6929,True,STALE_WINS
0.5,901,4,d,1715;2898;3440;7015,uuud,1;2;3;4,2;3;4;1,3,3,1;2;3,1:invisible;2:invisible;3:descent,1,2,True,3440,u,7015,True,GHOST
0.5,1229,6,u,1716;2994;3987;5558;6640;7156,cuuuuu,1;2;3;4;5;6,2;1;4;3;5;6,5,2,1;3,1:invisible;3:invisible,0,2,False,7156,u,7156,False,MATCH
0.5,777,4,d,1720;2753;3744;4389,uuud,1;2;3;4,2;1;4;3,3,2,1;3,1:invisible;3:descent,1,1,True,3744,u,4389,True,GHOST
0.5,167,1,u,1721,u,1,1,0,0,-,-,0,0,False,1721,u,1721,False,MATCH
0.5,395,11,d,1722;1796;1855;3337;4424;4728;4809;5153;5523;6474;7022,uuuuuuuuuud,1;2;3;4;5;6;7;8;9;10;11,2;1;3;5;6;4;7;8;9;11;10,10,4,1;4;5;10,1:invisible;4:invisible;5:invisible;10:descent,1,3,True,6474,u,7022,True,GHOST
0.5,768,5,d,1723;1802;2718;5921;7330,uuuud,1;2;3;4;5,2;3;4;5;1,4,4,1;2;3;4,1:invisible;2:invisible;3:invisible;4:descent,1,3,True,5921,u,7330,True,GHOST
0.5,986,1,u,1724,u,1,1,0,0,-,-,0,0,False,1724,u,1724,False,MATCH
0.5,834,3,d,1725;3444;3936,uud,1;2;3,2;3;1,2,2,1;2,1:invisible;2:descent,1,1,True,3444,u,3936,True,GHOST
0.5,165,10,u,1727;2082;2265;2893;3795;4018;4470;5403;5513;5752,uuuuuuuuuu,1;2;3;4;5;6;7;8;9;10,2;1;4;3;6;5;7;9;8;10,9,4,1;3;5;8,1:invisible;3:invisible;5:invisible;8:invisible,0,4,False,5752,u,5752,False,MATCH
0.5,971,15,u,1730;2139;2314;2347;2783;3540;3596;5128;5491;6483;6992;7086;7248;7262;7283,uuuuuuuuuuuuuuu,1;2;3;4;5;6;7;8;9;10;11;12;13;14;15,1;3;4;5;2;7;8;6;10;9;11;12;14;13;15,14,7,2;3;4;6;7;9;13,2:invisible;3:invisible;4:invisible;6:invisible;7:invisible;9:invisible;13:invisible,0,7,False,7283,u,7283,False,MATCH
0.5,1063,13,u,1733;2034;2070;3155;3553;3920;4037;4494;5112;5527;5842;6593;7007,uuuuuuuuuuuuu,1;2;3;4;5;6;7;8;9;10;11;12;13,1;3;2;5;4;6;8;9;10;7;11;13;12,12,6,2;4;7;8;9;12,2:invisible;4:invisible;7:invisible;8:invisible;9:invisible;12:descent,1,5,True,6593,u,7007,True,STALE_WINS
0.5,693,11,u,1734;1881;2290;3563;3588;4166;5379;5813;6001;6099;6751,uuuuuuuuuuu,1;2;3;4;5;6;7;8;9;10;11,2;3;4;5;1;7;6;9;10;11;8,10,8,1;2;3;4;6;8;9;10,1:invisible;2:invisible;3:invisible;4:invisible;6:invisible;8:invisible;9:invisible;10:descent,1,7,True,6099,u,6751,True,STALE_WINS
0.5,242,8,u,1736;2100;2407;2604;4272;5164;5641;7373,uuuuuuuu,1;2;3;4;5;6;7;8,1;3;4;2;5;6;7;8,7,2,2;3,2:invisible;3:invisible,0,2,False,7373,u,7373,False,MATCH
0.5,18,13,u,1738;1868;1876;2279;3762;3863;4681;5338;5414;5741;6111;6341;6952,uuuuuuuuuuuuu,1;2;3;4;5;6;7;8;9;10;11;12;13,2;1;3;5;6;4;7;9;10;11;12;13;8,12,8,1;4;5;8;9;10;11;12,1:invisible;4:invisible;5:invisible;8:invisible;9:invisible;10:invisible;11:invisible;12:descent,1,7,True,6341,u,6952,True,STALE_WINS
0.5,115,5,u,1740;2360;5297;5686;6598,uuuuu,1;2;3;4;5,1;2;3;5;4,4,1,4,4:descent,1,0,True,5686,u,6598,True,STALE_WINS
0.5,299,2,u,1742;2345,uu,1;2,2;1,1,1,1,1:descent,1,0,True,1742,u,2345,True,STALE_WINS
0.5,935,8,c,1743;2275;4273;4955;5196;5561;6956;7139,uuuuuudc,1;2;3;4;5;6;7;8,2;1;4;3;5;7;6;8,7,3,1;3;6,1:invisible;3:invisible;6:invisible,0,3,False,7139,c,7139,False,MATCH
0.5,1040,2,u,1744;4969,uu,1;2,1;2,1,0,-,-,0,0,False,4969,u,4969,False,MATCH
0.5,520,3,d,1745;3264;5202,uud,1;2;3,1;2;3,2,0,-,-,0,0,False,5202,d,5202,False,MATCH
0.5,32,7,d,1746;2696;3428;4243;4953;5710;7065,uuuuuud,1;2;3;4;5;6;7,2;1;3;4;5;6;7,6,1,1,1:invisible,0,1,False,7065,d,7065,False,MATCH
0.5,620,2,u,1747;3433,uu,1;2,1;2,1,0,-,-,0,0,False,3433,u,3433,False,MATCH
0.5,911,4,d,1749;2326;4080;4563,uuud,1;2;3;4,1;2;4;3,3,1,3,3:descent,1,0,True,4080,u,4563,True,GHOST
0.5,759,15,u,1752;1768;1956;2022;2446;3591;3729;4312;4856;4996;5064;5388;5926;7048;7304,uuuuuuuuuuuuuuu,1;2;3;4;5;6;7;8;9;10;11;12;13;14;15,2;3;1;5;4;6;8;7;9;11;12;10;13;15;14,14,7,1;2;4;7;10;11;14,1:invisible;2:invisible;4:invisible;7:invisible;10:invisible;11:invisible;14:descent,1,6,True,7048,u,7304,True,STALE_WINS
0.5,19,9,u,1753;2031;2764;3560;4067;4213;6126;6132;6627,uuuuuuuuu,1;2;3;4;5;6;7;8;9,1;2;4;5;6;3;8;9;7,8,5,3;4;5;7;8,3:invisible;4:invisible;5:invisible;7:invisible;8:descent,1,4,True,6132,u,6627,True,STALE_WINS
0.5,109,5,u,1755;2297;3102;3566;4308,uuuuu,1;2;3;4;5,1;3;2;5;4,4,2,2;4,2:invisible;4:descent,1,1,True,3566,u,4308,True,STALE_WINS
0.5,936,12,u,1756;2509;3353;3910;3974;4688;4989;5131;5758;6246;6370;6630,uuuuuuuuuuuu,1;2;3;4;5;6;7;8;9;10;11;12,1;2;3;4;5;6;7;9;10;8;11;12,11,2,8;9,8:invisible;9:invisible,0,2,False,6630,u,6630,False,MATCH
0.5,801,3,u,1763;2593;4118,uuu,1;2;3,1;2;3,2,0,-,-,0,0,False,4118,u,4118,False,MATCH
0.5,1103,2,u,1764;2157,uu,1;2,1;2,1,0,-,-,0,0,False,2157,u,2157,False,MATCH
0.5,381,8,u,1766;2298;2760;2899;3601;3896;4296;5577,uuuuuuuu,1;2;3;4;5;6;7;8,1;2;4;3;5;6;8;7,7,2,3;7,3:invisible;7:descent,1,1,True,4296,u,5577,True,STALE_WINS
0.5,377,13,u,1769;1882;2627;2788;2952;2999;4216;5509;5814;5944;6067;6461;7357,uuuuuuuuuuuuu,1;2;3;4;5;6;7;8;9;10;11;12;13,1;2;4;3;5;7;8;6;10;11;9;13;12,12,6,3;6;7;9;10;12,3:invisible;6:invisible;7:invisible;9:invisible;10:invisible;12:descent,1,5,True,6461,u,7357,True,STALE_WINS
0.5,921,3,d,1770;3656;5132,uud,1;2;3,2;1;3,2,1,1,1:invisible,0,1,False,5132,d,5132,False,MATCH
0.5,756,6,u,1773;2072;2823;5496;5720;6366,uuuuuu,1;2;3;4;5;6,1;2;4;3;5;6,5,1,3,3:invisible,0,1,False,6366,u,6366,False,MATCH
0.5,1223,13,u,1774;2239;2491;3864;4015;5283;5435;5471;5693;5794;6628;6753;6870,cuuuuuuuuuuuu,1;2;3;4;5;6;7;8;9;10;11;12;13,1;2;3;4;6;5;8;7;9;10;12;13;11,12,4,5;7;11;12,5:invisible;7:invisible;11:invisible;12:descent,1,3,True,6753,u,6870,True,STALE_WINS
0.5,191,13,u,1775;2535;3079;3103;3369;3789;4049;4413;4661;5547;5971;6394;6940,uuuuuuuuuuuuu,1;2;3;4;5;6;7;8;9;10;11;12;13,1;2;3;5;4;7;6;8;10;9;12;11;13,12,4,4;6;9;11,4:invisible;6:invisible;9:invisible;11:invisible,0,4,False,6940,u,6940,False,MATCH
0.5,947,7,u,1776;1824;2737;2853;3682;4528;4915,uuuuuuu,1;2;3;4;5;6;7,2;1;3;4;6;7;5,6,3,1;5;6,1:invisible;5:invisible;6:descent,1,2,True,4528,u,4915,True,STALE_WINS
0.5,526,4,u,1777;3986;5909;7377,uuuu,1;2;3;4,2;3;1;4,3,2,1;2,1:invisible;2:invisible,0,2,False,7377,u,7377,False,MATCH
0.5,1075,4,d,1779;2221;4224;5848,uuud,1;2;3;4,2;3;4;1,3,3,1;2;3,1:invisible;2:invisible;3:descent,1,2,True,4224,u,5848,True,GHOST
0.5,238,5,u,1780;1799;2598;4604;7256,uuuuu,1;2;3;4;5,1;3;4;2;5,4,2,2;3,2:invisible;3:invisible,0,2,False,7256,u,7256,False,MATCH
0.5,472,4,c,1781;3732;6188;7181,uudc,1;2;3;4,1;2;4;3,3,1,3,3:descent,1,0,True,6188,d,7181,True,MISSING_CURRENT
0.5,337,13,c,1784;2538;2646;3382;3549;4332;4927;5476;6013;6629;6826;6887;6902,uuuuuuuuuuudc,1;2;3;4;5;6;7;8;9;10;11;12;13,1;3;4;2;6;7;5;9;10;8;12;11;13,12,7,2;3;5;6;8;9;11,2:invisible;3:invisible;5:invisible;6:invisible;8:invisible;9:invisible;11:invisible,0,7,False,6902,c,6902,False,MATCH
0.5,1128,3,c,1786;5067;7252,udc,1;2;3,1;3;2,2,1,2,2:descent,1,0,True,5067,d,7252,True,MISSING_CURRENT
0.5,43,14,u,1788;1924;2457;3183;3274;3922;3995;4091;5078;5111;5412;5771;6271;6615,uuuuuuuuuuuuuu,1;2;3;4;5;6;7;8;9;10;11;12;13;14,2;1;4;3;6;5;8;7;10;11;9;12;13;14,13,6,1;3;5;7;9;10,1:invisible;3:invisible;5:invisible;7:invisible;9:invisible;10:invisible,0,6,False,6615,u,6615,False,MATCH
0.5,100,3,u,1789;4884;5252,uuu,1;2;3,2;1;3,2,1,1,1:invisible,0,1,False,5252,u,5252,False,MATCH
0.5,144,2,u,1790;2387,uu,1;2,1;2,1,0,-,-,0,0,False,2387,u,2387,False,MATCH
0.5,793,11,u,1791;1971;2452;2605;3685;3707;4896;5661;6251;6480;6748,uuuuuuuuuuu,1;2;3;4;5;6;7;8;9;10;11,1;3;2;5;6;4;7;9;10;8;11,10,5,2;4;5;8;9,2:invisible;4:invisible;5:invisible;8:invisible;9:invisible,0,5,False,6748,u,6748,False,MATCH
0.5,142,6,u,1795;2101;4079;4847;5083;7150,uuuuuu,1;2;3;4;5;6,1;3;2;5;4;6,5,2,2;4,2:invisible;4:invisible,0,2,False,7150,u,7150,False,MATCH
0.5,709,14,u,1800;2035;2603;2666;3063;4044;4050;4317;5860;6155;6320;6322;7325;7401,uuuuuuuuuuuuuu,1;2;3;4;5;6;7;8;9;10;11;12;13;14,1;3;2;4;5;7;6;8;10;11;9;12;13;14,13,4,2;6;9;10,2:invisible;6:invisible;9:invisible;10:invisible,0,4,False,7401,u,7401,False,MATCH
0.5,708,17,u,1803;1832;2280;2400;2591;2883;3223;4115;4385;4660;5031;5277;5299;5890;6361;6891;7021,uuuuuuuuuuuuuuuuu,1;2;3;4;5;6;7;8;9;10;11;12;13;14;15;16;17,1;3;4;2;6;7;8;9;5;11;10;13;12;15;14;16;17,16,9,2;3;5;6;7;8;10;12;14,2:invisible;3:invisible;5:invisible;6:invisible;7:invisible;8:invisible;10:invisible;12:invisible;14:invisible,0,9,False,7021,u,7021,False,MATCH
0.5,53,12,u,1805;1954;3105;3150;3494;4283;5102;5247;5731;5955;6420;6662,uuuuuuuuuuuu,1;2;3;4;5;6;7;8;9;10;11;12,2;3;1;5;4;7;8;9;6;11;10;12,11,7,1;2;4;6;7;8;10,1:invisible;2:invisible;4:invisible;6:invisible;7:invisible;8:invisible;10:invisible,0,7,False,6662,u,6662,False,MATCH
0.5,841,8,d,1806;2769;2917;3580;5575;5639;7146;7263,uuuuuuud,1;2;3;4;5;6;7;8,1;2;4;3;6;7;5;8,7,3,3;5;6,3:invisible;5:invisible;6:invisible,0,3,False,7263,d,7263,False,MATCH
0.5,843,3,u,1807;5038;6368,uuu,1;2;3,1;3;2,2,1,2,2:descent,1,0,True,5038,u,6368,True,STALE_WINS
0.5,1189,2,u,1810;5650,uu,1;2,2;1,1,1,1,1:descent,1,0,True,1810,u,5650,True,STALE_WINS
0.5,997,8,u,1811;3175;3399;4622;5004;5069;5736;6287,uuuuuuuu,1;2;3;4;5;6;7;8,2;3;1;5;6;7;4;8,7,5,1;2;4;5;6,1:invisible;2:invisible;4:invisible;5:invisible;6:invisible,0,5,False,6287,u,6287,False,MATCH
0.5,941,2,u,1812;7162,uu,1;2,1;2,1,0,-,-,0,0,False,7162,u,7162,False,MATCH
0.5,282,13,u,1816;1854;2079;2678;2767;3061;3130;3919;4680;4883;5214;5992;6816,uuuuuuuuuuuuu,1;2;3;4;5;6;7;8;9;10;11;12;13,1;2;4;3;6;5;8;7;10;9;12;11;13,12,5,3;5;7;9;11,3:invisible;5:invisible;7:invisible;9:invisible;11:invisible,0,5,False,6816,u,6816,False,MATCH
0.5,446,7,u,1819;2166;2193;4021;6256;6977;7205,uuuuuuu,1;2;3;4;5;6;7,1;3;4;5;2;6;7,6,3,2;3;4,2:invisible;3:invisible;4:invisible,0,3,False,7205,u,7205,False,MATCH
0.5,700,4,u,1821;5316;6484;6547,uuuu,1;2;3;4,1;3;2;4,3,1,2,2:invisible,0,1,False,6547,u,6547,False,MATCH
0.5,976,9,u,1822;2447;2909;3858;4327;5079;5149;5554;7032,uuuuuuuuu,1;2;3;4;5;6;7;8;9,1;3;4;5;6;7;2;8;9,8,5,2;3;4;5;6,2:invisible;3:invisible;4:invisible;5:invisible;6:invisible,0,5,False,7032,u,7032,False,MATCH
0.5,303,4,u,1825;3439;4596;6637,uuuu,1;2;3;4,2;1;3;4,3,1,1,1:invisible,0,1,False,6637,u,6637,False,MATCH
0.5,596,3,c,1827;4942;6124,udc,1;2;3,1;2;3,2,0,-,-,0,0,False,6124,c,6124,False,MATCH
0.5,1203,2,u,1829;1869,cu,1;2,2;1,1,1,1,1:descent,1,0,True,1829,c,1869,True,STALE_WINS
0.5,101,9,d,1830;2264;2348;3860;5058;5097;5142;6204;7228,uuuuuuuud,1;2;3;4;5;6;7;8;9,2;3;4;1;5;7;8;9;6,8,6,1;2;3;6;7;8,1:invisible;2:invisible;3:invisible;6:invisible;7:invisible;8:descent,1,5,True,6204,u,7228,True,GHOST
0.5,196,9,d,1831;2294;3725;4790;4825;5089;6782;7306;7347,uuuuuuuud,1;2;3;4;5;6;7;8;9,1;3;2;5;6;7;8;9;4,8,6,2;4;5;6;7;8,2:invisible;4:invisible;5:invisible;6:invisible;7:invisible;8:descent,1,5,True,7306,u,7347,True,GHOST
0.5,1073,12,u,1834;3062;3312;3646;3934;3966;4356;4461;4756;5948;6631;7389,uuuuuuuuuuuu,1;2;3;4;5;6;7;8;9;10;11;12,2;3;4;1;5;7;6;9;8;10;11;12,11,5,1;2;3;6;8,1:invisible;2:invisible;3:invisible;6:invisible;8:invisible,0,5,False,7389,u,7389,False,MATCH
0.5,1034,6,u,1835;2109;2186;2622;3237;3273,uuuuuu,1;2;3;4;5;6,1;3;4;2;5;6,5,2,2;3,2:invisible;3:invisible,0,2,False,3273,u,3273,False,MATCH
0.5,413,6,u,1836;2790;3356;4465;5401;6349,uuuuuu,1;2;3;4;5;6,2;3;4;1;6;5,5,4,1;2;3;5,1:invisible;2:invisible;3:invisible;5:descent,1,3,True,5401,u,6349,True,STALE_WINS
0.5,1213,2,u,1837;4227,cu,1;2,1;2,1,0,-,-,0,0,False,4227,u,4227,False,MATCH
0.5,570,4,u,1838;1905;2499;3713,uuuu,1;2;3;4,1;2;4;3,3,1,3,3:descent,1,0,True,2499,u,3713,True,STALE_WINS
0.5,403,5,u,1839;2364;3961;4419;5270,uuuuu,1;2;3;4;5,1;3;2;4;5,4,1,2,2:invisible,0,1,False,5270,u,5270,False,MATCH
0.5,1036,4,u,1840;2128;3288;3740,uuuu,1;2;3;4,1;3;2;4,3,1,2,2:invisible,0,1,False,3740,u,3740,False,MATCH
0.5,883,9,u,1844;2346;2492;4014;4247;4541;4973;5037;5504,uuuuuuuuu,1;2;3;4;5;6;7;8;9,1;3;2;5;6;7;4;8;9,8,4,2;4;5;6,2:invisible;4:invisible;5:invisible;6:invisible,0,4,False,5504,u,5504,False,MATCH
0.5,760,3,u,1845;3493;5293,uuu,1;2;3,1;2;3,2,0,-,-,0,0,False,5293,u,5293,False,MATCH
0.5,510,6,u,1847;3325;4571;4789;5356;6724,uuuuuu,1;2;3;4;5;6,2;1;3;4;5;6,5,1,1,1:invisible,0,1,False,6724,u,6724,False,MATCH
0.5,1099,6,u,1848;3507;3887;5110;5666;6877,uuuuuu,1;2;3;4;5;6,1;3;2;5;6;4,5,3,2;4;5,2:invisible;4:invisible;5:descent,1,2,True,5666,u,6877,True,STALE_WINS
0.5,1007,9,d,1849;1922;3265;3637;3752;4480;4895;6044;6735,uuuuuuuud,1;2;3;4;5;6;7;8;9,2;1;3;4;6;5;7;8;9,8,2,1;5,1:invisible;5:invisible,0,2,False,6735,d,6735,False,MATCH
0.5,1049,13,u,1859;2731;2759;2816;2888;2934;3338;4627;4975;5590;7025;7354;7367,uuuuuuuuuuuuu,1;2;3;4;5;6;7;8;9;10;11;12;13,1;3;4;5;2;7;6;9;8;11;12;13;10,12,8,2;3;4;6;8;10;11;12,2:invisible;3:invisible;4:invisible;6:invisible;8:invisible;10:invisible;11:invisible;12:descent,1,7,True,7354,u,7367,True,STALE_WINS
0.5,1212,16,u,1862;1960;2257;2695;3091;3360;3938;4061;4349;5098;5837;6252;6279;6495;6583;7151,cuuuuuuuuuuuuuuu,1;2;3;4;5;6;7;8;9;10;11;12;13;14;15;16,1;3;4;5;6;7;8;2;9;10;12;13;14;15;16;11,15,11,2;3;4;5;6;7;11;12;13;14;15,2:invisible;3:invisible;4:invisible;5:invisible;6:invisible;7:invisible;11:invisible;12:invisible;13:invisible;14:invisible;15:descent,1,10,True,6583,u,7151,True,STALE_WINS
0.5,62,9,d,1872;1944;2014;2979;3366;3381;4313;4554;5602,uuuuuuuud,1;2;3;4;5;6;7;8;9,1;2;3;4;6;7;5;8;9,8,2,5;6,5:invisible;6:invisible,0,2,False,5602,d,5602,False,MATCH
0.5,350,2,u,1873;6352,uu,1;2,1;2,1,0,-,-,0,0,False,6352,u,6352,False,MATCH
0.5,655,10,u,1874;2211;2691;2856;3783;3809;4170;6119;6123;7114,uuuuuuuuuu,1;2;3;4;5;6;7;8;9;10,1;2;3;4;5;7;6;8;10;9,9,2,6;9,6:invisible;9:descent,1,1,True,6123,u,7114,True,STALE_WINS
0.5,1186,3,u,1875;3866;6626,uuu,1;2;3,2;3;1,2,2,1;2,1:invisible;2:descent,1,1,True,3866,u,6626,True,STALE_WINS
0.5,459,16,c,1877;2032;2787;3056;3076;3293;4262;4360;4599;4901;5717;6084;6570;6771;6890;7145,uuuuuuuuuuuuuudc,1;2;3;4;5;6;7;8;9;10;11;12;13;14;15;16,1;2;3;4;6;7;5;9;8;10;11;12;13;14;15;16,15,3,5;6;8,5:invisible;6:invisible;8:invisible,0,3,False,7145,c,7145,False,MATCH
0.5,113,7,u,1878;2229;2720;2998;3279;5404;5898,uuuuuuu,1;2;3;4;5;6;7,1;3;2;4;6;5;7,6,2,2;5,2:invisible;5:invisible,0,2,False,5898,u,5898,False,MATCH
0.5,96,3,u,1879;3443;5986,uuu,1;2;3,2;1;3,2,1,1,1:invisible,0,1,False,5986,u,5986,False,MATCH
0.5,293,8,u,1880;2375;2611;3275;4189;5548;6693;7003,uuuuuuuu,1;2;3;4;5;6;7;8,2;1;3;5;6;7;8;4,7,5,1;4;5;6;7,1:invisible;4:invisible;5:invisible;6:invisible;7:descent,1,4,True,6693,u,7003,True,STALE_WINS
0.5,419,8,u,1883;2308;2389;2482;5199;5309;6664;6827,uuuuuuuu,1;2;3;4;5;6;7;8,1;3;4;2;5;7;8;6,7,4,2;3;6;7,2:invisible;3:invisible;6:invisible;7:descent,1,3,True,6664,u,6827,True,STALE_WINS
0.5,825,2,d,1884;4968,ud,1;2,2;1,1,1,1,1:descent,1,0,True,1884,u,4968,True,GHOST
0.5,492,1,u,1886,u,1,1,0,0,-,-,0,0,False,1886,u,1886,False,MATCH
0.5,1158,4,d,1888;2424;5861;6909,uuud,1;2;3;4,1;2;4;3,3,1,3,3:descent,1,0,True,5861,u,6909,True,GHOST
0.5,908,2,u,1889;5828,uu,1;2,2;1,1,1,1,1:descent,1,0,True,1889,u,5828,True,STALE_WINS
0.5,766,4,u,1890;3233;5947;6011,uuuu,1;2;3;4,2;3;1;4,3,2,1;2,1:invisible;2:invisible,0,2,False,6011,u,6011,False,MATCH
0.5,28,3,u,1891;2546;2942,uuu,1;2;3,1;2;3,2,0,-,-,0,0,False,2942,u,2942,False,MATCH
0.5,266,1,u,1893,u,1,1,0,0,-,-,0,0,False,1893,u,1893,False,MATCH
0.5,772,6,u,1894;3550;3592;4127;4829;5818,uuuuuu,1;2;3;4;5;6,1;2;3;4;6;5,5,1,5,5:descent,1,0,True,4829,u,5818,True,STALE_WINS
0.5,1156,7,u,1896;2176;2785;3586;5892;6034;6414,uuuuuuu,1;2;3;4;5;6;7,1;2;3;5;6;7;4,6,3,4;5;6,4:invisible;5:invisible;6:descent,1,2,True,6034,u,6414,True,STALE_WINS
0.5,60,5,d,1898;2420;3626;3721;3917,uuuud,1;2;3;4;5,2;3;4;5;1,4,4,1;2;3;4,1:invisible;2:invisible;3:invisible;4:descent,1,3,True,3721,u,3917,True,GHOST
0.5,126,2,u,1899;4474,uu,1;2,2;1,1,1,1,1:descent,1,0,True,1899,u,4474,True,STALE_WINS
0.5,639,16,d,1900;2247;2541;2670;2847;3013;3100;3280;4576;4620;4731;5041;5145;6167;6220;6879,uuuuuuuuuuuuuuud,1;2;3;4;5;6;7;8;9;10;11;12;13;14;15;16,1;3;4;2;6;7;8;9;5;10;11;13;14;12;16;15,15,9,2;3;5;6;7;8;12;13;15,2:invisible;3:invisible;5:invisible;6:invisible;7:invisible;8:invisible;12:invisible;13:invisible;15:descent,1,8,True,6220,u,6879,True,GHOST
0.5,845,3,u,1908;2944;6555,uuu,1;2;3,1;2;3,2,0,-,-,0,0,False,6555,u,6555,False,MATCH
0.5,694,3,u,1910;3122;6666,uuu,1;2;3,2;3;1,2,2,1;2,1:invisible;2:descent,1,1,True,3122,u,6666,True,STALE_WINS
0.5,1137,6,c,1912;2020;2642;3294;3438;4986,uuuudc,1;2;3;4;5;6,1;3;2;4;6;5,5,2,2;5,2:invisible;5:descent,1,1,True,3438,d,4986,True,MISSING_CURRENT
0.5,36,8,c,1916;2161;3007;3082;5522;5932;5949;6975,uuuuuudc,1;2;3;4;5;6;7;8,1;2;4;3;6;7;5;8,7,3,3;5;6,3:invisible;5:invisible;6:invisible,0,3,False,6975,c,6975,False,MATCH
0.5,897,2,u,1918;5902,uu,1;2,2;1,1,1,1,1:descent,1,0,True,1918,u,5902,True,STALE_WINS
0.5,791,6,u,1919;1989;2112;3335;4305;6905,uuuuuu,1;2;3;4;5;6,2;3;1;4;6;5,5,3,1;2;5,1:invisible;2:invisible;5:descent,1,2,True,4305,u,6905,True,STALE_WINS
0.5,1114,6,c,1920;3631;4056;4601;5393;7279,uuuudc,1;2;3;4;5;6,1;2;4;5;3;6,5,2,3;4,3:invisible;4:invisible,0,2,False,7279,c,7279,False,MATCH
0.5,624,1,u,1921,u,1,1,0,0,-,-,0,0,False,1921,u,1921,False,MATCH
0.5,638,4,d,1923;3207;4652;6650,uuud,1;2;3;4,1;3;2;4,3,1,2,2:invisible,0,1,False,6650,d,6650,False,MATCH
0.5,1175,3,u,1925;4196;7109,uuu,1;2;3,1;2;3,2,0,-,-,0,0,False,7109,u,7109,False,MATCH
0.5,536,5,d,1926;1958;4094;4468;4585,uuuud,1;2;3;4;5,1;2;4;5;3,4,2,3;4,3:invisible;4:descent,1,1,True,4468,u,4585,True,GHOST
0.5,24,2,u,1929;6103,uu,1;2,2;1,1,1,1,1:descent,1,0,True,1929,u,6103,True,STALE_WINS
0.5,814,4,u,1931;2824;3576;6093,uuuu,1;2;3;4,1;2;3;4,3,0,-,-,0,0,False,6093,u,6093,False,MATCH
0.5,78,5,u,1933;3086;4149;4667;6649,uuuuu,1;2;3;4;5,1;2;3;5;4,4,1,4,4:descent,1,0,True,4667,u,6649,True,STALE_WINS
0.5,1056,9,u,1936;2171;2187;2832;2940;2996;3737;6254;6507,uuuuuuuuu,1;2;3;4;5;6;7;8;9,2;3;4;1;5;6;7;9;8,8,4,1;2;3;8,1:invisible;2:invisible;3:invisible;8:descent,1,3,True,6254,u,6507,True,STALE_WINS
0.5,308,5,u,1937;3520;3706;3726;4619,uuuuu,1;2;3;4;5,2;3;4;5;1,4,4,1;2;3;4,1:invisible;2:invisible;3:invisible;4:descent,1,3,True,3726,u,4619,True,STALE_WINS
0.5,1083,1,u,1939,u,1,1,0,0,-,-,0,0,False,1939,u,1939,False,MATCH
0.5,861,3,u,1941;2127;4047,uuu,1;2;3,2;3;1,2,2,1;2,1:invisible;2:descent,1,1,True,2127,u,4047,True,STALE_WINS
0.5,811,7,u,1943;3090;3303;3799;5055;6591;6931,uuuuuuu,1;2;3;4;5;6;7,1;3;2;5;6;7;4,6,4,2;4;5;6,2:invisible;4:invisible;5:invisible;6:descent,1,3,True,6591,u,6931,True,STALE_WINS
0.5,371,2,u,1946;4302,uu,1;2,1;2,1,0,-,-,0,0,False,4302,u,4302,False,MATCH
0.5,991,2,u,1951;4106,uu,1;2,1;2,1,0,-,-,0,0,False,4106,u,4106,False,MATCH
0.5,275,8,u,1955;2118;3855;3997;4258;5597;5981;6074,uuuuuuuu,1;2;3;4;5;6;7;8,1;2;4;5;3;6;7;8,7,2,3;4,3:invisible;4:invisible,0,2,False,6074,u,6074,False,MATCH
0.5,461,3,d,1959;4482;5601,uud,1;2;3,2;3;1,2,2,1;2,1:invisible;2:descent,1,1,True,4482,u,5601,True,GHOST
0.5,927,5,u,1961;3124;4016;5235;6523,uuuuu,1;2;3;4;5,2;1;4;3;5,4,2,1;3,1:invisible;3:invisible,0,2,False,6523,u,6523,False,MATCH
0.5,648,1,u,1964,u,1,1,0,0,-,-,0,0,False,1964,u,1964,False,MATCH
0.5,392,7,u,1965;3788;4088;5466;6305;6779;7295,uuuuuuu,1;2;3;4;5;6;7,1;3;2;5;4;6;7,6,2,2;4,2:invisible;4:invisible,0,2,False,7295,u,7295,False,MATCH
0.5,1043,6,u,1966;3045;4134;6829;7197;7390,uuuuuu,1;2;3;4;5;6,1;2;4;3;5;6,5,1,3,3:invisible,0,1,False,7390,u,7390,False,MATCH
0.5,813,4,u,1967;5535;6192;7360,uuuu,1;2;3;4,2;3;1;4,3,2,1;2,1:invisible;2:invisible,0,2,False,7360,u,7360,False,MATCH
0.5,745,5,d,1968;2321;3597;4617;4717,uuuud,1;2;3;4;5,2;3;1;4;5,4,2,1;2,1:invisible;2:invisible,0,2,False,4717,d,4717,False,MATCH
0.5,672,2,d,1972;5340,ud,1;2,1;2,1,0,-,-,0,0,False,5340,d,5340,False,MATCH
0.5,1244,5,u,1975;3821;4531;4564;6062,cuuuu,1;2;3;4;5,2;3;4;1;5,4,3,1;2;3,1:invisible;2:invisible;3:invisible,0,3,False,6062,u,6062,False,MATCH
0.5,964,1,u,1976,u,1,1,0,0,-,-,0,0,False,1976,u,1976,False,MATCH
0.5,595,9,u,1977;3442;3794;3804;4631;6796;6963;7297;7396,uuuuuuuuu,1;2;3;4;5;6;7;8;9,2;1;3;4;6;5;7;9;8,8,3,1;5;8,1:invisible;5:invisible;8:descent,1,2,True,7297,u,7396,True,STALE_WINS
0.5,1204,7,u,1983;3211;4104;4479;5536;6174;7218,cuuuuuu,1;2;3;4;5;6;7,2;3;4;5;1;7;6,6,5,1;2;3;4;6,1:invisible;2:invisible;3:invisible;4:invisible;6:descent,1,4,True,6174,u,7218,True,STALE_WINS
0.5,1252,5,u,1984;3594;3632;3826;6580,cuuuu,1;2;3;4;5,2;1;3;4;5,4,1,1,1:invisible,0,1,False,6580,u,6580,False,MATCH
0.5,416,5,u,1986;3140;4656;4914;6691,uuuuu,1;2;3;4;5,1;2;3;4;5,4,0,-,-,0,0,False,6691,u,6691,False,MATCH
0.5,972,7,u,1987;3822;4650;5180;5614;6056;6928,uuuuuuu,1;2;3;4;5;6;7,2;1;3;5;4;7;6,6,3,1;4;6,1:invisible;4:invisible;6:descent,1,2,True,6056,u,6928,True,STALE_WINS
0.5,786,2,d,1988;5000,ud,1;2,2;1,1,1,1,1:descent,1,0,True,1988,u,5000,True,GHOST
0.5,963,5,u,1991;3839;4386;5302;6336,uuuuu,1;2;3;4;5,2;1;3;4;5,4,1,1,1:invisible,0,1,False,6336,u,6336,False,MATCH
0.5,391,7,u,1992;2004;2143;2625;5243;5506;7085,uuuuuuu,1;2;3;4;5;6;7,2;3;4;1;6;5;7,6,4,1;2;3;5,1:invisible;2:invisible;3:invisible;5:invisible,0,4,False,7085,u,7085,False,MATCH
0.5,150,3,d,1994;3108;6767,uud,1;2;3,1;3;2,2,1,2,2:descent,1,0,True,3108,u,6767,True,GHOST
0.5,345,3,c,1998;5770;5883,udc,1;2;3,1;2;3,2,0,-,-,0,0,False,5883,c,5883,False,MATCH
0.5,967,17,u,1999;2043;2244;2626;2966;3046;3295;3480;4253;4391;4497;4679;4704;6345;6824;7024;7285,uuuuuuuuuuuuuuuuu,1;2;3;4;5;6;7;8;9;10;11;12;13;14;15;16;17,2;3;4;5;1;7;6;9;8;10;11;13;14;15;16;17;12,16,11,1;2;3;4;6;8;12;13;14;15;16,1:invisible;2:invisible;3:invisible;4:invisible;6:invisible;8:invisible;12:invisible;13:invisible;14:invisible;15:invisible;16:descent,1,10,True,7024,u,7285,True,STALE_WINS
0.5,1193,2,u,2000;6091,uu,1;2,2;1,1,1,1,1:descent,1,0,True,2000,u,6091,True,STALE_WINS
0.5,864,7,u,2003;2615;3113;3717;5567;5773;6522,uuuuuuu,1;2;3;4;5;6;7,1;2;4;3;5;7;6,6,2,3;6,3:invisible;6:descent,1,1,True,5773,u,6522,True,STALE_WINS
0.5,1097,9,d,2006;2093;4105;4917;5068;5140;5980;6454;6871,uuuuuuuud,1;2;3;4;5;6;7;8;9,1;2;4;5;3;6;8;7;9,8,3,3;4;7,3:invisible;4:invisible;7:invisible,0,3,False,6871,d,6871,False,MATCH
0.5,755,9,c,2007;2562;2624;2776;3750;4616;4826;5583;7239,uuuuuuudc,1;2;3;4;5;6;7;8;9,1;3;4;5;6;2;7;9;8,8,5,2;3;4;5;8,2:invisible;3:invisible;4:invisible;5:invisible;8:descent,1,4,True,5583,d,7239,True,MISSING_CURRENT
0.5,199,3,u,2008;2488;6218,uuu,1;2;3,2;1;3,2,1,1,1:invisible,0,1,False,6218,u,6218,False,MATCH
0.5,602,6,u,2011;2126;2409;2543;5735;7170,uuuuuu,1;2;3;4;5;6,1;2;3;4;6;5,5,1,5,5:descent,1,0,True,5735,u,7170,True,STALE_WINS
0.5,248,7,u,2013;2500;2517;3873;6337;6843;7393,uuuuuuu,1;2;3;4;5;6;7,1;3;4;2;6;5;7,6,3,2;3;5,2:invisible;3:invisible;5:invisible,0,3,False,7393,u,7393,False,MATCH
0.5,1187,7,u,2016;2566;2806;4214;5139;5219;7164,uuuuuuu,1;2;3;4;5;6;7,1;2;4;5;6;3;7,6,3,3;4;5,3:invisible;4:invisible;5:invisible,0,3,False,7164,u,7164,False,MATCH
0.5,219,2,u,2017;6304,uu,1;2,2;1,1,1,1,1:descent,1,0,True,2017,u,6304,True,STALE_WINS
0.5,427,4,u,2018;5410;7107;7195,uuuu,1;2;3;4,2;1;4;3,3,2,1;3,1:invisible;3:descent,1,1,True,7107,u,7195,True,STALE_WINS
0.5,887,3,u,2023;4066;5617,uuu,1;2;3,1;3;2,2,1,2,2:descent,1,0,True,4066,u,5617,True,STALE_WINS
0.5,617,5,u,2025;4552;5854;6997;7175,uuuuu,1;2;3;4;5,1;3;4;5;2,4,3,2;3;4,2:invisible;3:invisible;4:descent,1,2,True,6997,u,7175,True,STALE_WINS
0.5,98,3,d,2026;5217;5255,uud,1;2;3,2;1;3,2,1,1,1:invisible,0,1,False,5255,d,5255,False,MATCH
0.5,778,3,d,2029;4328;6721,uud,1;2;3,1;3;2,2,1,2,2:descent,1,0,True,4328,u,6721,True,GHOST
0.5,850,3,u,2038;5566;6687,uuu,1;2;3,2;1;3,2,1,1,1:invisible,0,1,False,6687,u,6687,False,MATCH
0.5,548,3,u,2040;3699;5148,uuu,1;2;3,2;1;3,2,1,1,1:invisible,0,1,False,5148,u,5148,False,MATCH
0.5,588,2,u,2044;6644,uu,1;2,1;2,1,0,-,-,0,0,False,6644,u,6644,False,MATCH
0.5,646,5,u,2046;2135;4184;5225;6241,uuuuu,1;2;3;4;5,1;3;4;2;5,4,2,2;3,2:invisible;3:invisible,0,2,False,6241,u,6241,False,MATCH
0.5,1250,5,u,2048;3021;4057;5453;5478,cuuuu,1;2;3;4;5,2;3;1;5;4,4,3,1;2;4,1:invisible;2:invisible;4:descent,1,2,True,5453,u,5478,True,STALE_WINS
0.5,1110,2,u,2050;5360,uu,1;2,2;1,1,1,1,1:descent,1,0,True,2050,u,5360,True,STALE_WINS
0.5,686,8,u,2051;2743;4155;4226;4750;4877;5419;6268,uuuuuuuu,1;2;3;4;5;6;7;8,1;2;4;3;6;5;7;8,7,2,3;5,3:invisible;5:invisible,0,2,False,6268,u,6268,False,MATCH
0.5,1106,7,u,2052;2272;3389;4059;5572;6209;6278,uuuuuuu,1;2;3;4;5;6;7,1;2;3;4;5;6;7,6,0,-,-,0,0,False,6278,u,6278,False,MATCH
0.5,1162,4,d,2053;2744;2876;4701,uuud,1;2;3;4,1;3;4;2,3,2,2;3,2:invisible;3:descent,1,1,True,2876,u,4701,True,GHOST
0.5,790,5,u,2054;2307;3206;4333;5396,uuuuu,1;2;3;4;5,1;3;2;5;4,4,2,2;4,2:invisible;4:descent,1,1,True,4333,u,5396,True,STALE_WINS
0.5,244,5,u,2058;3081;3823;5002;5525,uuuuu,1;2;3;4;5,2;1;4;3;5,4,2,1;3,1:invisible;3:invisible,0,2,False,5525,u,5525,False,MATCH
0.5,2,1,u,2061,u,1,1,0,0,-,-,0,0,False,2061,u,2061,False,MATCH
0.5,738,8,u,2062;3050;4496;4760;5118;5246;5428;5851,uuuuuuuu,1;2;3;4;5;6;7;8,1;3;2;5;6;4;7;8,7,3,2;4;5,2:invisible;4:invisible;5:invisible,0,3,False,5851,u,5851,False,MATCH
0.5,1078,13,u,2063;2830;3065;3249;3306;3959;4613;4665;5046;5234;5714;6020;6379,uuuuuuuuuuuuu,1;2;3;4;5;6;7;8;9;10;11;12;13,1;3;4;5;2;6;8;9;10;11;7;13;12,12,8,2;3;4;7;8;9;10;12,2:invisible;3:invisible;4:invisible;7:invisible;8:invisible;9:invisible;10:invisible;12:descent,1,7,True,6020,u,6379,True,STALE_WINS
0.5,637,3,d,2064;4753;6455,uud,1;2;3,1;3;2,2,1,2,2:descent,1,0,True,4753,u,6455,True,GHOST
0.5,256,1,u,2066,u,1,1,0,0,-,-,0,0,False,2066,u,2066,False,MATCH
0.5,1135,5,u,2067;2485;4367;4785;5664,uuuuu,1;2;3;4;5,1;3;4;2;5,4,2,2;3,2:invisible;3:invisible,0,2,False,5664,u,5664,False,MATCH
0.5,190,9,u,2074;2241;2946;4291;5086;5363;6264;6526;6865,uuuuuuuuu,1;2;3;4;5;6;7;8;9,2;1;3;4;5;7;6;8;9,8,2,1;6,1:invisible;6:invisible,0,2,False,6865,u,6865,False,MATCH
0.5,178,4,u,2075;2106;3441;3516,uuuu,1;2;3;4,1;2;4;3,3,1,3,3:descent,1,0,True,3441,u,3516,True,STALE_WINS
0.5,198,1,u,2076,u,1,1,0,0,-,-,0,0,False,2076,u,2076,False,MATCH
0.5,720,2,u,2078;6051,uu,1;2,2;1,1,1,1,1:descent,1,0,True,2078,u,6051,True,STALE_WINS
0.5,1249,10,d,2084;3327;3395;3475;4290;4395;4669;6104;6255;6730,cuuuuuuuud,1;2;3;4;5;6;7;8;9;10,2;1;3;5;4;6;8;7;10;9,9,4,1;4;7;9,1:invisible;4:invisible;7:invisible;9:descent,1,3,True,6255,u,6730,True,GHOST
0.5,987,1,u,2089,u,1,1,0,0,-,-,0,0,False,2089,u,2089,False,MATCH
0.5,485,1,u,2091,u,1,1,0,0,-,-,0,0,False,2091,u,2091,False,MATCH
0.5,135,5,u,2094;3491;4406;6462;6481,uuuuu,1;2;3;4;5,2;3;1;5;4,4,3,1;2;4,1:invisible;2:invisible;4:descent,1,2,True,6462,u,6481,True,STALE_WINS
0.5,372,20,c,2095;2237;2395;2583;3378;3693;3871;4212;4358;4499;4764;5054;5183;5274;5383;6146;6147;6479;6822;7147,uuuuuuuuuuuuuuuuuudc,1;2;3;4;5;6;7;8;9;10;11;12;13;14;15;16;17;18;19;20,1;2;3;4;5;6;7;9;8;10;11;13;12;15;14;16;17;18;20;19,19,4,8;12;14;19,8:invisible;12:invisible;14:invisible;19:descent,1,3,True,6822,d,7147,True,MISSING_CURRENT
0.5,93,1,u,2096,u,1,1,0,0,-,-,0,0,False,2096,u,2096,False,MATCH
0.5,1054,4,u,2097;2547;5254;6646,uuuu,1;2;3;4,1;3;2;4,3,1,2,2:invisible,0,1,False,6646,u,6646,False,MATCH
0.5,831,4,u,2102;4792;4865;6533,uuuu,1;2;3;4,2;3;4;1,3,3,1;2;3,1:invisible;2:invisible;3:descent,1,2,True,4865,u,6533,True,STALE_WINS
0.5,1001,8,u,2103;2115;2344;2438;4559;5437;5550;6383,uuuuuuuu,1;2;3;4;5;6;7;8,2;1;3;4;6;7;5;8,7,3,1;5;6,1:invisible;5:invisible;6:invisible,0,3,False,6383,u,6383,False,MATCH
0.5,1015,8,c,2104;3410;3878;4206;5438;5687;5938;6989,uuuuuudc,1;2;3;4;5;6;7;8,2;3;1;5;4;6;7;8,7,3,1;2;4,1:invisible;2:invisible;4:invisible,0,3,False,6989,c,6989,False,MATCH
0.5,1009,2,u,2107;4603,uu,1;2,1;2,1,0,-,-,0,0,False,4603,u,4603,False,MATCH
0.5,1240,4,u,2108;2897;4320;7143,cuuu,1;2;3;4,2;3;4;1,3,3,1;2;3,1:invisible;2:invisible;3:descent,1,2,True,4320,u,7143,True,STALE_WINS
0.5,934,18,u,2113;2207;2449;2892;2894;4143;4271;4347;4863;4948;5240;5310;6017;6172;6177;6186;6228;6698,uuuuuuuuuuuuuuuuuu,1;2;3;4;5;6;7;8;9;10;11;12;13;14;15;16;17;18,2;1;3;5;4;6;8;9;10;11;7;13;12;15;14;16;17;18,17,8,1;4;7;8;9;10;12;14,1:invisible;4:invisible;7:invisible;8:invisible;9:invisible;10:invisible;12:invisible;14:invisible,0,8,False,6698,u,6698,False,MATCH
0.5,615,7,u,2114;2837;3774;3971;4311;5349;6433,uuuuuuu,1;2;3;4;5;6;7,2;3;4;5;1;6;7,6,4,1;2;3;4,1:invisible;2:invisible;3:invisible;4:invisible,0,4,False,6433,u,6433,False,MATCH
0.5,228,14,u,2117;2335;2929;3052;3291;3698;3773;3960;5159;5519;5985;5988;6096;6229,uuuuuuuuuuuuuu,1;2;3;4;5;6;7;8;9;10;11;12;13;14,1;2;4;3;5;7;6;8;10;9;11;12;13;14,13,3,3;6;9,3:invisible;6:invisible;9:invisible,0,3,False,6229,u,6229,False,MATCH
0.5,544,7,u,2119;2385;3525;3983;6047;6223;6386,uuuuuuu,1;2;3;4;5;6;7,1;2;4;3;5;7;6,6,2,3;6,3:invisible;6:descent,1,1,True,6223,u,6386,True,STALE_WINS
0.5,827,7,u,2122;3192;3844;5103;5429;5779;5956,uuuuuuu,1;2;3;4;5;6;7,1;3;2;5;6;4;7,6,3,2;4;5,2:invisible;4:invisible;5:invisible,0,3,False,5956,u,5956,False,MATCH
0.5,50,3,u,2124;3846;6298,uuu,1;2;3,1;2;3,2,0,-,-,0,0,False,6298,u,6298,False,MATCH
0.5,46,12,u,2125;2319;2474;2701;3861;4706;4935;5239;5622;6087;6274;7395,uuuuuuuuuuuu,1;2;3;4;5;6;7;8;9;10;11;12,2;3;1;4;5;7;6;9;8;11;10;12,11,5,1;2;6;8;10,1:invisible;2:invisible;6:invisible;8:invisible;10:invisible,0,5,False,7395,u,7395,False,MATCH
0.5,291,6,u,2131;3508;4795;5216;6303;6993,uuuuuu,1;2;3;4;5;6,1;3;4;2;5;6,5,2,2;3,2:invisible;3:invisible,0,2,False,6993,u,6993,False,MATCH
0.5,1170,6,u,2134;4220;4458;5028;5228;6916,uuuuuu,1;2;3;4;5;6,2;1;4;3;5;6,5,2,1;3,1:invisible;3:invisible,0,2,False,6916,u,6916,False,MATCH
0.5,826,4,c,2138;2380;5533;5918,uudc,1;2;3;4,2;3;4;1,3,3,1;2;3,1:invisible;2:invisible;3:descent,1,2,True,5533,d,5918,True,MISSING_CURRENT
0.5,258,3,u,2141;2366;5127,uuu,1;2;3,1;2;3,2,0,-,-,0,0,False,5127,u,5127,False,MATCH
0.5,1234,9,u,2142;3186;4580;5125;5472;5869;6514;6784;7028,cuuuuuuuu,1;2;3;4;5;6;7;8;9,2;1;4;5;6;3;7;9;8,8,5,1;3;4;5;8,1:invisible;3:invisible;4:invisible;5:invisible;8:descent,1,4,True,6784,u,7028,True,STALE_WINS
0.5,205,3,u,2144;6243;7337,uuu,1;2;3,1;2;3,2,0,-,-,0,0,False,7337,u,7337,False,MATCH
0.5,184,3,d,2145;6517;7340,uud,1;2;3,2;1;3,2,1,1,1:invisible,0,1,False,7340,d,7340,False,MATCH
0.5,727,5,u,2149;3190;5312;5934;6934,uuuuu,1;2;3;4;5,2;1;4;3;5,4,2,1;3,1:invisible;3:invisible,0,2,False,6934,u,6934,False,MATCH
0.5,1109,4,u,2162;2813;4042;5715,uuuu,1;2;3;4,2;3;4;1,3,3,1;2;3,1:invisible;2:invisible;3:descent,1,2,True,4042,u,5715,True,STALE_WINS
0.5,33,9,u,2164;3164;3817;4352;5039;5203;5355;6058;6978,uuuuuuuuu,1;2;3;4;5;6;7;8;9,1;2;3;5;4;6;7;9;8,8,2,4;8,4:invisible;8:descent,1,1,True,6058,u,6978,True,STALE_WINS
0.5,192,3,d,2167;5610;6435,uud,1;2;3,1;2;3,2,0,-,-,0,0,False,6435,d,6435,False,MATCH
0.5,579,2,d,2169;5158,ud,1;2,1;2,1,0,-,-,0,0,False,5158,d,5158,False,MATCH
0.5,802,3,u,2173;2802;6306,uuu,1;2;3,2;3;1,2,2,1;2,1:invisible;2:descent,1,1,True,2802,u,6306,True,STALE_WINS
0.5,329,4,u,2174;2600;5347;7034,uuuu,1;2;3;4,2;1;4;3,3,2,1;3,1:invisible;3:descent,1,1,True,5347,u,7034,True,STALE_WINS
0.5,355,4,u,2175;2969;3451;4938,uuuu,1;2;3;4,2;3;1;4,3,2,1;2,1:invisible;2:invisible,0,2,False,4938,u,4938,False,MATCH
0.5,1033,3,u,2180;3644;6443,uuu,1;2;3,1;3;2,2,1,2,2:descent,1,0,True,3644,u,6443,True,STALE_WINS
0.5,290,4,u,2184;2384;2699;3232,uuuu,1;2;3;4,1;3;4;2,3,2,2;3,2:invisible;3:descent,1,1,True,2699,u,3232,True,STALE_WINS
0.5,1183,3,u,2188;2775;7023,uuu,1;2;3,1;3;2,2,1,2,2:descent,1,0,True,2775,u,7023,True,STALE_WINS
0.5,645,3,u,2189;6224;6451,uuu,1;2;3,1;2;3,2,0,-,-,0,0,False,6451,u,6451,False,MATCH
0.5,838,2,u,2190;4120,uu,1;2,1;2,1,0,-,-,0,0,False,4120,u,4120,False,MATCH
0.5,223,9,u,2194;3485;4293;4839;5181;5432;5802;6436;6798,uuuuuuuuu,1;2;3;4;5;6;7;8;9,1;2;3;5;4;7;8;9;6,8,4,4;6;7;8,4:invisible;6:invisible;7:invisible;8:descent,1,3,True,6436,u,6798,True,STALE_WINS
0.5,575,8,u,2195;2512;2671;4163;5289;5364;5868;6184,uuuuuuuu,1;2;3;4;5;6;7;8,2;3;1;5;4;6;8;7,7,4,1;2;4;7,1:invisible;2:invisible;4:invisible;7:descent,1,3,True,5868,u,6184,True,STALE_WINS
0.5,373,2,u,2196;2936,uu,1;2,2;1,1,1,1,1:descent,1,0,True,2196,u,2936,True,STALE_WINS
0.5,1201,7,c,2197;3107;4410;4684;6031;6118;6318,cuuuudc,1;2;3;4;5;6;7,1;3;4;5;2;6;7,6,3,2;3;4,2:invisible;3:invisible;4:invisible,0,3,False,6318,c,6318,False,MATCH
0.5,871,4,u,2199;2745;4036;6970,uuuu,1;2;3;4,2;1;3;4,3,1,1,1:invisible,0,1,False,6970,u,6970,False,MATCH
0.5,237,6,d,2200;2702;3701;4963;6106;6565,uuuuud,1;2;3;4;5;6,2;1;3;4;5;6,5,1,1,1:invisible,0,1,False,6565,d,6565,False,MATCH
0.5,1208,3,u,2201;3964;4885,cuu,1;2;3,1;2;3,2,0,-,-,0,0,False,4885,u,4885,False,MATCH
0.5,794,10,d,2202;2618;3761;3768;4322;4513;5251;5887;6696;6823,uuuuuuuuud,1;2;3;4;5;6;7;8;9;10,2;3;4;5;1;7;6;8;10;9,9,6,1;2;3;4;6;9,1:invisible;2:invisible;3:invisible;4:invisible;6:invisible;9:descent,1,5,True,6696,u,6823,True,GHOST
0.5,1132,4,u,2203;3152;5462;5798,uuuu,1;2;3;4,1;2;4;3,3,1,3,3:descent,1,0,True,5462,u,5798,True,STALE_WINS
0.5,1031,2,u,2204;5096,uu,1;2,2;1,1,1,1,1:descent,1,0,True,2204,u,5096,True,STALE_WINS
0.5,1118,7,u,2205;3011;3022;3048;3504;4729;5817,uuuuuuu,1;2;3;4;5;6;7,2;3;4;1;6;7;5,6,5,1;2;3;5;6,1:invisible;2:invisible;3:invisible;5:invisible;6:descent,1,4,True,4729,u,5817,True,STALE_WINS
0.5,689,3,u,2206;4281;4898,uuu,1;2;3,2;3;1,2,2,1;2,1:invisible;2:descent,1,1,True,4281,u,4898,True,STALE_WINS
0.5,1100,3,d,2215;4834;6513,uud,1;2;3,1;2;3,2,0,-,-,0,0,False,6513,d,6513,False,MATCH
0.5,707,2,u,2216;3704,uu,1;2,2;1,1,1,1,1:descent,1,0,True,2216,u,3704,True,STALE_WINS
0.5,1126,4,u,2217;3629;4954;7155,uuuu,1;2;3;4,2;1;3;4,3,1,1,1:invisible,0,1,False,7155,u,7155,False,MATCH
0.5,502,2,u,2219;7212,uu,1;2,2;1,1,1,1,1:descent,1,0,True,2219,u,7212,True,STALE_WINS
0.5,728,9,u,2222;2390;2595;2988;3332;3927;4762;6814;6897,uuuuuuuuu,1;2;3;4;5;6;7;8;9,2;1;3;4;5;6;7;8;9,8,1,1,1:invisible,0,1,False,6897,u,6897,False,MATCH
0.5,365,11,u,2223;2337;2462;2568;3486;3805;4626;5224;6130;6603;6774,uuuuuuuuuuu,1;2;3;4;5;6;7;8;9;10;11,1;2;3;4;5;7;6;9;8;10;11,10,2,6;8,6:invisible;8:invisible,0,2,False,6774,u,6774,False,MATCH
0.5,687,3,u,2225;5611;5959,uuu,1;2;3,2;3;1,2,2,1;2,1:invisible;2:descent,1,1,True,5611,u,5959,True,STALE_WINS
0.5,549,1,u,2227,u,1,1,0,0,-,-,0,0,False,2227,u,2227,False,MATCH
0.5,26,10,u,2230;2292;2363;2957;3872;4453;4709;5580;6022;6762,uuuuuuuuuu,1;2;3;4;5;6;7;8;9;10,2;3;4;1;5;6;7;8;9;10,9,3,1;2;3,1:invisible;2:invisible;3:invisible,0,3,False,6762,u,6762,False,MATCH
0.5,926,2,u,2233;2768,uu,1;2,2;1,1,1,1,1:descent,1,0,True,2233,u,2768,True,STALE_WINS
0.5,247,5,u,2243;2689;4944;6718;6946,uuuuu,1;2;3;4;5,2;3;4;1;5,4,3,1;2;3,1:invisible;2:invisible;3:invisible,0,3,False,6946,u,6946,False,MATCH
0.5,114,17,u,2245;2477;2672;2840;2875;2962;3616;3785;4913;5445;6159;6219;6425;6485;6569;6838;7400,uuuuuuuuuuuuuuuuu,1;2;3;4;5;6;7;8;9;10;11;12;13;14;15;16;17,1;2;3;5;6;4;7;9;8;11;10;12;14;15;13;17;16,16,7,4;5;8;10;13;14;16,4:invisible;5:invisible;8:invisible;10:invisible;13:invisible;14:invisible;16:descent,1,6,True,6838,u,7400,True,STALE_WINS
0.5,132,9,u,2246;2896;4638;5106;5931;6973;6999;7208;7323,uuuuuuuuu,1;2;3;4;5;6;7;8;9,2;3;1;4;5;7;8;9;6,8,5,1;2;6;7;8,1:invisible;2:invisible;6:invisible;7:invisible;8:descent,1,4,True,7208,u,7323,True,STALE_WINS
0.5,22,4,u,2248;2520;4610;5211,uuuu,1;2;3;4,2;3;1;4,3,2,1;2,1:invisible;2:invisible,0,2,False,5211,u,5211,False,MATCH
0.5,816,2,u,2250;4168,uu,1;2,1;2,1,0,-,-,0,0,False,4168,u,4168,False,MATCH
0.5,487,7,u,2251;3277;3820;4629;5900;6680;7341,uuuuuuu,1;2;3;4;5;6;7,2;3;4;1;5;7;6,6,4,1;2;3;6,1:invisible;2:invisible;3:invisible;6:descent,1,3,True,6680,u,7341,True,STALE_WINS
0.5,528,6,u,2254;2333;2341;3791;6828;7358,uuuuuu,1;2;3;4;5;6,2;1;3;5;6;4,5,3,1;4;5,1:invisible;4:invisible;5:descent,1,2,True,6828,u,7358,True,STALE_WINS
0.5,409,3,u,2258;3777;5937,uuu,1;2;3,1;2;3,2,0,-,-,0,0,False,5937,u,5937,False,MATCH
0.5,820,5,u,2259;3012;3173;5712;5827,uuuuu,1;2;3;4;5,2;3;1;5;4,4,3,1;2;4,1:invisible;2:invisible;4:descent,1,2,True,5712,u,5827,True,STALE_WINS
0.5,898,4,c,2262;2453;2468;3218,uudc,1;2;3;4,1;3;4;2,3,2,2;3,2:invisible;3:descent,1,1,True,2468,d,3218,True,MISSING_CURRENT
0.5,333,8,u,2267;2589;2808;4945;5345;6392;6885;7300,uuuuuuuu,1;2;3;4;5;6;7;8,1;2;4;5;6;3;7;8,7,3,3;4;5,3:invisible;4:invisible;5:invisible,0,3,False,7300,u,7300,False,MATCH
0.5,241,3,u,2268;2791;3812,uuu,1;2;3,1;2;3,2,0,-,-,0,0,False,3812,u,3812,False,MATCH
0.5,519,6,u,2271;3352;3529;3985;5434;6560,uuuuuu,1;2;3;4;5;6,2;3;4;5;6;1,5,5,1;2;3;4;5,1:invisible;2:invisible;3:invisible;4:invisible;5:descent,1,4,True,5434,u,6560,True,STALE_WINS
0.5,214,6,c,2274;2493;2530;4013;5066;6253,uuuudc,1;2;3;4;5;6,2;3;1;5;4;6,5,3,1;2;4,1:invisible;2:invisible;4:invisible,0,3,False,6253,c,6253,False,MATCH
0.5,982,1,u,2276,u,1,1,0,0,-,-,0,0,False,2276,u,2276,False,MATCH
0.5,448,4,u,2278;6082;6197;7392,uuuu,1;2;3;4,1;2;3;4,3,0,-,-,0,0,False,7392,u,7392,False,MATCH
0.5,362,6,u,2282;3172;3253;3939;4930;5515,uuuuuu,1;2;3;4;5;6,1;3;2;5;6;4,5,3,2;4;5,2:invisible;4:invisible;5:descent,1,2,True,4930,u,5515,True,STALE_WINS
0.5,380,4,u,2284;2750;3358;5840,uuuu,1;2;3;4,1;3;4;2,3,2,2;3,2:invisible;3:descent,1,1,True,3358,u,5840,True,STALE_WINS
0.5,263,5,u,2288;5100;5165;5924;6187,uuuuu,1;2;3;4;5,2;1;3;5;4,4,2,1;4,1:invisible;4:descent,1,1,True,5924,u,6187,True,STALE_WINS
0.5,379,3,u,2289;2941;4222,uuu,1;2;3,2;1;3,2,1,1,1:invisible,0,1,False,4222,u,4222,False,MATCH
0.5,174,3,u,2291;2879;6913,uuu,1;2;3,2;1;3,2,1,1,1:invisible,0,1,False,6913,u,6913,False,MATCH
0.5,322,5,u,2295;2376;2431;4153;6408,uuuuu,1;2;3;4;5,2;1;3;4;5,4,1,1,1:invisible,0,1,False,6408,u,6408,False,MATCH
0.5,1119,8,d,2296;2410;3647;3851;4027;4510;4570;5697,uuuuuuud,1;2;3;4;5;6;7;8,1;3;4;5;6;7;8;2,7,6,2;3;4;5;6;7,2:invisible;3:invisible;4:invisible;5:invisible;6:invisible;7:descent,1,5,True,4570,u,5697,True,GHOST
0.5,201,2,d,2299;3386,ud,1;2,1;2,1,0,-,-,0,0,False,3386,d,3386,False,MATCH
0.5,1139,2,u,2300;5465,uu,1;2,1;2,1,0,-,-,0,0,False,5465,u,5465,False,MATCH
0.5,984,2,u,2301;7040,uu,1;2,2;1,1,1,1,1:descent,1,0,True,2301,u,7040,True,STALE_WINS
0.5,788,4,u,2302;4646;6405;7080,uuuu,1;2;3;4,1;3;2;4,3,1,2,2:invisible,0,1,False,7080,u,7080,False,MATCH
0.5,1016,6,u,2303;3515;3517;5634;5724;6143,uuuuuu,1;2;3;4;5;6,1;3;4;2;6;5,5,3,2;3;5,2:invisible;3:invisible;5:descent,1,2,True,5724,u,6143,True,STALE_WINS
0.5,844,10,u,2304;2714;2880;3954;4133;4548;4565;4844;6148;7131,uuuuuuuuuu,1;2;3;4;5;6;7;8;9;10,2;3;1;5;6;7;4;9;10;8,9,7,1;2;4;5;6;8;9,1:invisible;2:invisible;4:invisible;5:invisible;6:invisible;8:invisible;9:descent,1,6,True,6148,u,7131,True,STALE_WINS
0.5,509,1,u,2310,u,1,1,0,0,-,-,0,0,False,2310,u,2310,False,MATCH
0.5,9,5,u,2311;2980;3815;6006;6860,uuuuu,1;2;3;4;5,1;2;4;3;5,4,1,3,3:invisible,0,1,False,6860,u,6860,False,MATCH
0.5,1210,4,u,2312;6164;6671;7094,cuuu,1;2;3;4,2;3;4;1,3,3,1;2;3,1:invisible;2:invisible;3:descent,1,2,True,6671,u,7094,True,STALE_WINS
0.5,202,6,u,2313;3359;3728;4146;5732;6142,uuuuuu,1;2;3;4;5;6,1;2;4;3;5;6,5,1,3,3:invisible,0,1,False,6142,u,6142,False,MATCH
0.5,140,3,u,2315;2322;5833,uuu,1;2;3,2;1;3,2,1,1,1:invisible,0,1,False,5833,u,5833,False,MATCH
0.5,318,3,u,2320;3216;5331,uuu,1;2;3,2;1;3,2,1,1,1:invisible,0,1,False,5331,u,5331,False,MATCH
0.5,289,1,u,2324,u,1,1,0,0,-,-,0,0,False,2324,u,2324,False,MATCH
0.5,51,2,u,2325;4175,uu,1;2,1;2,1,0,-,-,0,0,False,4175,u,4175,False,MATCH
0.5,860,6,u,2328;3667;5352;5502;5863;5871,uuuuuu,1;2;3;4;5;6,1;2;3;5;6;4,5,2,4;5,4:invisible;5:descent,1,1,True,5863,u,5871,True,STALE_WINS
0.5,394,2,u,2329;2738,uu,1;2,2;1,1,1,1,1:descent,1,0,True,2329,u,2738,True,STALE_WINS
0.5,246,7,c,2330;4186;5551;5649;6605;7126;7242,uuuuudc,1;2;3;4;5;6;7,1;3;4;2;6;5;7,6,3,2;3;5,2:invisible;3:invisible;5:invisible,0,3,False,7242,c,7242,False,MATCH
0.5,369,11,u,2334;2836;3317;3380;3655;4099;4770;5657;6590;6746;7362,uuuuuuuuuuu,1;2;3;4;5;6;7;8;9;10;11,1;3;2;4;5;6;7;9;8;11;10,10,3,2;8;10,2:invisible;8:invisible;10:descent,1,2,True,6746,u,7362,True,STALE_WINS
0.5,423,22,u,2336;2932;3456;4236;4462;4593;4952;5173;5540;5543;6092;6136;6263;6346;6441;6624;6636;6672;6763;6976;7092;7257,uuuuuuuuuuuuuuuuuuuuuu,1;2;3;4;5;6;7;8;9;10;11;12;13;14;15;16;17;18;19;20;21;22,1;2;4;3;5;7;8;6;9;11;10;12;14;15;16;17;18;13;19;20;21;22,21,9,3;6;7;10;13;14;15;16;17,3:invisible;6:invisible;7:invisible;10:invisible;13:invisible;14:invisible;15:invisible;16:invisible;17:invisible,0,9,False,7257,u,7257,False,MATCH
0.5,25,1,u,2338,u,1,1,0,0,-,-,0,0,False,2338,u,2338,False,MATCH
0.5,99,2,d,2339;7183,ud,1;2,1;2,1,0,-,-,0,0,False,7183,d,7183,False,MATCH
0.5,775,10,d,2340;2464;3658;3818;5152;5444;6070;6348;7227;7265,uuuuuuuuud,1;2;3;4;5;6;7;8;9;10,1;3;4;2;5;6;8;7;9;10,9,3,2;3;7,2:invisible;3:invisible;7:invisible,0,3,False,7265,d,7265,False,MATCH
0.5,870,3,u,2342;4520;4643,uuu,1;2;3,1;2;3,2,0,-,-,0,0,False,4643,u,4643,False,MATCH
0.5,764,4,u,2343;2433;2772;4999,uuuu,1;2;3;4,2;3;1;4,3,2,1;2,1:invisible;2:invisible,0,2,False,4999,u,4999,False,MATCH
0.5,837,6,d,2349;2807;3163;4881;5157;5524,uuuuud,1;2;3;4;5;6,1;2;4;3;6;5,5,2,3;5,3:invisible;5:descent,1,1,True,5157,u,5524,True,GHOST
0.5,169,3,u,2350;2559;6270,uuu,1;2;3,2;1;3,2,1,1,1:invisible,0,1,False,6270,u,6270,False,MATCH
0.5,356,3,u,2351;7064;7199,uuu,1;2;3,2;3;1,2,2,1;2,1:invisible;2:descent,1,1,True,7064,u,7199,True,STALE_WINS
0.5,973,14,u,2353;2440;2726;3025;3404;3496;4177;4817;5220;5978;6470;6508;6622;6817,uuuuuuuuuuuuuu,1;2;3;4;5;6;7;8;9;10;11;12;13;14,2;3;1;4;5;6;7;9;10;11;8;13;14;12,13,7,1;2;8;9;10;12;13,1:invisible;2:invisible;8:invisible;9:invisible;10:invisible;12:invisible;13:descent,1,6,True,6622,u,6817,True,STALE_WINS
0.5,627,2,u,2355;3578,uu,1;2,2;1,1,1,1,1:descent,1,0,True,2355,u,3578,True,STALE_WINS
0.5,636,3,u,2358;2621;7334,uuu,1;2;3,1;3;2,2,1,2,2:descent,1,0,True,2621,u,7334,True,STALE_WINS
0.5,1134,2,u,2359;5087,uu,1;2,1;2,1,0,-,-,0,0,False,5087,u,5087,False,MATCH
0.5,262,3,u,2365;2709;2937,uuu,1;2;3,1;3;2,2,1,2,2:descent,1,0,True,2709,u,2937,True,STALE_WINS
0.5,547,1,u,2368,u,1,1,0,0,-,-,0,0,False,2368,u,2368,False,MATCH
0.5,779,4,c,2372;2514;6836;7321,uudc,1;2;3;4,2;3;4;1,3,3,1;2;3,1:invisible;2:invisible;3:descent,1,2,True,6836,d,7321,True,MISSING_CURRENT
0.5,546,4,d,2377;3153;3741;4815,uuud,1;2;3;4,2;3;1;4,3,2,1;2,1:invisible;2:invisible,0,2,False,4815,d,4815,False,MATCH
0.5,473,1,u,2381,u,1,1,0,0,-,-,0,0,False,2381,u,2381,False,MATCH
0.5,154,3,u,2386;3940;6021,uuu,1;2;3,1;2;3,2,0,-,-,0,0,False,6021,u,6021,False,MATCH
0.5,619,12,u,2394;2614;2637;2866;5047;5449;5627;5674;6048;6421;6888;7292,uuuuuuuuuuuu,1;2;3;4;5;6;7;8;9;10;11;12,1;3;4;2;6;5;7;8;9;10;11;12,11,3,2;3;5,2:invisible;3:invisible;5:invisible,0,3,False,7292,u,7292,False,MATCH
0.5,55,11,u,2396;2635;3415;3467;3875;4745;5359;5787;6300;7254;7268,uuuuuuuuuuu,1;2;3;4;5;6;7;8;9;10;11,1;3;2;5;6;4;8;9;7;10;11,10,5,2;4;5;7;8,2:invisible;4:invisible;5:invisible;7:invisible;8:invisible,0,5,False,7268,u,7268,False,MATCH
0.5,992,5,u,2397;2471;4697;6501;6785,uuuuu,1;2;3;4;5,2;3;4;1;5,4,3,1;2;3,1:invisible;2:invisible;3:invisible,0,3,False,6785,u,6785,False,MATCH
0.5,1020,1,u,2399,u,1,1,0,0,-,-,0,0,False,2399,u,2399,False,MATCH
0.5,1155,1,u,2401,u,1,1,0,0,-,-,0,0,False,2401,u,2401,False,MATCH
0.5,166,2,u,2403;6531,uu,1;2,2;1,1,1,1,1:descent,1,0,True,2403,u,6531,True,STALE_WINS
0.5,1059,8,d,2404;3316;3463;4436;5040;5681;5952;6728,uuuuuuud,1;2;3;4;5;6;7;8,2;3;4;5;1;7;6;8,7,5,1;2;3;4;6,1:invisible;2:invisible;3:invisible;4:invisible;6:invisible,0,5,False,6728,d,6728,False,MATCH
0.5,1228,5,u,2406;4380;4508;4639;5807,cuuuu,1;2;3;4;5,1;2;3;5;4,4,1,4,4:descent,1,0,True,4639,u,5807,True,STALE_WINS
0.5,564,11,u,2412;2551;2901;3370;3642;4866;5119;6076;6688;6967;7176,uuuuuuuuuuu,1;2;3;4;5;6;7;8;9;10;11,2;1;4;3;6;5;7;8;10;11;9,10,5,1;3;5;9;10,1:invisible;3:invisible;5:invisible;9:invisible;10:descent,1,4,True,6967,u,7176,True,STALE_WINS
0.5,398,3,u,2413;3710;6071,uuu,1;2;3,1;3;2,2,1,2,2:descent,1,0,True,3710,u,6071,True,STALE_WINS
0.5,339,2,u,2415;6557,uu,1;2,2;1,1,1,1,1:descent,1,0,True,2415,u,6557,True,STALE_WINS
0.5,415,2,u,2422;4597,uu,1;2,2;1,1,1,1,1:descent,1,0,True,2422,u,4597,True,STALE_WINS
0.5,229,3,u,2423;5186;7160,uuu,1;2;3,2;1;3,2,1,1,1:invisible,0,1,False,7160,u,7160,False,MATCH
0.5,530,7,u,2425;2494;3015;4773;5074;5365;7260,uuuuuuu,1;2;3;4;5;6;7,1;3;4;2;5;6;7,6,2,2;3,2:invisible;3:invisible,0,2,False,7260,u,7260,False,MATCH
0.5,852,3,d,2427;2575;6331,uud,1;2;3,1;3;2,2,1,2,2:descent,1,0,True,2575,u,6331,True,GHOST
0.5,558,8,d,2429;4112;4228;4287;5528;6138;6545;6601,uuuuuuud,1;2;3;4;5;6;7;8,1;3;2;5;6;4;7;8,7,3,2;4;5,2:invisible;4:invisible;5:invisible,0,3,False,6601,d,6601,False,MATCH
0.5,804,9,u,2430;2434;3144;3205;3365;3671;6202;6375;6559,uuuuuuuuu,1;2;3;4;5;6;7;8;9,1;2;3;5;6;7;4;8;9,8,3,4;5;6,4:invisible;5:invisible;6:invisible,0,3,False,6559,u,6559,False,MATCH
0.5,155,9,u,2435;2659;2771;3074;4188;4648;5137;5320;7381,uuuuuuuuu,1;2;3;4;5;6;7;8;9,2;3;4;1;6;5;7;9;8,8,5,1;2;3;5;8,1:invisible;2:invisible;3:invisible;5:invisible;8:descent,1,4,True,5320,u,7381,True,STALE_WINS
0.5,14,8,u,2441;3351;3911;4689;5021;6743;7179;7250,uuuuuuuu,1;2;3;4;5;6;7;8,2;1;4;5;3;7;8;6,7,5,1;3;4;6;7,1:invisible;3:invisible;4:invisible;6:invisible;7:descent,1,4,True,7179,u,7250,True,STALE_WINS
0.5,489,8,u,2443;2739;2752;2902;3023;3617;4045;5982,uuuuuuuu,1;2;3;4;5;6;7;8,2;3;4;5;1;6;7;8,7,4,1;2;3;4,1:invisible;2:invisible;3:invisible;4:invisible,0,4,False,5982,u,5982,False,MATCH
0.5,1005,5,u,2445;2763;4378;4740;5825,uuuuu,1;2;3;4;5,2;1;3;4;5,4,1,1,1:invisible,0,1,False,5825,u,5825,False,MATCH
0.5,143,6,u,2454;2774;3867;4943;6596;7041,uuuuuu,1;2;3;4;5;6,1;3;4;5;2;6,5,3,2;3;4,2:invisible;3:invisible;4:invisible,0,3,False,7041,u,7041,False,MATCH
0.5,1235,10,u,2455;3227;3396;3836;4781;5024;5866;6465;6515;6602,cuuuuuuuuu,1;2;3;4;5;6;7;8;9;10,1;2;3;5;4;7;6;9;10;8,9,4,4;6;8;9,4:invisible;6:invisible;8:invisible;9:descent,1,3,True,6515,u,6602,True,STALE_WINS
0.5,58,5,u,2458;2809;3890;3931;7371,uuuuu,1;2;3;4;5,1;3;4;2;5,4,2,2;3,2:invisible;3:invisible,0,2,False,7371,u,7371,False,MATCH
0.5,396,1,u,2461,u,1,1,0,0,-,-,0,0,False,2461,u,2461,False,MATCH
0.5,1188,3,u,2463;6281;7110,uuu,1;2;3,1;3;2,2,1,2,2:descent,1,0,True,6281,u,7110,True,STALE_WINS
0.5,230,3,u,2466;4920;5301,uuu,1;2;3,2;1;3,2,1,1,1:invisible,0,1,False,5301,u,5301,False,MATCH
0.5,975,4,c,2467;3078;5108;6391,uudc,1;2;3;4,1;3;4;2,3,2,2;3,2:invisible;3:descent,1,1,True,5108,d,6391,True,MISSING_CURRENT
0.5,970,4,u,2475;4331;7346;7387,uuuu,1;2;3;4,2;1;4;3,3,2,1;3,1:invisible;3:descent,1,1,True,7346,u,7387,True,STALE_WINS
0.5,432,7,u,2476;2920;3519;4064;4805;5895;7402,uuuuuuu,1;2;3;4;5;6;7,2;1;4;5;3;7;6,6,4,1;3;4;6,1:invisible;3:invisible;4:invisible;6:descent,1,3,True,5895,u,7402,True,STALE_WINS
0.5,654,10,u,2478;2565;2757;3557;3956;4469;6075;6373;6387;7173,uuuuuuuuuu,1;2;3;4;5;6;7;8;9;10,2;1;3;5;6;4;8;9;7;10,9,5,1;4;5;7;8,1:invisible;4:invisible;5:invisible;7:invisible;8:invisible,0,5,False,7173,u,7173,False,MATCH
0.5,106,2,u,2479;4767,uu,1;2,2;1,1,1,1,1:descent,1,0,True,2479,u,4767,True,STALE_WINS
0.5,1111,7,u,2481;4325;4879;5402;5929;6766;6979,uuuuuuu,1;2;3;4;5;6;7,2;3;1;5;4;6;7,6,3,1;2;4,1:invisible;2:invisible;4:invisible,0,3,False,6979,u,6979,False,MATCH
0.5,589,2,u,2483;5954,uu,1;2,2;1,1,1,1,1:descent,1,0,True,2483,u,5954,True,STALE_WINS
0.5,989,5,u,2484;2602;4092;4200;5077,uuuuu,1;2;3;4;5,2;1;3;5;4,4,2,1;4,1:invisible;4:descent,1,1,True,4200,u,5077,True,STALE_WINS
0.5,603,2,u,2490;5999,uu,1;2,1;2,1,0,-,-,0,0,False,5999,u,5999,False,MATCH
0.5,742,7,d,2495;3882;5070;5685;6440;6737;6981,uuuuuud,1;2;3;4;5;6;7,1;3;4;2;5;6;7,6,2,2;3,2:invisible;3:invisible,0,2,False,6981,d,6981,False,MATCH
0.5,1092,7,u,2496;2651;4176;5099;5248;5507;6527,uuuuuuu,1;2;3;4;5;6;7,1;2;4;5;3;6;7,6,2,3;4,3:invisible;4:invisible,0,2,False,6527,u,6527,False,MATCH
0.5,625,8,d,2498;2724;2927;3119;3895;4716;5584;7407,uuuuuuud,1;2;3;4;5;6;7;8,2;1;4;5;6;7;8;3,7,6,1;3;4;5;6;7,1:invisible;3:invisible;4:invisible;5:invisible;6:invisible;7:descent,1,5,True,5584,u,7407,True,GHOST
0.5,650,2,u,2502;6939,uu,1;2,2;1,1,1,1,1:descent,1,0,True,2502,u,6939,True,STALE_WINS
0.5,206,9,u,2505;2914;3767;4035;4777;5290;5446;6732;7188,uuuuuuuuu,1;2;3;4;5;6;7;8;9,1;3;4;5;2;7;6;8;9,8,4,2;3;4;6,2:invisible;3:invisible;4:invisible;6:invisible,0,4,False,7188,u,7188,False,MATCH
0.5,493,5,u,2507;5512;6616;6856;7184,uuuuu,1;2;3;4;5,2;3;1;5;4,4,3,1;2;4,1:invisible;2:invisible;4:descent,1,2,True,6856,u,7184,True,STALE_WINS
0.5,1129,2,d,2511;5975,ud,1;2,2;1,1,1,1,1:descent,1,0,True,2511,u,5975,True,GHOST
0.5,807,5,c,2515;3686;4124;4323;5796,uuudc,1;2;3;4;5,1;3;4;5;2,4,3,2;3;4,2:invisible;3:invisible;4:descent,1,2,True,4323,d,5796,True,MISSING_CURRENT
0.5,481,2,u,2519;6476,uu,1;2,2;1,1,1,1,1:descent,1,0,True,2519,u,6476,True,STALE_WINS
0.5,1165,3,c,2525;2594;3829,udc,1;2;3,1;3;2,2,1,2,2:descent,1,0,True,2594,d,3829,True,MISSING_CURRENT
0.5,361,1,u,2528,u,1,1,0,0,-,-,0,0,False,2528,u,2528,False,MATCH
0.5,552,7,u,2532;2919;2982;3412;5335;6240;6503,uuuuuuu,1;2;3;4;5;6;7,2;3;4;5;1;6;7,6,4,1;2;3;4,1:invisible;2:invisible;3:invisible;4:invisible,0,4,False,6503,u,6503,False,MATCH
0.5,516,3,u,2536;5292;7149,uuu,1;2;3,1;3;2,2,1,2,2:descent,1,0,True,5292,u,7149,True,STALE_WINS
0.5,326,2,u,2540;6245,uu,1;2,2;1,1,1,1,1:descent,1,0,True,2540,u,6245,True,STALE_WINS
0.5,39,5,u,2542;2609;6618;6818;7067,uuuuu,1;2;3;4;5,2;1;4;5;3,4,3,1;3;4,1:invisible;3:invisible;4:descent,1,2,True,6818,u,7067,True,STALE_WINS
0.5,68,4,u,2545;3032;3665;4550,uuuu,1;2;3;4,1;3;2;4,3,1,2,2:invisible,0,1,False,4550,u,4550,False,MATCH
0.5,732,2,d,2548;5591,ud,1;2,2;1,1,1,1,1:descent,1,0,True,2548,u,5591,True,GHOST
0.5,551,6,u,2552;3407;5205;5835;6144;7314,uuuuuu,1;2;3;4;5;6,1;3;2;5;6;4,5,3,2;4;5,2:invisible;4:invisible;5:descent,1,2,True,6144,u,7314,True,STALE_WINS
0.5,1022,5,c,2556;3894;4063;5313;6524,uuudc,1;2;3;4;5,1;2;4;3;5,4,1,3,3:invisible,0,1,False,6524,c,6524,False,MATCH
0.5,321,7,u,2560;3782;4540;4699;5221;6463;7298,uuuuuuu,1;2;3;4;5;6;7,2;3;4;1;5;7;6,6,4,1;2;3;6,1:invisible;2:invisible;3:invisible;6:descent,1,3,True,6463,u,7298,True,STALE_WINS
0.5,418,10,u,2564;2918;4001;4232;4430;5481;5899;5974;6105;6987,uuuuuuuuuu,1;2;3;4;5;6;7;8;9;10,1;3;2;5;4;6;7;8;9;10,9,2,2;4,2:invisible;4:invisible,0,2,False,6987,u,6987,False,MATCH
0.5,1256,6,u,2567;2761;3618;4116;4471;4910,cuuuuu,1;2;3;4;5;6,2;3;1;5;6;4,5,4,1;2;4;5,1:invisible;2:invisible;4:invisible;5:descent,1,3,True,4471,u,4910,True,STALE_WINS
0.5,1076,2,u,2578;4575,uu,1;2,2;1,1,1,1,1:descent,1,0,True,2578,u,4575,True,STALE_WINS
0.5,945,14,d,2579;2804;2878;3413;3778;3943;4255;5384;5778;6193;6700;6702;6988;7133,uuuuuuuuuuuuud,1;2;3;4;5;6;7;8;9;10;11;12;13;14,1;2;3;4;6;7;8;5;9;10;11;12;14;13,13,4,5;6;7;13,5:invisible;6:invisible;7:invisible;13:descent,1,3,True,6988,u,7133,True,GHOST
0.5,64,6,u,2585;2643;3589;5222;6478;6825,uuuuuu,1;2;3;4;5;6,2;3;1;5;6;4,5,4,1;2;4;5,1:invisible;2:invisible;4:invisible;5:descent,1,3,True,6478,u,6825,True,STALE_WINS
0.5,1088,10,u,2590;2801;3248;3468;3907;4381;4502;5656;5839;6756,uuuuuuuuuu,1;2;3;4;5;6;7;8;9;10,1;2;3;5;6;4;8;9;10;7,9,5,4;5;7;8;9,4:invisible;5:invisible;7:invisible;8:invisible;9:descent,1,4,True,5839,u,6756,True,STALE_WINS
0.5,958,4,u,2599;3200;4780;6384,uuuu,1;2;3;4,1;3;2;4,3,1,2,2:invisible,0,1,False,6384,u,6384,False,MATCH
0.5,1115,6,u,2601;3167;3185;4398;4707;5120,uuuuuu,1;2;3;4;5;6,2;1;4;5;3;6,5,3,1;3;4,1:invisible;3:invisible;4:invisible,0,3,False,5120,u,5120,False,MATCH
0.5,347,2,u,2607;3854,uu,1;2,2;1,1,1,1,1:descent,1,0,True,2607,u,3854,True,STALE_WINS
0.5,367,4,u,2612;2644;2963;6196,uuuu,1;2;3;4,2;1;3;4,3,1,1,1:invisible,0,1,False,6196,u,6196,False,MATCH
0.5,803,6,u,2628;3121;3950;4292;6295;6579,uuuuuu,1;2;3;4;5;6,2;3;4;5;6;1,5,5,1;2;3;4;5,1:invisible;2:invisible;3:invisible;4:invisible;5:descent,1,4,True,6295,u,6579,True,STALE_WINS
0.5,733,5,u,2629;2855;5336;5942;5966,uuuuu,1;2;3;4;5,2;3;4;1;5,4,3,1;2;3,1:invisible;2:invisible;3:invisible,0,3,False,5966,u,5966,False,MATCH
0.5,1057,3,c,2631;4402;6552,udc,1;2;3,2;3;1,2,2,1;2,1:invisible;2:descent,1,1,True,4402,d,6552,True,MISSING_CURRENT
0.5,185,7,u,2632;2725;3363;3764;5473;6697;7238,uuuuuuu,1;2;3;4;5;6;7,1;2;4;3;5;7;6,6,2,3;6,3:invisible;6:descent,1,1,True,6697,u,7238,True,STALE_WINS
0.5,442,1,u,2633,u,1,1,0,0,-,-,0,0,False,2633,u,2633,False,MATCH
0.5,311,5,u,2641;2685;3139;3715;4553,uuuuu,1;2;3;4;5,2;1;3;4;5,4,1,1,1:invisible,0,1,False,4553,u,4553,False,MATCH
0.5,1260,3,u,2645;4634;4993,cuu,1;2;3,2;1;3,2,1,1,1:invisible,0,1,False,4993,u,4993,False,MATCH
0.5,1035,2,u,2656;3313,uu,1;2,1;2,1,0,-,-,0,0,False,3313,u,3313,False,MATCH
0.5,233,16,d,2657;3196;3488;3581;3731;3796;4058;4210;4464;4530;4835;5009;5923;6325;6994;7287,uuuuuuuuuuuuuuud,1;2;3;4;5;6;7;8;9;10;11;12;13;14;15;16,2;3;1;4;6;7;5;8;10;11;12;9;14;13;15;16,15,8,1;2;5;6;9;10;11;13,1:invisible;2:invisible;5:invisible;6:invisible;9:invisible;10:invisible;11:invisible;13:invisible,0,8,False,7287,d,7287,False,MATCH
0.5,34,1,u,2661,u,1,1,0,0,-,-,0,0,False,2661,u,2661,False,MATCH
0.5,879,1,u,2665,u,1,1,0,0,-,-,0,0,False,2665,u,2665,False,MATCH
0.5,980,7,u,2673;2749;3171;4299;5653;6388;6403,uuuuuuu,1;2;3;4;5;6;7,1;2;4;3;5;6;7,6,1,3,3:invisible,0,1,False,6403,u,6403,False,MATCH
0.5,159,3,u,2682;3008;4870,uuu,1;2;3,1;3;2,2,1,2,2:descent,1,0,True,3008,u,4870,True,STALE_WINS
0.5,817,3,u,2683;3577;4006,uuu,1;2;3,2;3;1,2,2,1;2,1:invisible;2:descent,1,1,True,3577,u,4006,True,STALE_WINS
0.5,657,2,d,2686;6920,ud,1;2,2;1,1,1,1,1:descent,1,0,True,2686,u,6920,True,GHOST
0.5,559,3,u,2688;4674;6150,uuu,1;2;3,2;1;3,2,1,1,1:invisible,0,1,False,6150,u,6150,False,MATCH
0.5,784,5,u,2690;2904;4568;4928;6775,uuuuu,1;2;3;4;5,2;1;3;4;5,4,1,1,1:invisible,0,1,False,6775,u,6775,False,MATCH
0.5,555,16,u,2694;2970;4778;4812;4830;5585;5781;5858;6028;6577;6614;6742;7136;7221;7261;7299,uuuuuuuuuuuuuuuu,1;2;3;4;5;6;7;8;9;10;11;12;13;14;15;16,2;1;3;4;6;5;8;7;9;10;12;13;11;15;16;14,15,7,1;5;7;11;12;14;15,1:invisible;5:invisible;7:invisible;11:invisible;12:invisible;14:invisible;15:descent,1,6,True,7261,u,7299,True,STALE_WINS
0.5,954,2,u,2697;3627,uu,1;2,2;1,1,1,1,1:descent,1,0,True,2697,u,3627,True,STALE_WINS
0.5,1241,13,u,2700;4230;4451;5150;5624;6342;6350;6567;6982;7045;7141;7246;7384,cuuuuuuuuuuuu,1;2;3;4;5;6;7;8;9;10;11;12;13,1;2;3;5;6;7;8;9;4;11;10;12;13,12,6,4;5;6;7;8;10,4:invisible;5:invisible;6:invisible;7:invisible;8:invisible;10:invisible,0,6,False,7384,u,7384,False,MATCH
0.5,1,3,u,2715;5727;6715,uuu,1;2;3,2;1;3,2,1,1,1:invisible,0,1,False,6715,u,6715,False,MATCH
0.5,102,3,d,2723;4592;7118,uud,1;2;3,1;2;3,2,0,-,-,0,0,False,7118,d,7118,False,MATCH
0.5,885,9,u,2728;3478;4062;4392;4892;5182;5212;6562;6710,uuuuuuuuu,1;2;3;4;5;6;7;8;9,2;1;4;5;3;6;8;7;9,8,4,1;3;4;7,1:invisible;3:invisible;4:invisible;7:invisible,0,4,False,6710,u,6710,False,MATCH
0.5,1024,2,u,2729;7223,uu,1;2,1;2,1,0,-,-,0,0,False,7223,u,7223,False,MATCH
0.5,220,5,u,2730;4362;6040;6407;6868,uuuuu,1;2;3;4;5,1;3;4;2;5,4,2,2;3,2:invisible;3:invisible,0,2,False,6868,u,6868,False,MATCH
0.5,1108,4,u,2732;3897;5380;6676,uuuu,1;2;3;4,2;3;4;1,3,3,1;2;3,1:invisible;2:invisible;3:descent,1,2,True,5380,u,6676,True,STALE_WINS
0.5,17,4,d,2735;3874;4215;6213,uuud,1;2;3;4,2;3;4;1,3,3,1;2;3,1:invisible;2:invisible;3:descent,1,2,True,4215,u,6213,True,GHOST
0.5,54,8,d,2746;3333;3341;4346;5187;6284;6468;7241,uuuuuuud,1;2;3;4;5;6;7;8,2;1;4;3;6;7;8;5,7,5,1;3;5;6;7,1:invisible;3:invisible;5:invisible;6:invisible;7:descent,1,4,True,6468,u,7241,True,GHOST
0.5,1090,2,u,2748;5604,uu,1;2,1;2,1,0,-,-,0,0,False,5604,u,5604,False,MATCH
0.5,523,3,u,2754;6072;7038,uuu,1;2;3,2;3;1,2,2,1;2,1:invisible;2:descent,1,1,True,6072,u,7038,True,STALE_WINS
0.5,1245,5,u,2755;5578;6351;6395;7192,cuuuu,1;2;3;4;5,1;2;4;5;3,4,2,3;4,3:invisible;4:descent,1,1,True,6395,u,7192,True,STALE_WINS
0.5,859,1,u,2765,u,1,1,0,0,-,-,0,0,False,2765,u,2765,False,MATCH
0.5,279,4,u,2777;4500;6189;6654,uuuu,1;2;3;4,1;2;4;3,3,1,3,3:descent,1,0,True,6189,u,6654,True,STALE_WINS
0.5,712,8,u,2779;3180;4294;5091;6606;6886;6953;7005,uuuuuuuu,1;2;3;4;5;6;7;8,1;2;3;5;6;4;8;7,7,3,4;5;7,4:invisible;5:invisible;7:descent,1,2,True,6953,u,7005,True,STALE_WINS
0.5,284,6,u,2781;2812;3500;4316;4719;7406,uuuuuu,1;2;3;4;5;6,2;1;3;4;6;5,5,2,1;5,1:invisible;5:descent,1,1,True,4719,u,7406,True,STALE_WINS
0.5,618,6,u,2793;3957;4205;4244;5166;5269,uuuuuu,1;2;3;4;5;6,1;3;4;2;6;5,5,3,2;3;5,2:invisible;3:invisible;5:descent,1,2,True,5166,u,5269,True,STALE_WINS
0.5,75,3,d,2794;3403;7351,uud,1;2;3,2;3;1,2,2,1;2,1:invisible;2:descent,1,1,True,3403,u,7351,True,GHOST
0.5,658,10,u,2795;3029;3514;3913;4703;4932;4976;7051;7106;7122,uuuuuuuuuu,1;2;3;4;5;6;7;8;9;10,1;2;3;5;6;4;7;9;8;10,9,3,4;5;8,4:invisible;5:invisible;8:invisible,0,3,False,7122,u,7122,False,MATCH
0.5,914,1,u,2797,u,1,1,0,0,-,-,0,0,False,2797,u,2797,False,MATCH
0.5,1094,1,u,2800,u,1,1,0,0,-,-,0,0,False,2800,u,2800,False,MATCH
0.5,88,4,u,2805;2860;4297;5635,uuuu,1;2;3;4,2;1;4;3,3,2,1;3,1:invisible;3:descent,1,1,True,4297,u,5635,True,STALE_WINS
0.5,208,3,u,2818;4891;6291,uuu,1;2;3,2;3;1,2,2,1;2,1:invisible;2:descent,1,1,True,4891,u,6291,True,STALE_WINS
0.5,832,2,d,2820;3311,ud,1;2,2;1,1,1,1,1:descent,1,0,True,2820,u,3311,True,GHOST
0.5,642,7,d,2821;3555;4802;5195;5407;6234;7382,uuuuuud,1;2;3;4;5;6;7,1;3;4;5;2;7;6,6,4,2;3;4;6,2:invisible;3:invisible;4:invisible;6:descent,1,3,True,6234,u,7382,True,GHOST
0.5,829,4,u,2822;4007;6980;7158,uuuu,1;2;3;4,1;2;4;3,3,1,3,3:descent,1,0,True,6980,u,7158,True,STALE_WINS
0.5,466,3,u,2825;3756;5598,uuu,1;2;3,1;3;2,2,1,2,2:descent,1,0,True,3756,u,5598,True,STALE_WINS
0.5,949,2,d,2827;6659,ud,1;2,2;1,1,1,1,1:descent,1,0,True,2827,u,6659,True,GHOST
0.5,537,3,u,2828;3373;7394,uuu,1;2;3,2;1;3,2,1,1,1:invisible,0,1,False,7394,u,7394,False,MATCH
0.5,1232,11,c,2833;3571;3933;4560;4647;4922;5777;5810;6098;6447;6907,cuuuuuuuudc,1;2;3;4;5;6;7;8;9;10;11,2;1;4;5;3;6;8;9;7;11;10,10,6,1;3;4;7;8;10,1:invisible;3:invisible;4:invisible;7:invisible;8:invisible;10:descent,1,5,True,6447,d,6907,True,MISSING_CURRENT
0.5,800,1,u,2839,u,1,1,0,0,-,-,0,0,False,2839,u,2839,False,MATCH
0.5,294,4,u,2842;3302;4408;6372,uuuu,1;2;3;4,1;2;4;3,3,1,3,3:descent,1,0,True,4408,u,6372,True,STALE_WINS
0.5,601,5,u,2845;3490;5322;5768;6416,uuuuu,1;2;3;4;5,2;3;4;1;5,4,3,1;2;3,1:invisible;2:invisible;3:invisible,0,3,False,6416,u,6416,False,MATCH
0.5,1066,1,u,2849,u,1,1,0,0,-,-,0,0,False,2849,u,2849,False,MATCH
0.5,584,6,u,2850;3743;4023;5581;5912;6107,uuuuuu,1;2;3;4;5;6,1;2;3;4;6;5,5,1,5,5:descent,1,0,True,5912,u,6107,True,STALE_WINS
0.5,698,4,u,2854;4718;5917;7079,uuuu,1;2;3;4,2;3;1;4,3,2,1;2,1:invisible;2:invisible,0,2,False,7079,u,7079,False,MATCH
0.5,1169,3,d,2859;4486;7288,uud,1;2;3,1;3;2,2,1,2,2:descent,1,0,True,4486,u,7288,True,GHOST
0.5,521,2,u,2862;5819,uu,1;2,2;1,1,1,1,1:descent,1,0,True,2862,u,5819,True,STALE_WINS
0.5,103,4,u,2869;3703;6402;6595,uuuu,1;2;3;4,1;2;4;3,3,1,3,3:descent,1,0,True,6402,u,6595,True,STALE_WINS
0.5,1067,2,u,2881;7129,uu,1;2,2;1,1,1,1,1:descent,1,0,True,2881,u,7129,True,STALE_WINS
0.5,518,3,u,2895;5734;6787,uuu,1;2;3,2;3;1,2,2,1;2,1:invisible;2:descent,1,1,True,5734,u,6787,True,STALE_WINS
0.5,757,9,u,2911;3191;3346;4181;4211;4501;5821;6496;7350,uuuuuuuuu,1;2;3;4;5;6;7;8;9,1;2;3;5;4;6;8;9;7,8,3,4;7;8,4:invisible;7:invisible;8:descent,1,2,True,6496,u,7350,True,STALE_WINS
0.5,239,2,u,2913;4937,uu,1;2,2;1,1,1,1,1:descent,1,0,True,2913,u,4937,True,STALE_WINS
0.5,1087,1,u,2921,u,1,1,0,0,-,-,0,0,False,2921,u,2921,False,MATCH
0.5,1039,2,u,2924;6097,uu,1;2,2;1,1,1,1,1:descent,1,0,True,2924,u,6097,True,STALE_WINS
0.5,1207,9,u,2926;3587;4628;4724;5367;7111;7251;7277;7403,cuuuuuuuu,1;2;3;4;5;6;7;8;9,1;3;4;2;6;7;8;9;5,8,6,2;3;5;6;7;8,2:invisible;3:invisible;5:invisible;6:invisible;7:invisible;8:descent,1,5,True,7277,u,7403,True,STALE_WINS
0.5,787,5,u,2930;5660;5713;6212;6429,uuuuu,1;2;3;4;5,2;3;4;1;5,4,3,1;2;3,1:invisible;2:invisible;3:invisible,0,3,False,6429,u,6429,False,MATCH
0.5,858,8,c,2943;3377;3689;3856;4383;4966;5382;5905,uuuuuudc,1;2;3;4;5;6;7;8,1;3;4;2;5;7;8;6,7,4,2;3;6;7,2:invisible;3:invisible;6:invisible;7:descent,1,3,True,5382,d,5905,True,MISSING_CURRENT
0.5,479,7,u,2945;3603;4654;5805;5844;6171;6442,uuuuuuu,1;2;3;4;5;6;7,2;1;3;5;4;7;6,6,3,1;4;6,1:invisible;4:invisible;6:descent,1,2,True,6171,u,6442,True,STALE_WINS
0.5,292,1,u,2947,u,1,1,0,0,-,-,0,0,False,2947,u,2947,False,MATCH
0.5,920,6,u,2948;3736;4964;5147;5745;6781,uuuuuu,1;2;3;4;5;6,1;3;2;5;4;6,5,2,2;4,2:invisible;4:invisible,0,2,False,6781,u,6781,False,MATCH
0.5,565,3,d,2949;5062;7135,uud,1;2;3,2;1;3,2,1,1,1:invisible,0,1,False,7135,d,7135,False,MATCH
0.5,447,6,d,2953;3145;3953;4507;5599;6641,uuuuud,1;2;3;4;5;6,1;3;4;5;2;6,5,3,2;3;4,2:invisible;3:invisible;4:invisible,0,3,False,6641,d,6641,False,MATCH
0.5,1130,3,c,2955;3026;5197,udc,1;2;3,1;3;2,2,1,2,2:descent,1,0,True,3026,d,5197,True,MISSING_CURRENT
0.5,711,1,u,2956,u,1,1,0,0,-,-,0,0,False,2956,u,2956,False,MATCH
0.5,661,3,u,2960;4387;5385,uuu,1;2;3,1;2;3,2,0,-,-,0,0,False,5385,u,5385,False,MATCH
0.5,736,5,d,2964;3003;4721;4846;6002,uuuud,1;2;3;4;5,1;2;3;5;4,4,1,4,4:descent,1,0,True,4846,u,6002,True,GHOST
0.5,925,4,u,2965;4073;5168;5284,uuuu,1;2;3;4,1;2;4;3,3,1,3,3:descent,1,0,True,5168,u,5284,True,STALE_WINS
0.5,462,2,u,2967;3411,uu,1;2,1;2,1,0,-,-,0,0,False,3411,u,3411,False,MATCH
0.5,1259,11,u,2968;3071;3347;3454;3645;4129;4341;4439;6158;6471;7305,cuuuuuuuuuu,1;2;3;4;5;6;7;8;9;10;11,1;2;4;5;6;7;3;9;8;10;11,10,5,3;4;5;6;8,3:invisible;4:invisible;5:invisible;6:invisible;8:invisible,0,5,False,7305,u,7305,False,MATCH
0.5,1254,6,d,2971;3465;4335;5576;5623;5886,cuuuud,1;2;3;4;5;6,2;3;4;5;6;1,5,5,1;2;3;4;5,1:invisible;2:invisible;3:invisible;4:invisible;5:descent,1,4,True,5623,u,5886,True,GHOST
0.5,67,3,d,2972;3935;4759,uud,1;2;3,1;2;3,2,0,-,-,0,0,False,4759,d,4759,False,MATCH
0.5,1217,2,u,2974;5215,cu,1;2,1;2,1,0,-,-,0,0,False,5215,u,5215,False,MATCH
0.5,586,3,d,2975;3565;3955,uud,1;2;3,2;1;3,2,1,1,1:invisible,0,1,False,3955,d,3955,False,MATCH
0.5,746,1,u,2978,u,1,1,0,0,-,-,0,0,False,2978,u,2978,False,MATCH
0.5,608,7,u,2983;4098;4926;5023;5680;5920;6232,uuuuuuu,1;2;3;4;5;6;7,1;3;4;5;2;7;6,6,4,2;3;4;6,2:invisible;3:invisible;4:invisible;6:descent,1,3,True,5920,u,6232,True,STALE_WINS
0.5,312,1,u,2985,u,1,1,0,0,-,-,0,0,False,2985,u,2985,False,MATCH
0.5,842,4,u,2992;3559;5210;6811,uuuu,1;2;3;4,2;1;4;3,3,2,1;3,1:invisible;3:descent,1,1,True,5210,u,6811,True,STALE_WINS
0.5,913,5,u,3001;5303;5629;5691;7219,uuuuu,1;2;3;4;5,2;1;3;4;5,4,1,1,1:invisible,0,1,False,7219,u,7219,False,MATCH
0.5,29,5,d,3004;3870;4371;4473;6128,uuuud,1;2;3;4;5,2;3;4;5;1,4,4,1;2;3;4,1:invisible;2:invisible;3:invisible;4:descent,1,3,True,4473,u,6128,True,GHOST
0.5,697,3,d,3005;3033;6371,uud,1;2;3,2;3;1,2,2,1;2,1:invisible;2:descent,1,1,True,3033,u,6371,True,GHOST
0.5,342,1,u,3006,u,1,1,0,0,-,-,0,0,False,3006,u,3006,False,MATCH
0.5,1011,3,d,3016;3252;5448,uud,1;2;3,1;3;2,2,1,2,2:descent,1,0,True,3252,u,5448,True,GHOST
0.5,1197,6,u,3017;3197;3824;4218;6374;6446,uuuuuu,1;2;3;4;5;6,1;2;3;4;6;5,5,1,5,5:descent,1,0,True,6374,u,6446,True,STALE_WINS
0.5,1153,1,u,3018,u,1,1,0,0,-,-,0,0,False,3018,u,3018,False,MATCH
0.5,42,3,u,3020;4583;7186,uuu,1;2;3,1;3;2,2,1,2,2:descent,1,0,True,4583,u,7186,True,STALE_WINS
0.5,701,6,u,3024;4374;5200;6617;7115;7233,uuuuuu,1;2;3;4;5;6,2;3;4;5;1;6,5,4,1;2;3;4,1:invisible;2:invisible;3:invisible;4:invisible,0,4,False,7233,u,7233,False,MATCH
0.5,59,3,u,3027;5163;6201,uuu,1;2;3,2;1;3,2,1,1,1:invisible,0,1,False,6201,u,6201,False,MATCH
0.5,81,1,u,3028,u,1,1,0,0,-,-,0,0,False,3028,u,3028,False,MATCH
0.5,669,2,u,3031;6594,uu,1;2,1;2,1,0,-,-,0,0,False,6594,u,6594,False,MATCH
0.5,888,2,u,3034;3251,uu,1;2,1;2,1,0,-,-,0,0,False,3251,u,3251,False,MATCH
0.5,7,4,u,3037;3459;4492;5968,uuuu,1;2;3;4,1;2;4;3,3,1,3,3:descent,1,0,True,4492,u,5968,True,STALE_WINS
0.5,932,1,u,3038,u,1,1,0,0,-,-,0,0,False,3038,u,3038,False,MATCH
0.5,37,3,u,3042;5285;6410,uuu,1;2;3,1;2;3,2,0,-,-,0,0,False,6410,u,6410,False,MATCH
0.5,886,8,u,3043;3209;3841;4871;5257;5281;5936;6729,uuuuuuuu,1;2;3;4;5;6;7;8,1;3;4;5;6;7;8;2,7,6,2;3;4;5;6;7,2:invisible;3:invisible;4:invisible;5:invisible;6:invisible;7:descent,1,5,True,5936,u,6729,True,STALE_WINS
0.5,87,3,d,3047;5788;6872,uud,1;2;3,1;2;3,2,0,-,-,0,0,False,6872,d,6872,False,MATCH
0.5,452,4,u,3066;3178;3246;6265,uuuu,1;2;3;4,1;3;4;2,3,2,2;3,2:invisible;3:descent,1,1,True,3246,u,6265,True,STALE_WINS
0.5,1121,1,u,3067,u,1,1,0,0,-,-,0,0,False,3067,u,3067,False,MATCH
0.5,125,6,d,3083;3368;4447;5094;5339;6772,uuuuud,1;2;3;4;5;6,2;3;4;5;1;6,5,4,1;2;3;4,1:invisible;2:invisible;3:invisible;4:invisible,0,4,False,6772,d,6772,False,MATCH
0.5,815,8,u,3084;4472;5126;5442;5689;6412;6491;6966,uuuuuuuu,1;2;3;4;5;6;7;8,1;3;2;4;6;7;8;5,7,4,2;5;6;7,2:invisible;5:invisible;6:invisible;7:descent,1,3,True,6491,u,6966,True,STALE_WINS
0.5,581,4,u,3089;3300;4334;4742,uuuu,1;2;3;4,2;1;4;3,3,2,1;3,1:invisible;3:descent,1,1,True,4334,u,4742,True,STALE_WINS
0.5,1028,3,u,3092;5820;6543,uuu,1;2;3,1;2;3,2,0,-,-,0,0,False,6543,u,6543,False,MATCH
0.5,912,2,u,3093;4025,uu,1;2,1;2,1,0,-,-,0,0,False,4025,u,4025,False,MATCH
0.5,868,2,u,3095;3447,uu,1;2,2;1,1,1,1,1:descent,1,0,True,3095,u,3447,True,STALE_WINS
0.5,680,3,u,3098;4375;5130,uuu,1;2;3,2;1;3,2,1,1,1:invisible,0,1,False,5130,u,5130,False,MATCH
0.5,1065,3,u,3101;4632;6364,uuu,1;2;3,2;1;3,2,1,1,1:invisible,0,1,False,6364,u,6364,False,MATCH
0.5,136,5,c,3104;4069;4279;5945;7103,uuudc,1;2;3;4;5,2;3;1;4;5,4,2,1;2,1:invisible;2:invisible,0,2,False,7103,c,7103,False,MATCH
0.5,1239,3,u,3109;5048;5849,cuu,1;2;3,1;3;2,2,1,2,2:descent,1,0,True,5048,u,5849,True,STALE_WINS
0.5,677,1,u,3111,u,1,1,0,0,-,-,0,0,False,3111,u,3111,False,MATCH
0.5,76,6,d,3112;3857;4693;5750;6333;6903,uuuuud,1;2;3;4;5;6,1;3;2;5;4;6,5,2,2;4,2:invisible;4:invisible,0,2,False,6903,d,6903,False,MATCH
0.5,231,3,u,3115;3357;6971,uuu,1;2;3,1;2;3,2,0,-,-,0,0,False,6971,u,6971,False,MATCH
0.5,995,4,u,3117;4962;4982;5663,uuuu,1;2;3;4,2;3;4;1,3,3,1;2;3,1:invisible;2:invisible;3:descent,1,2,True,4982,u,5663,True,STALE_WINS
0.5,221,3,d,3129;4837;6203,uud,1;2;3,1;3;2,2,1,2,2:descent,1,0,True,4837,u,6203,True,GHOST
0.5,359,5,u,3131;3865;4687;4960;7201,uuuuu,1;2;3;4;5,2;1;4;5;3,4,3,1;3;4,1:invisible;3:invisible;4:descent,1,2,True,4960,u,7201,True,STALE_WINS
0.5,703,1,u,3137,u,1,1,0,0,-,-,0,0,False,3137,u,3137,False,MATCH
0.5,940,2,u,3138;5486,uu,1;2,1;2,1,0,-,-,0,0,False,5486,u,5486,False,MATCH
0.5,643,1,u,3141,u,1,1,0,0,-,-,0,0,False,3141,u,3141,False,MATCH
0.5,1180,2,u,3143;4810,uu,1;2,1;2,1,0,-,-,0,0,False,4810,u,4810,False,MATCH
0.5,500,4,d,3149;3383;3952;6140,uuud,1;2;3;4,2;3;1;4,3,2,1;2,1:invisible;2:invisible,0,2,False,6140,d,6140,False,MATCH
0.5,773,4,u,3156;4368;5922;6406,uuuu,1;2;3;4,2;1;4;3,3,2,1;3,1:invisible;3:descent,1,1,True,5922,u,6406,True,STALE_WINS
0.5,226,8,u,3160;3556;5298;5422;5587;5621;6895;7056,uuuuuuuu,1;2;3;4;5;6;7;8,1;2;3;5;6;4;7;8,7,2,4;5,4:invisible;5:invisible,0,2,False,7056,u,7056,False,MATCH
0.5,453,7,u,3161;3219;3543;3551;4416;6535;7363,uuuuuuu,1;2;3;4;5;6;7,2;3;1;5;6;7;4,6,5,1;2;4;5;6,1:invisible;2:invisible;4:invisible;5:invisible;6:descent,1,4,True,6535,u,7363,True,STALE_WINS
0.5,557,2,u,3162;3835,uu,1;2,2;1,1,1,1,1:descent,1,0,True,3162,u,3835,True,STALE_WINS
0.5,906,4,u,3168;3674;5776;6799,uuuu,1;2;3;4,1;2;4;3,3,1,3,3:descent,1,0,True,5776,u,6799,True,STALE_WINS
0.5,1184,9,u,3169;3792;4160;4876;4946;5690;6541;6915;7264,uuuuuuuuu,1;2;3;4;5;6;7;8;9,1;2;3;5;4;6;8;9;7,8,3,4;7;8,4:invisible;7:invisible;8:descent,1,2,True,6915,u,7264,True,STALE_WINS
0.5,332,11,u,3177;3458;3510;4278;4872;5167;5480;6326;6456;6657;7313,uuuuuuuuuuu,1;2;3;4;5;6;7;8;9;10;11,2;1;3;5;6;4;8;7;10;11;9,10,6,1;4;5;7;9;10,1:invisible;4:invisible;5:invisible;7:invisible;9:invisible;10:descent,1,5,True,6657,u,7313,True,STALE_WINS
0.5,457,2,u,3181;5989,uu,1;2,1;2,1,0,-,-,0,0,False,5989,u,5989,False,MATCH
0.5,876,1,u,3187,u,1,1,0,0,-,-,0,0,False,3187,u,3187,False,MATCH
0.5,72,1,u,3188,u,1,1,0,0,-,-,0,0,False,3188,u,3188,False,MATCH
0.5,550,1,u,3195,u,1,1,0,0,-,-,0,0,False,3195,u,3195,False,MATCH
0.5,561,6,u,3201;5544;6065;6943;7033;7140,uuuuuu,1;2;3;4;5;6,1;2;3;4;6;5,5,1,5,5:descent,1,0,True,7033,u,7140,True,STALE_WINS
0.5,1091,3,u,3202;3670;5034,uuu,1;2;3,2;3;1,2,2,1;2,1:invisible;2:descent,1,1,True,3670,u,5034,True,STALE_WINS
0.5,157,4,u,3204;3379;3579;4154,uuuu,1;2;3;4,1;3;4;2,3,2,2;3,2:invisible;3:descent,1,1,True,3579,u,4154,True,STALE_WINS
0.5,187,3,u,3208;6043;7180,uuu,1;2;3,2;3;1,2,2,1;2,1:invisible;2:descent,1,1,True,6043,u,7180,True,STALE_WINS
0.5,428,3,c,3210;5537;6962,udc,1;2;3,1;2;3,2,0,-,-,0,0,False,6962,c,6962,False,MATCH
0.5,465,4,d,3228;3977;6389;6894,uuud,1;2;3;4,2;1;4;3,3,2,1;3,1:invisible;3:descent,1,1,True,6389,u,6894,True,GHOST
0.5,417,4,u,3229;3735;4138;5085,uuuu,1;2;3;4,2;3;4;1,3,3,1;2;3,1:invisible;2:invisible;3:descent,1,2,True,4138,u,5085,True,STALE_WINS
0.5,375,1,u,3240,u,1,1,0,0,-,-,0,0,False,3240,u,3240,False,MATCH
0.5,635,2,u,3241;5456,uu,1;2,1;2,1,0,-,-,0,0,False,5456,u,5456,False,MATCH
0.5,164,8,u,3242;3505;3814;3849;4794;4873;5684;6711,uuuuuuuu,1;2;3;4;5;6;7;8,2;1;3;5;6;4;7;8,7,3,1;4;5,1:invisible;4:invisible;5:invisible,0,3,False,6711,u,6711,False,MATCH
0.5,385,1,u,3243,u,1,1,0,0,-,-,0,0,False,3243,u,3243,False,MATCH
0.5,979,2,d,3256;5797,ud,1;2,2;1,1,1,1,1:descent,1,0,True,3256,u,5797,True,GHOST
0.5,1048,4,u,3259;5395;5880;5987,uuuu,1;2;3;4,1;2;3;4,3,0,-,-,0,0,False,5987,u,5987,False,MATCH
0.5,30,7,u,3261;3546;3688;5508;5722;5930;7062,uuuuuuu,1;2;3;4;5;6;7,2;1;4;3;6;7;5,6,4,1;3;5;6,1:invisible;3:invisible;5:invisible;6:descent,1,3,True,5930,u,7062,True,STALE_WINS
0.5,1251,3,u,3266;6619;6678,cuu,1;2;3,1;3;2,2,1,2,2:descent,1,0,True,6619,u,6678,True,STALE_WINS
0.5,1216,2,u,3267;4696,cu,1;2,2;1,1,1,1,1:descent,1,0,True,3267,c,4696,True,STALE_WINS
0.5,529,5,u,3268;3511;3879;5532;6867,uuuuu,1;2;3;4;5,2;1;4;3;5,4,2,1;3,1:invisible;3:invisible,0,2,False,6867,u,6867,False,MATCH
0.5,433,3,d,3270;6242;6609,uud,1;2;3,1;2;3,2,0,-,-,0,0,False,6609,d,6609,False,MATCH
0.5,799,7,u,3271;3532;3763;4326;4695;5286;6359,uuuuuuu,1;2;3;4;5;6;7,2;1;3;4;5;6;7,6,1,1,1:invisible,0,1,False,6359,u,6359,False,MATCH
0.5,1147,1,u,3278,u,1,1,0,0,-,-,0,0,False,3278,u,3278,False,MATCH
0.5,882,6,d,3281;4249;4339;6343;6528;6716,uuuuud,1;2;3;4;5;6,1;3;4;2;6;5,5,3,2;3;5,2:invisible;3:invisible;5:descent,1,2,True,6528,u,6716,True,GHOST
0.5,670,3,d,3282;3657;4195,uud,1;2;3,2;3;1,2,2,1;2,1:invisible;2:descent,1,1,True,3657,u,4195,True,GHOST
0.5,917,6,u,3283;3650;5834;6010;6225;6272,uuuuuu,1;2;3;4;5;6,1;3;4;2;5;6,5,2,2;3,2:invisible;3:invisible,0,2,False,6272,u,6272,False,MATCH
0.5,1113,3,u,3286;3819;5033,uuu,1;2;3,1;3;2,2,1,2,2:descent,1,0,True,3819,u,5033,True,STALE_WINS
0.5,721,3,d,3290;5262;6852,uud,1;2;3,1;3;2,2,1,2,2:descent,1,0,True,5262,u,6852,True,GHOST
0.5,717,6,u,3296;3638;3843;4295;4675;4998,uuuuuu,1;2;3;4;5;6,1;3;2;4;6;5,5,2,2;5,2:invisible;5:descent,1,1,True,4675,u,4998,True,STALE_WINS
0.5,513,1,u,3299,u,1,1,0,0,-,-,0,0,False,3299,u,3299,False,MATCH
0.5,1051,3,u,3304;5025;6432,uuu,1;2;3,2;1;3,2,1,1,1:invisible,0,1,False,6432,u,6432,False,MATCH
0.5,320,3,u,3305;3418;6706,uuu,1;2;3,2;1;3,2,1,1,1:invisible,0,1,False,6706,u,6706,False,MATCH
0.5,272,5,u,3318;3775;5305;6401;6431,uuuuu,1;2;3;4;5,2;1;4;5;3,4,3,1;3;4,1:invisible;3:invisible;4:descent,1,2,True,6401,u,6431,True,STALE_WINS
0.5,840,1,u,3321,u,1,1,0,0,-,-,0,0,False,3321,u,3321,False,MATCH
0.5,77,1,u,3322,u,1,1,0,0,-,-,0,0,False,3322,u,3322,False,MATCH
0.5,985,2,u,3329;5889,uu,1;2,2;1,1,1,1,1:descent,1,0,True,3329,u,5889,True,STALE_WINS
0.5,881,8,u,3340;3810;3916;4096;4823;5620;5877;6080,uuuuuuuu,1;2;3;4;5;6;7;8,1;2;3;4;6;7;5;8,7,2,5;6,5:invisible;6:invisible,0,2,False,6080,u,6080,False,MATCH
0.5,515,3,u,3348;5014;6832,uuu,1;2;3,1;3;2,2,1,2,2:descent,1,0,True,5014,u,6832,True,STALE_WINS
0.5,475,3,u,3361;5991;6032,uuu,1;2;3,2;3;1,2,2,1;2,1:invisible;2:descent,1,1,True,5991,u,6032,True,STALE_WINS
0.5,585,4,u,3364;5081;6404;6651,uuuu,1;2;3;4,2;1;3;4,3,1,1,1:invisible,0,1,False,6651,u,6651,False,MATCH
0.5,460,2,u,3371;4543,uu,1;2,2;1,1,1,1,1:descent,1,0,True,3371,u,4543,True,STALE_WINS
0.5,981,1,u,3375,u,1,1,0,0,-,-,0,0,False,3375,u,3375,False,MATCH
0.5,1224,2,u,3385;5374,cu,1;2,1;2,1,0,-,-,0,0,False,5374,u,5374,False,MATCH
0.5,116,7,u,3392;3709;3738;3944;5505;6009;7364,uuuuuuu,1;2;3;4;5;6;7,2;3;4;1;6;7;5,6,5,1;2;3;5;6,1:invisible;2:invisible;3:invisible;5:invisible;6:descent,1,4,True,6009,u,7364,True,STALE_WINS
0.5,959,1,u,3406,u,1,1,0,0,-,-,0,0,False,3406,u,3406,False,MATCH
0.5,553,1,u,3408,u,1,1,0,0,-,-,0,0,False,3408,u,3408,False,MATCH
0.5,393,3,u,3409;5311;6340,uuu,1;2;3,2;3;1,2,2,1;2,1:invisible;2:descent,1,1,True,5311,u,6340,True,STALE_WINS
0.5,776,7,u,3414;3808;4282;4755;5761;6623;6821,uuuuuuu,1;2;3;4;5;6;7,2;1;4;5;6;7;3,6,5,1;3;4;5;6,1:invisible;3:invisible;4:invisible;5:invisible;6:descent,1,4,True,6623,u,6821,True,STALE_WINS
0.5,774,1,u,3430,u,1,1,0,0,-,-,0,0,False,3430,u,3430,False,MATCH
0.5,211,9,u,3437;3690;4459;4522;4651;4714;4918;5260;6113,uuuuuuuuu,1;2;3;4;5;6;7;8;9,2;1;3;4;6;5;7;8;9,8,2,1;5,1:invisible;5:invisible,0,2,False,6113,u,6113,False,MATCH
0.5,138,1,u,3450,u,1,1,0,0,-,-,0,0,False,3450,u,3450,False,MATCH
0.5,374,3,u,3453;5029;5474,uuu,1;2;3,1;2;3,2,0,-,-,0,0,False,5474,u,5474,False,MATCH
0.5,249,3,d,3462;5418;5546,uud,1;2;3,1;2;3,2,0,-,-,0,0,False,5546,d,5546,False,MATCH
0.5,571,1,u,3466,u,1,1,0,0,-,-,0,0,False,3466,u,3466,False,MATCH
0.5,463,2,d,3472;6208,ud,1;2,1;2,1,0,-,-,0,0,False,6208,d,6208,False,MATCH
0.5,854,5,d,3476;5408;5459;7087;7100,uuuud,1;2;3;4;5,2;1;4;5;3,4,3,1;3;4,1:invisible;3:invisible;4:descent,1,2,True,7087,u,7100,True,GHOST
0.5,1026,3,d,3479;5006;6409,uud,1;2;3,1;3;2,2,1,2,2:descent,1,0,True,5006,u,6409,True,GHOST
0.5,207,1,u,3484,u,1,1,0,0,-,-,0,0,False,3484,u,3484,False,MATCH
0.5,1058,2,u,3495;6294,uu,1;2,1;2,1,0,-,-,0,0,False,6294,u,6294,False,MATCH
0.5,593,7,c,3498;3575;4490;5595;6422;6530;6575,uuuuudc,1;2;3;4;5;6;7,2;1;4;5;3;7;6,6,4,1;3;4;6,1:invisible;3:invisible;4:invisible;6:descent,1,3,True,6530,d,6575,True,MISSING_CURRENT
0.5,735,3,u,3501;3850;4466,uuu,1;2;3,2;3;1,2,2,1;2,1:invisible;2:descent,1,1,True,3850,u,4466,True,STALE_WINS
0.5,877,3,d,3506;5276;6912,uud,1;2;3,2;1;3,2,1,1,1:invisible,0,1,False,6912,d,6912,False,MATCH
0.5,177,4,u,3530;4404;4758;5962,uuuu,1;2;3;4,1;2;4;3,3,1,3,3:descent,1,0,True,4758,u,5962,True,STALE_WINS
0.5,867,4,u,3531;4983;5375;5737,uuuu,1;2;3;4,2;1;4;3,3,2,1;3,1:invisible;3:descent,1,1,True,5375,u,5737,True,STALE_WINS
0.5,441,2,d,3535;6039,ud,1;2,2;1,1,1,1,1:descent,1,0,True,3535,u,6039,True,GHOST
0.5,215,1,u,3537,u,1,1,0,0,-,-,0,0,False,3537,u,3537,False,MATCH
0.5,1145,1,u,3542,u,1,1,0,0,-,-,0,0,False,3542,u,3542,False,MATCH
0.5,1167,3,u,3552;5996;6258,uuu,1;2;3,1;2;3,2,0,-,-,0,0,False,6258,u,6258,False,MATCH
0.5,90,6,u,3554;4377;4899;5431;6050;6477,uuuuuu,1;2;3;4;5;6,2;3;1;5;4;6,5,3,1;2;4,1:invisible;2:invisible;4:invisible,0,3,False,6477,u,6477,False,MATCH
0.5,812,3,u,3561;5904;7258,uuu,1;2;3,2;3;1,2,2,1;2,1:invisible;2:descent,1,1,True,5904,u,7258,True,STALE_WINS
0.5,704,4,u,3567;3641;4409;6247,uuuu,1;2;3;4,2;1;3;4,3,1,1,1:invisible,0,1,False,6247,u,6247,False,MATCH
0.5,763,2,d,3572;5236,ud,1;2,2;1,1,1,1,1:descent,1,0,True,3572,u,5236,True,GHOST
0.5,540,3,u,3573;4800;5766,uuu,1;2;3,1;2;3,2,0,-,-,0,0,False,5766,u,5766,False,MATCH
0.5,317,3,u,3574;4159;7011,uuu,1;2;3,2;1;3,2,1,1,1:invisible,0,1,False,7011,u,7011,False,MATCH
0.5,607,3,u,3584;4476;4557,uuu,1;2;3,1;2;3,2,0,-,-,0,0,False,4557,u,4557,False,MATCH
0.5,173,4,u,3600;4274;6437;6949,uuuu,1;2;3;4,1;3;2;4,3,1,2,2:invisible,0,1,False,6949,u,6949,False,MATCH
0.5,960,6,u,3604;3739;4269;4394;5875;7083,uuuuuu,1;2;3;4;5;6,1;3;4;5;6;2,5,4,2;3;4;5,2:invisible;3:invisible;4:invisible;5:descent,1,3,True,5875,u,7083,True,STALE_WINS
0.5,865,5,u,3605;4448;5242;5451;6610,uuuuu,1;2;3;4;5,1;3;2;4;5,4,1,2,2:invisible,0,1,False,6610,u,6610,False,MATCH
0.5,133,2,u,3608;5563,uu,1;2,2;1,1,1,1,1:descent,1,0,True,3608,u,5563,True,STALE_WINS
0.5,445,3,u,3619;6469;6820,uuu,1;2;3,1;2;3,2,0,-,-,0,0,False,6820,u,6820,False,MATCH
0.5,1143,2,d,3623;6819,ud,1;2,1;2,1,0,-,-,0,0,False,6819,d,6819,False,MATCH
0.5,1019,3,u,3636;3921;6179,uuu,1;2;3,2;3;1,2,2,1;2,1:invisible;2:descent,1,1,True,3921,u,6179,True,STALE_WINS
0.5,251,1,u,3654,u,1,1,0,0,-,-,0,0,False,3654,u,3654,False,MATCH
0.5,420,3,u,3662;5853;6936,uuu,1;2;3,1;3;2,2,1,2,2:descent,1,0,True,5853,u,6936,True,STALE_WINS
0.5,713,3,u,3663;3781;6319,uuu,1;2;3,1;3;2,2,1,2,2:descent,1,0,True,3781,u,6319,True,STALE_WINS
0.5,250,4,u,3669;4903;5518;6049,uuuu,1;2;3;4,1;3;4;2,3,2,2;3,2:invisible;3:descent,1,1,True,5518,u,6049,True,STALE_WINS
0.5,183,2,u,3673;3859,uu,1;2,1;2,1,0,-,-,0,0,False,3859,u,3859,False,MATCH
0.5,1037,4,d,3683;3786;4071;6282,uuud,1;2;3;4,1;2;3;4,3,0,-,-,0,0,False,6282,d,6282,False,MATCH
0.5,386,1,u,3687,u,1,1,0,0,-,-,0,0,False,3687,u,3687,False,MATCH
0.5,604,1,u,3697,u,1,1,0,0,-,-,0,0,False,3697,u,3697,False,MATCH
0.5,324,2,d,3700;5494,ud,1;2,1;2,1,0,-,-,0,0,False,5494,d,5494,False,MATCH
0.5,146,1,u,3702,u,1,1,0,0,-,-,0,0,False,3702,u,3702,False,MATCH
0.5,482,2,u,3705;3869,uu,1;2,1;2,1,0,-,-,0,0,False,3869,u,3869,False,MATCH
0.5,313,2,d,3714;5970,ud,1;2,2;1,1,1,1,1:descent,1,0,True,3714,u,5970,True,GHOST
0.5,189,2,u,3716;4874,uu,1;2,1;2,1,0,-,-,0,0,False,4874,u,4874,False,MATCH
0.5,265,1,u,3722,u,1,1,0,0,-,-,0,0,False,3722,u,3722,False,MATCH
0.5,944,3,u,3724;5925;7383,uuu,1;2;3,1;2;3,2,0,-,-,0,0,False,7383,u,7383,False,MATCH
0.5,437,2,u,3734;3754,uu,1;2,2;1,1,1,1,1:descent,1,0,True,3734,u,3754,True,STALE_WINS
0.5,957,1,u,3745,u,1,1,0,0,-,-,0,0,False,3745,u,3745,False,MATCH
0.5,574,7,u,3759;4108;5226;5884;6016;6424;6582,uuuuuuu,1;2;3;4;5;6;7,1;3;4;2;5;6;7,6,2,2;3,2:invisible;3:invisible,0,2,False,6582,u,6582,False,MATCH
0.5,923,2,u,3766;7281,uu,1;2,2;1,1,1,1,1:descent,1,0,True,3766,u,7281,True,STALE_WINS
0.5,675,4,u,3769;6665;7235;7333,uuuu,1;2;3;4,2;1;4;3,3,2,1;3,1:invisible;3:descent,1,1,True,7235,u,7333,True,STALE_WINS
0.5,1004,1,u,3770,u,1,1,0,0,-,-,0,0,False,3770,u,3770,False,MATCH
0.5,1101,3,u,3776;4640;6064,uuu,1;2;3,1;2;3,2,0,-,-,0,0,False,6064,u,6064,False,MATCH
0.5,1136,6,u,3784;4072;4612;5782;6576;6599,uuuuuu,1;2;3;4;5;6,2;1;3;5;4;6,5,2,1;4,1:invisible;4:invisible,0,2,False,6599,u,6599,False,MATCH
0.5,1141,2,d,3793;6382,ud,1;2,1;2,1,0,-,-,0,0,False,6382,d,6382,False,MATCH
0.5,737,9,u,3802;4102;4685;4708;4779;5888;6216;6438;7058,uuuuuuuuu,1;2;3;4;5;6;7;8;9,2;1;3;4;6;5;8;7;9,8,3,1;5;7,1:invisible;5:invisible;7:invisible,0,3,False,7058,u,7058,False,MATCH
0.5,805,3,c,3807;4549;4850,udc,1;2;3,1;3;2,2,1,2,2:descent,1,0,True,4549,d,4850,True,MISSING_CURRENT
0.5,856,4,d,3811;4256;4498;7012,uuud,1;2;3;4,1;3;2;4,3,1,2,2:invisible,0,1,False,7012,d,7012,False,MATCH
0.5,1044,2,d,3825;5520,ud,1;2,1;2,1,0,-,-,0,0,False,5520,d,5520,False,MATCH
0.5,276,1,u,3832,u,1,1,0,0,-,-,0,0,False,3832,u,3832,False,MATCH
0.5,905,3,u,3834;5176;5463,uuu,1;2;3,2;1;3,2,1,1,1:invisible,0,1,False,5463,u,5463,False,MATCH
0.5,532,1,u,3837,u,1,1,0,0,-,-,0,0,False,3837,u,3837,False,MATCH
0.5,141,2,u,3840;7380,uu,1;2,1;2,1,0,-,-,0,0,False,7380,u,7380,False,MATCH
0.5,474,2,u,3853;6355,uu,1;2,1;2,1,0,-,-,0,0,False,6355,u,6355,False,MATCH
0.5,306,2,u,3877;4221,uu,1;2,2;1,1,1,1,1:descent,1,0,True,3877,u,4221,True,STALE_WINS
0.5,203,1,u,3884,u,1,1,0,0,-,-,0,0,False,3884,u,3884,False,MATCH
0.5,1003,3,u,3898;4836;4997,uuu,1;2;3,2;1;3,2,1,1,1:invisible,0,1,False,4997,u,4997,False,MATCH
0.5,254,1,u,3900,u,1,1,0,0,-,-,0,0,False,3900,u,3900,False,MATCH
0.5,38,1,u,3904,u,1,1,0,0,-,-,0,0,False,3904,u,3904,False,MATCH
0.5,406,1,u,3909,u,1,1,0,0,-,-,0,0,False,3909,u,3909,False,MATCH
0.5,744,3,u,3918;3941;4598,uuu,1;2;3,1;3;2,2,1,2,2:descent,1,0,True,3941,u,4598,True,STALE_WINS
0.5,933,1,u,3923,u,1,1,0,0,-,-,0,0,False,3923,u,3923,False,MATCH
0.5,937,2,u,3925;5571,uu,1;2,1;2,1,0,-,-,0,0,False,5571,u,5571,False,MATCH
0.5,455,5,u,3958;4065;6290;6720;6880,uuuuu,1;2;3;4;5,2;3;1;5;4,4,3,1;2;4,1:invisible;2:invisible;4:descent,1,2,True,6720,u,6880,True,STALE_WINS
0.5,137,4,u,3962;5223;5485;6917,uuuu,1;2;3;4,2;3;1;4,3,2,1;2,1:invisible;2:invisible,0,2,False,6917,u,6917,False,MATCH
0.5,534,2,u,3963;5793,uu,1;2,1;2,1,0,-,-,0,0,False,5793,u,5793,False,MATCH
0.5,280,2,u,3965;5553,uu,1;2,1;2,1,0,-,-,0,0,False,5553,u,5553,False,MATCH
0.5,1027,3,u,3967;4245;5016,uuu,1;2;3,1;3;2,2,1,2,2:descent,1,0,True,4245,u,5016,True,STALE_WINS
0.5,1190,2,d,3969;5946,ud,1;2,1;2,1,0,-,-,0,0,False,5946,d,5946,False,MATCH
0.5,259,3,u,3970;5287;6214,uuu,1;2;3,1;2;3,2,0,-,-,0,0,False,6214,u,6214,False,MATCH
0.5,1171,5,u,3972;3990;4178;4655;7284,uuuuu,1;2;3;4;5,1;2;4;3;5,4,1,3,3:invisible,0,1,False,7284,u,7284,False,MATCH
0.5,1199,1,u,3975,u,1,1,0,0,-,-,0,0,False,3975,u,3975,False,MATCH
0.5,1151,2,u,3979;5049,uu,1;2,2;1,1,1,1,1:descent,1,0,True,3979,u,5049,True,STALE_WINS
0.5,821,2,u,3988;4977,uu,1;2,2;1,1,1,1,1:descent,1,0,True,3988,u,4977,True,STALE_WINS
0.5,891,3,d,3989;4491;4822,uud,1;2;3,1;2;3,2,0,-,-,0,0,False,4822,d,4822,False,MATCH
0.5,1227,3,u,3993;4197;5447,cuu,1;2;3,1;2;3,2,0,-,-,0,0,False,5447,u,5447,False,MATCH
0.5,57,2,u,4002;5244,uu,1;2,2;1,1,1,1,1:descent,1,0,True,4002,u,5244,True,STALE_WINS
0.5,993,1,u,4003,u,1,1,0,0,-,-,0,0,False,4003,u,4003,False,MATCH
0.5,498,1,u,4012,u,1,1,0,0,-,-,0,0,False,4012,u,4012,False,MATCH
0.5,903,6,u,4020;4150;4169;4307;5151;5831,uuuuuu,1;2;3;4;5;6,1;2;3;5;6;4,5,2,4;5,4:invisible;5:descent,1,1,True,5151,u,5831,True,STALE_WINS
0.5,765,1,u,4040,u,1,1,0,0,-,-,0,0,False,4040,u,4040,False,MATCH
0.5,334,6,d,4043;4156;4519;4608;5953;6548,uuuuud,1;2;3;4;5;6,2;3;1;4;6;5,5,3,1;2;5,1:invisible;2:invisible;5:descent,1,2,True,5953,u,6548,True,GHOST
0.5,384,3,u,4055;4117;6806,uuu,1;2;3,1;3;2,2,1,2,2:descent,1,0,True,4117,u,6806,True,STALE_WINS
0.5,264,4,u,4078;4967;6296;6313,uuuu,1;2;3;4,1;3;4;2,3,2,2;3,2:invisible;3:descent,1,1,True,6296,u,6313,True,STALE_WINS
0.5,999,6,u,4084;4909;6419;6511;6810;7163,uuuuuu,1;2;3;4;5;6,1;2;4;5;3;6,5,2,3;4,3:invisible;4:invisible,0,2,False,7163,u,7163,False,MATCH
0.5,849,4,u,4085;5117;6668;6906,uuuu,1;2;3;4,2;1;4;3,3,2,1;3,1:invisible;3:descent,1,1,True,6668,u,6906,True,STALE_WINS
0.5,1148,4,u,4089;4782;6321;6377,uuuu,1;2;3;4,2;1;3;4,3,1,1,1:invisible,0,1,False,6377,u,6377,False,MATCH
0.5,296,3,u,4090;4303;4749,uuu,1;2;3,2;3;1,2,2,1;2,1:invisible;2:descent,1,1,True,4303,u,4749,True,STALE_WINS
0.5,1047,2,u,4100;5350,uu,1;2,1;2,1,0,-,-,0,0,False,5350,u,5350,False,MATCH
0.5,48,2,u,4111;7236,uu,1;2,1;2,1,0,-,-,0,0,False,7236,u,7236,False,MATCH
0.5,524,2,u,4113;5767,uu,1;2,1;2,1,0,-,-,0,0,False,5767,u,5767,False,MATCH
0.5,659,1,u,4123,u,1,1,0,0,-,-,0,0,False,4123,u,4123,False,MATCH
0.5,353,2,d,4128;5104,ud,1;2,2;1,1,1,1,1:descent,1,0,True,4128,u,5104,True,GHOST
0.5,1248,3,u,4147;5327;5933,cuu,1;2;3,2;1;3,2,1,1,1:invisible,0,1,False,5933,u,5933,False,MATCH
0.5,1107,1,u,4164,u,1,1,0,0,-,-,0,0,False,4164,u,4164,False,MATCH
0.5,1025,1,u,4165,u,1,1,0,0,-,-,0,0,False,4165,u,4165,False,MATCH
0.5,404,2,u,4192;5845,uu,1;2,2;1,1,1,1,1:descent,1,0,True,4192,u,5845,True,STALE_WINS
0.5,8,3,u,4193;6014;7332,uuu,1;2;3,1;2;3,2,0,-,-,0,0,False,7332,u,7332,False,MATCH
0.5,110,4,u,4194;4538;6162;6180,uuuu,1;2;3;4,2;1;3;4,3,1,1,1:invisible,0,1,False,6180,u,6180,False,MATCH
0.5,1178,3,d,4201;4382;5704,uud,1;2;3,1;2;3,2,0,-,-,0,0,False,5704,d,5704,False,MATCH
0.5,6,2,d,4203;5894,ud,1;2,1;2,1,0,-,-,0,0,False,5894,d,5894,False,MATCH
0.5,1154,3,u,4229;5619;5753,uuu,1;2;3,1;3;2,2,1,2,2:descent,1,0,True,5619,u,5753,True,STALE_WINS
0.5,86,3,u,4239;5184;6612,uuu,1;2;3,1;3;2,2,1,2,2:descent,1,0,True,5184,u,6612,True,STALE_WINS
0.5,480,3,d,4248;5229;6854,uud,1;2;3,2;1;3,2,1,1,1:invisible,0,1,False,6854,d,6854,False,MATCH
0.5,47,2,u,4254;5688,uu,1;2,2;1,1,1,1,1:descent,1,0,True,4254,u,5688,True,STALE_WINS
0.5,503,5,u,4277;4668;4736;4854;4916,uuuuu,1;2;3;4;5,1;3;4;2;5,4,2,2;3,2:invisible;3:invisible,0,2,False,4916,u,4916,False,MATCH
0.5,977,2,u,4280;7018,uu,1;2,1;2,1,0,-,-,0,0,False,7018,u,7018,False,MATCH
0.5,1194,2,u,4284;6589,uu,1;2,2;1,1,1,1,1:descent,1,0,True,4284,u,6589,True,STALE_WINS
0.5,1192,1,u,4304,u,1,1,0,0,-,-,0,0,False,4304,u,4304,False,MATCH
0.5,436,1,u,4310,u,1,1,0,0,-,-,0,0,False,4310,u,4310,False,MATCH
0.5,1255,3,u,4318;5035;5534,cuu,1;2;3,2;3;1,2,2,1;2,1:invisible;2:descent,1,1,True,5035,u,5534,True,STALE_WINS
0.5,591,2,u,4337;6149,uu,1;2,2;1,1,1,1,1:descent,1,0,True,4337,u,6149,True,STALE_WINS
0.5,1173,2,u,4342;4399,uu,1;2,2;1,1,1,1,1:descent,1,0,True,4342,u,4399,True,STALE_WINS
0.5,458,3,u,4343;4799;5468,uuu,1;2;3,1;3;2,2,1,2,2:descent,1,0,True,4799,u,5468,True,STALE_WINS
0.5,240,1,u,4357,u,1,1,0,0,-,-,0,0,False,4357,u,4357,False,MATCH
0.5,681,1,u,4370,u,1,1,0,0,-,-,0,0,False,4370,u,4370,False,MATCH
0.5,1095,1,u,4379,u,1,1,0,0,-,-,0,0,False,4379,u,4379,False,MATCH
0.5,1023,1,u,4390,u,1,1,0,0,-,-,0,0,False,4390,u,4390,False,MATCH
0.5,889,2,u,4403;4723,uu,1;2,1;2,1,0,-,-,0,0,False,4723,u,4723,False,MATCH
0.5,1010,4,d,4423;5366;5416;6116,uuud,1;2;3;4,1;2;4;3,3,1,3,3:descent,1,0,True,5416,u,6116,True,GHOST
0.5,869,2,u,4429;5490,uu,1;2,2;1,1,1,1,1:descent,1,0,True,4429,u,5490,True,STALE_WINS
0.5,576,1,u,4441,u,1,1,0,0,-,-,0,0,False,4441,u,4441,False,MATCH
0.5,288,3,u,4449;4853;5764,uuu,1;2;3,1;2;3,2,0,-,-,0,0,False,5764,u,5764,False,MATCH
0.5,1191,1,u,4456,u,1,1,0,0,-,-,0,0,False,4456,u,4456,False,MATCH
0.5,899,7,u,4457;5424;5729;6453;6647;6794;7290,uuuuuuu,1;2;3;4;5;6;7,2;1;3;5;4;6;7,6,2,1;4,1:invisible;4:invisible,0,2,False,7290,u,7290,False,MATCH
0.5,300,3,u,4478;5746;7089,uuu,1;2;3,1;2;3,2,0,-,-,0,0,False,7089,u,7089,False,MATCH
0.5,1081,2,u,4493;5943,uu,1;2,1;2,1,0,-,-,0,0,False,5943,u,5943,False,MATCH
0.5,878,2,u,4509;4725,uu,1;2,1;2,1,0,-,-,0,0,False,4725,u,4725,False,MATCH
0.5,688,3,u,4511;4589;5483,uuu,1;2;3,2;3;1,2,2,1;2,1:invisible;2:descent,1,1,True,4589,u,5483,True,STALE_WINS
0.5,573,2,u,4516;6190,uu,1;2,1;2,1,0,-,-,0,0,False,6190,u,6190,False,MATCH
0.5,598,2,u,4529;4624,uu,1;2,1;2,1,0,-,-,0,0,False,4624,u,4624,False,MATCH
0.5,340,6,u,4535;5488;5579;6012;6081;6134,uuuuuu,1;2;3;4;5;6,2;1;4;5;3;6,5,3,1;3;4,1:invisible;3:invisible;4:invisible,0,3,False,6134,u,6134,False,MATCH
0.5,11,1,u,4539,u,1,1,0,0,-,-,0,0,False,4539,u,4539,False,MATCH
0.5,439,2,u,4556;7019,uu,1;2,2;1,1,1,1,1:descent,1,0,True,4556,u,7019,True,STALE_WINS
0.5,1096,2,u,4561;4994,uu,1;2,1;2,1,0,-,-,0,0,False,4994,u,4994,False,MATCH
0.5,848,5,u,4567;4733;5188;5829;6261,uuuuu,1;2;3;4;5,2;3;1;4;5,4,2,1;2,1:invisible;2:invisible,0,2,False,6261,u,6261,False,MATCH
0.5,491,2,u,4573;4882,uu,1;2,1;2,1,0,-,-,0,0,False,4882,u,4882,False,MATCH
0.5,188,1,u,4574,u,1,1,0,0,-,-,0,0,False,4574,u,4574,False,MATCH
0.5,131,1,u,4577,u,1,1,0,0,-,-,0,0,False,4577,u,4577,False,MATCH
0.5,464,1,u,4578,u,1,1,0,0,-,-,0,0,False,4578,u,4578,False,MATCH
0.5,260,2,u,4586;4683,uu,1;2,1;2,1,0,-,-,0,0,False,4683,u,4683,False,MATCH
0.5,994,1,u,4591,u,1,1,0,0,-,-,0,0,False,4591,u,4591,False,MATCH
0.5,726,4,u,4594;5665;6182;7231,uuuu,1;2;3;4,1;2;3;4,3,0,-,-,0,0,False,7231,u,7231,False,MATCH
0.5,626,2,u,4611;7378,uu,1;2,2;1,1,1,1,1:descent,1,0,True,4611,u,7378,True,STALE_WINS
0.5,210,1,u,4615,u,1,1,0,0,-,-,0,0,False,4615,u,4615,False,MATCH
0.5,15,2,u,4625;6363,uu,1;2,2;1,1,1,1,1:descent,1,0,True,4625,u,6363,True,STALE_WINS
0.5,295,1,u,4644,u,1,1,0,0,-,-,0,0,False,4644,u,4644,False,MATCH
0.5,572,2,d,4664;6723,ud,1;2,2;1,1,1,1,1:descent,1,0,True,4664,u,6723,True,GHOST
0.5,414,1,u,4678,u,1,1,0,0,-,-,0,0,False,4678,u,4678,False,MATCH
0.5,673,5,u,4698;4710;4974;6504;6578,uuuuu,1;2;3;4;5,2;3;4;5;1,4,4,1;2;3;4,1:invisible;2:invisible;3:invisible;4:descent,1,3,True,6504,u,6578,True,STALE_WINS
0.5,514,4,u,4705;6365;6712;6837,uuuu,1;2;3;4,1;2;3;4,3,0,-,-,0,0,False,6837,u,6837,False,MATCH
0.5,194,2,u,4711;5967,uu,1;2,1;2,1,0,-,-,0,0,False,5967,u,5967,False,MATCH
0.5,956,3,u,4726;5630;5789,uuu,1;2;3,2;1;3,2,1,1,1:invisible,0,1,False,5789,u,5789,False,MATCH
0.5,139,2,u,4730;7102,uu,1;2,2;1,1,1,1,1:descent,1,0,True,4730,u,7102,True,STALE_WINS
0.5,578,4,u,4741;5144;6904;7084,uuuu,1;2;3;4,2;1;3;4,3,1,1,1:invisible,0,1,False,7084,u,7084,False,MATCH
0.5,752,1,u,4747,u,1,1,0,0,-,-,0,0,False,4747,u,4747,False,MATCH
0.5,508,1,u,4765,u,1,1,0,0,-,-,0,0,False,4765,u,4765,False,MATCH
0.5,609,1,u,4771,u,1,1,0,0,-,-,0,0,False,4771,u,4771,False,MATCH
0.5,810,3,c,4783;6231;7311,udc,1;2;3,1;3;2,2,1,2,2:descent,1,0,True,6231,d,7311,True,MISSING_CURRENT
0.5,676,4,u,4788;5291;5361;7296,uuuu,1;2;3;4,2;3;4;1,3,3,1;2;3,1:invisible;2:invisible;3:descent,1,2,True,5361,u,7296,True,STALE_WINS
0.5,376,1,u,4798,u,1,1,0,0,-,-,0,0,False,4798,u,4798,False,MATCH
0.5,162,1,u,4803,u,1,1,0,0,-,-,0,0,False,4803,u,4803,False,MATCH
0.5,1050,2,u,4807;4820,uu,1;2,2;1,1,1,1,1:descent,1,0,True,4807,u,4820,True,STALE_WINS
0.5,41,2,u,4840;6041,uu,1;2,2;1,1,1,1,1:descent,1,0,True,4840,u,6041,True,STALE_WINS
0.5,739,1,u,4843,u,1,1,0,0,-,-,0,0,False,4843,u,4843,False,MATCH
0.5,261,4,d,4875;5170;5662;6566,uuud,1;2;3;4,1;3;4;2,3,2,2;3,2:invisible;3:descent,1,1,True,5662,u,6566,True,GHOST
0.5,1168,1,u,4887,u,1,1,0,0,-,-,0,0,False,4887,u,4887,False,MATCH
0.5,316,2,u,4893;5725,uu,1;2,2;1,1,1,1,1:descent,1,0,True,4893,u,5725,True,STALE_WINS
0.5,1046,4,u,4900;5500;6509;6758,uuuu,1;2;3;4,1;2;3;4,3,0,-,-,0,0,False,6758,u,6758,False,MATCH
0.5,533,1,u,4902,u,1,1,0,0,-,-,0,0,False,4902,u,4902,False,MATCH
0.5,1196,3,u,4907;5498;6163,uuu,1;2;3,1;2;3,2,0,-,-,0,0,False,6163,u,6163,False,MATCH
0.5,715,1,u,4934,u,1,1,0,0,-,-,0,0,False,4934,u,4934,False,MATCH
0.5,95,2,u,4940;5910,uu,1;2,1;2,1,0,-,-,0,0,False,5910,u,5910,False,MATCH
0.5,268,2,d,4950;6572,ud,1;2,1;2,1,0,-,-,0,0,False,6572,d,6572,False,MATCH
0.5,873,5,u,4956;5208;5460;6426;6958,uuuuu,1;2;3;4;5,1;2;4;5;3,4,2,3;4,3:invisible;4:descent,1,1,True,6426,u,6958,True,STALE_WINS
0.5,1013,3,u,4959;5564;6037,uuu,1;2;3,2;1;3,2,1,1,1:invisible,0,1,False,6037,u,6037,False,MATCH
0.5,580,2,u,4987;5238,uu,1;2,1;2,1,0,-,-,0,0,False,5238,u,5238,False,MATCH
0.5,1093,4,u,5007;5763;6568;6845,uuuu,1;2;3;4,1;3;2;4,3,1,2,2:invisible,0,1,False,6845,u,6845,False,MATCH
0.5,69,3,u,5008;5915;7168,uuu,1;2;3,2;3;1,2,2,1;2,1:invisible;2:descent,1,1,True,5915,u,7168,True,STALE_WINS
0.5,408,2,u,5017;5042,uu,1;2,1;2,1,0,-,-,0,0,False,5042,u,5042,False,MATCH
0.5,835,1,u,5020,u,1,1,0,0,-,-,0,0,False,5020,u,5020,False,MATCH
0.5,449,3,u,5026;6490;6673,uuu,1;2;3,1;2;3,2,0,-,-,0,0,False,6673,u,6673,False,MATCH
0.5,943,2,u,5030;7016,uu,1;2,2;1,1,1,1,1:descent,1,0,True,5030,u,7016,True,STALE_WINS
0.5,893,3,u,5043;5397;7222,uuu,1;2;3,1;3;2,2,1,2,2:descent,1,0,True,5397,u,7222,True,STALE_WINS
0.5,163,4,u,5053;5824;6194;7172,uuuu,1;2;3;4,2;1;4;3,3,2,1;3,1:invisible;3:descent,1,1,True,6194,u,7172,True,STALE_WINS
0.5,806,3,u,5061;6222;6873,uuu,1;2;3,2;3;1,2,2,1;2,1:invisible;2:descent,1,1,True,6222,u,6873,True,STALE_WINS
0.5,535,1,u,5063,u,1,1,0,0,-,-,0,0,False,5063,u,5063,False,MATCH
0.5,197,3,u,5105;6160;6935,uuu,1;2;3,1;2;3,2,0,-,-,0,0,False,6935,u,6935,False,MATCH
0.5,94,2,u,5115;6554,uu,1;2,2;1,1,1,1,1:descent,1,0,True,5115,u,6554,True,STALE_WINS
0.5,857,1,u,5116,u,1,1,0,0,-,-,0,0,False,5116,u,5116,False,MATCH
0.5,467,1,u,5133,u,1,1,0,0,-,-,0,0,False,5133,u,5133,False,MATCH
0.5,443,3,c,5134;7206;7207,udc,1;2;3,1;3;2,2,1,2,2:descent,1,0,True,7206,d,7207,True,MISSING_CURRENT
0.5,111,2,u,5135;5939,uu,1;2,2;1,1,1,1,1:descent,1,0,True,5135,u,5939,True,STALE_WINS
0.5,388,2,u,5156;6393,uu,1;2,1;2,1,0,-,-,0,0,False,6393,u,6393,False,MATCH
0.5,560,2,u,5161;5545,uu,1;2,2;1,1,1,1,1:descent,1,0,True,5161,u,5545,True,STALE_WINS
0.5,822,1,u,5207,u,1,1,0,0,-,-,0,0,False,5207,u,5207,False,MATCH
0.5,978,2,u,5213;7245,uu,1;2,2;1,1,1,1,1:descent,1,0,True,5213,u,7245,True,STALE_WINS
0.5,495,1,u,5218,u,1,1,0,0,-,-,0,0,False,5218,u,5218,False,MATCH
0.5,674,2,u,5241;6587,uu,1;2,1;2,1,0,-,-,0,0,False,6587,u,6587,False,MATCH
0.5,348,2,u,5249;5726,uu,1;2,1;2,1,0,-,-,0,0,False,5726,u,5726,False,MATCH
0.5,631,1,u,5263,u,1,1,0,0,-,-,0,0,False,5263,u,5263,False,MATCH
0.5,161,2,u,5264;5705,uu,1;2,2;1,1,1,1,1:descent,1,0,True,5264,u,5705,True,STALE_WINS
0.5,286,2,u,5266;5872,uu,1;2,1;2,1,0,-,-,0,0,False,5872,u,5872,False,MATCH
0.5,685,2,u,5273;6439,uu,1;2,1;2,1,0,-,-,0,0,False,6439,u,6439,False,MATCH
0.5,497,2,d,5278;7000,ud,1;2,1;2,1,0,-,-,0,0,False,7000,d,7000,False,MATCH
0.5,950,1,u,5306,u,1,1,0,0,-,-,0,0,False,5306,u,5306,False,MATCH
0.5,483,1,u,5307,u,1,1,0,0,-,-,0,0,False,5307,u,5307,False,MATCH
0.5,431,2,d,5319;5733,ud,1;2,2;1,1,1,1,1:descent,1,0,True,5319,u,5733,True,GHOST
0.5,269,4,u,5325;5799;6795;6812,uuuu,1;2;3;4,2;1;3;4,3,1,1,1:invisible,0,1,False,6812,u,6812,False,MATCH
0.5,1177,1,u,5334,u,1,1,0,0,-,-,0,0,False,5334,u,5334,False,MATCH
0.5,274,2,u,5337;7020,uu,1;2,1;2,1,0,-,-,0,0,False,7020,u,7020,False,MATCH
0.5,942,2,u,5346;7391,uu,1;2,2;1,1,1,1,1:descent,1,0,True,5346,u,7391,True,STALE_WINS
0.5,281,2,u,5354;7042,uu,1;2,2;1,1,1,1,1:descent,1,0,True,5354,u,7042,True,STALE_WINS
0.5,667,2,u,5357;6505,uu,1;2,2;1,1,1,1,1:descent,1,0,True,5357,u,6505,True,STALE_WINS
0.5,156,3,u,5391;5843;6573,uuu,1;2;3,2;3;1,2,2,1;2,1:invisible;2:descent,1,1,True,5843,u,6573,True,STALE_WINS
0.5,769,1,u,5411,u,1,1,0,0,-,-,0,0,False,5411,u,5411,False,MATCH
0.5,421,2,d,5415;7071,ud,1;2,2;1,1,1,1,1:descent,1,0,True,5415,u,7071,True,GHOST
0.5,450,2,d,5417;6059,ud,1;2,2;1,1,1,1,1:descent,1,0,True,5417,u,6059,True,GHOST
0.5,360,3,u,5467;5762;7255,uuu,1;2;3,1;3;2,2,1,2,2:descent,1,0,True,5762,u,7255,True,STALE_WINS
0.5,630,2,u,5510;6226,uu,1;2,1;2,1,0,-,-,0,0,False,6226,u,6226,False,MATCH
0.5,754,1,u,5516,u,1,1,0,0,-,-,0,0,False,5516,u,5516,False,MATCH
0.5,182,1,u,5541,u,1,1,0,0,-,-,0,0,False,5541,u,5541,False,MATCH
0.5,387,1,u,5562,u,1,1,0,0,-,-,0,0,False,5562,u,5562,False,MATCH
0.5,1055,2,u,5638;6026,uu,1;2,1;2,1,0,-,-,0,0,False,6026,u,6026,False,MATCH
0.5,1138,1,u,5642,u,1,1,0,0,-,-,0,0,False,5642,u,5642,False,MATCH
0.5,85,2,u,5647;6170,uu,1;2,1;2,1,0,-,-,0,0,False,6170,u,6170,False,MATCH
0.5,344,3,u,5652;5757;6769,uuu,1;2;3,1;3;2,2,1,2,2:descent,1,0,True,5757,u,6769,True,STALE_WINS
0.5,70,1,u,5659,u,1,1,0,0,-,-,0,0,False,5659,u,5659,False,MATCH
0.5,554,1,u,5672,u,1,1,0,0,-,-,0,0,False,5672,u,5672,False,MATCH
0.5,1159,1,u,5700,u,1,1,0,0,-,-,0,0,False,5700,u,5700,False,MATCH
0.5,679,1,u,5743,u,1,1,0,0,-,-,0,0,False,5743,u,5743,False,MATCH
0.5,998,1,u,5754,u,1,1,0,0,-,-,0,0,False,5754,u,5754,False,MATCH
0.5,862,3,u,5755;6550;7124,uuu,1;2;3,2;1;3,2,1,1,1:invisible,0,1,False,7124,u,7124,False,MATCH
0.5,875,2,u,5775;6788,uu,1;2,2;1,1,1,1,1:descent,1,0,True,5775,u,6788,True,STALE_WINS
0.5,287,1,u,5792,u,1,1,0,0,-,-,0,0,False,5792,u,5792,False,MATCH
0.5,1000,1,u,5800,u,1,1,0,0,-,-,0,0,False,5800,u,5800,False,MATCH
0.5,217,2,u,5812;6154,uu,1;2,2;1,1,1,1,1:descent,1,0,True,5812,u,6154,True,STALE_WINS
0.5,924,1,u,5830,u,1,1,0,0,-,-,0,0,False,5830,u,5830,False,MATCH
0.5,346,4,u,5836;6862;7320;7375,uuuu,1;2;3;4,2;1;4;3,3,2,1;3,1:invisible;3:descent,1,1,True,7320,u,7375,True,STALE_WINS
0.5,872,1,u,5852,u,1,1,0,0,-,-,0,0,False,5852,u,5852,False,MATCH
0.5,996,1,u,5862,u,1,1,0,0,-,-,0,0,False,5862,u,5862,False,MATCH
0.5,327,1,u,5864,u,1,1,0,0,-,-,0,0,False,5864,u,5864,False,MATCH
0.5,1038,1,u,5874,u,1,1,0,0,-,-,0,0,False,5874,u,5874,False,MATCH
0.5,632,2,u,5881;6736,uu,1;2,1;2,1,0,-,-,0,0,False,6736,u,6736,False,MATCH
0.5,753,2,d,5969;7374,ud,1;2,1;2,1,0,-,-,0,0,False,7374,d,7374,False,MATCH
0.5,84,1,u,5972,u,1,1,0,0,-,-,0,0,False,5972,u,5972,False,MATCH
0.5,176,1,u,5973,u,1,1,0,0,-,-,0,0,False,5973,u,5973,False,MATCH
0.5,213,1,u,5993,u,1,1,0,0,-,-,0,0,False,5993,u,5993,False,MATCH
0.5,216,1,u,6029,u,1,1,0,0,-,-,0,0,False,6029,u,6029,False,MATCH
0.5,257,1,u,6035,u,1,1,0,0,-,-,0,0,False,6035,u,6035,False,MATCH
0.5,152,2,u,6052;7365,uu,1;2,1;2,1,0,-,-,0,0,False,7365,u,7365,False,MATCH
0.5,894,2,u,6068;6809,uu,1;2,1;2,1,0,-,-,0,0,False,6809,u,6809,False,MATCH
0.5,919,1,u,6069,u,1,1,0,0,-,-,0,0,False,6069,u,6069,False,MATCH
0.5,338,1,u,6083,u,1,1,0,0,-,-,0,0,False,6083,u,6083,False,MATCH
0.5,35,1,u,6100,u,1,1,0,0,-,-,0,0,False,6100,u,6100,False,MATCH
0.5,134,1,u,6102,u,1,1,0,0,-,-,0,0,False,6102,u,6102,False,MATCH
0.5,1195,4,d,6125;6768;6924;7117,uuud,1;2;3;4,2;3;1;4,3,2,1;2,1:invisible;2:invisible,0,2,False,7117,d,7117,False,MATCH
0.5,1149,1,u,6145,u,1,1,0,0,-,-,0,0,False,6145,u,6145,False,MATCH
0.5,160,1,u,6151,u,1,1,0,0,-,-,0,0,False,6151,u,6151,False,MATCH
0.5,232,2,u,6168;6529,uu,1;2,1;2,1,0,-,-,0,0,False,6529,u,6529,False,MATCH
0.5,1144,1,u,6191,u,1,1,0,0,-,-,0,0,False,6191,u,6191,False,MATCH
0.5,683,1,u,6227,u,1,1,0,0,-,-,0,0,False,6227,u,6227,False,MATCH
0.5,916,1,u,6257,u,1,1,0,0,-,-,0,0,False,6257,u,6257,False,MATCH
0.5,796,1,u,6262,u,1,1,0,0,-,-,0,0,False,6262,u,6262,False,MATCH
0.5,747,2,u,6286;6354,uu,1;2,2;1,1,1,1,1:descent,1,0,True,6286,u,6354,True,STALE_WINS
0.5,1258,3,u,6289;6726;6791,cuu,1;2;3,1;3;2,2,1,2,2:descent,1,0,True,6726,u,6791,True,STALE_WINS
0.5,368,2,u,6302;6460,uu,1;2,1;2,1,0,-,-,0,0,False,6460,u,6460,False,MATCH
0.5,751,2,d,6315;6760,ud,1;2,1;2,1,0,-,-,0,0,False,6760,d,6760,False,MATCH
0.5,656,1,u,6362,u,1,1,0,0,-,-,0,0,False,6362,u,6362,False,MATCH
0.5,511,1,u,6444,u,1,1,0,0,-,-,0,0,False,6444,u,6444,False,MATCH
0.5,363,1,u,6467,u,1,1,0,0,-,-,0,0,False,6467,u,6467,False,MATCH
0.5,761,1,u,6475,u,1,1,0,0,-,-,0,0,False,6475,u,6475,False,MATCH
0.5,411,1,u,6489,u,1,1,0,0,-,-,0,0,False,6489,u,6489,False,MATCH
0.5,302,1,u,6494,u,1,1,0,0,-,-,0,0,False,6494,u,6494,False,MATCH
0.5,705,1,u,6532,u,1,1,0,0,-,-,0,0,False,6532,u,6532,False,MATCH
0.5,1021,3,u,6537;6661;7014,uuu,1;2;3,2;1;3,2,1,1,1:invisible,0,1,False,7014,u,7014,False,MATCH
0.5,1105,1,u,6546,u,1,1,0,0,-,-,0,0,False,6546,u,6546,False,MATCH
0.5,665,1,u,6592,u,1,1,0,0,-,-,0,0,False,6592,u,6592,False,MATCH
0.5,966,3,u,6621;6984;7091,uuu,1;2;3,2;3;1,2,2,1;2,1:invisible;2:descent,1,1,True,6984,u,7091,True,STALE_WINS
0.5,180,1,u,6686,u,1,1,0,0,-,-,0,0,False,6686,u,6686,False,MATCH
0.5,1012,3,u,6703;6927;7404,uuu,1;2;3,2;1;3,2,1,1,1:invisible,0,1,False,7404,u,7404,False,MATCH
0.5,691,1,u,6704,u,1,1,0,0,-,-,0,0,False,6704,u,6704,False,MATCH
0.5,309,2,u,6714;6741,uu,1;2,2;1,1,1,1,1:descent,1,0,True,6714,u,6741,True,STALE_WINS
0.5,1125,1,u,6786,u,1,1,0,0,-,-,0,0,False,6786,u,6786,False,MATCH
0.5,209,2,u,6802;7097,uu,1;2,2;1,1,1,1,1:descent,1,0,True,6802,u,7097,True,STALE_WINS
0.5,104,1,u,6839,u,1,1,0,0,-,-,0,0,False,6839,u,6839,False,MATCH
0.5,961,1,u,6842,u,1,1,0,0,-,-,0,0,False,6842,u,6842,False,MATCH
0.5,122,1,u,6848,u,1,1,0,0,-,-,0,0,False,6848,u,6848,False,MATCH
0.5,666,1,u,6866,u,1,1,0,0,-,-,0,0,False,6866,u,6866,False,MATCH
0.5,1160,1,u,6875,u,1,1,0,0,-,-,0,0,False,6875,u,6875,False,MATCH
0.5,330,1,u,6881,u,1,1,0,0,-,-,0,0,False,6881,u,6881,False,MATCH
0.5,846,1,u,6923,u,1,1,0,0,-,-,0,0,False,6923,u,6923,False,MATCH
0.5,52,1,u,6925,u,1,1,0,0,-,-,0,0,False,6925,u,6925,False,MATCH
0.5,119,1,u,6926,u,1,1,0,0,-,-,0,0,False,6926,u,6926,False,MATCH
0.5,749,1,u,6937,u,1,1,0,0,-,-,0,0,False,6937,u,6937,False,MATCH
0.5,562,1,u,6954,u,1,1,0,0,-,-,0,0,False,6954,u,6954,False,MATCH
0.5,1133,2,d,7009;7054,ud,1;2,1;2,1,0,-,-,0,0,False,7054,d,7054,False,MATCH
0.5,117,3,d,7043;7269;7366,uud,1;2;3,1;2;3,2,0,-,-,0,0,False,7366,d,7366,False,MATCH
0.5,1214,2,u,7044;7165,cu,1;2,1;2,1,0,-,-,0,0,False,7165,u,7165,False,MATCH
0.5,1185,1,u,7052,u,1,1,0,0,-,-,0,0,False,7052,u,7052,False,MATCH
0.5,71,1,u,7057,u,1,1,0,0,-,-,0,0,False,7057,u,7057,False,MATCH
0.5,1085,1,u,7059,u,1,1,0,0,-,-,0,0,False,7059,u,7059,False,MATCH
0.5,149,1,u,7072,u,1,1,0,0,-,-,0,0,False,7072,u,7072,False,MATCH
0.5,1053,1,u,7082,u,1,1,0,0,-,-,0,0,False,7082,u,7082,False,MATCH
0.5,918,2,d,7093;7178,ud,1;2,1;2,1,0,-,-,0,0,False,7178,d,7178,False,MATCH
0.5,382,1,u,7116,u,1,1,0,0,-,-,0,0,False,7116,u,7116,False,MATCH
0.5,952,1,u,7132,u,1,1,0,0,-,-,0,0,False,7132,u,7132,False,MATCH
0.5,695,1,u,7169,u,1,1,0,0,-,-,0,0,False,7169,u,7169,False,MATCH
0.5,200,1,u,7187,u,1,1,0,0,-,-,0,0,False,7187,u,7187,False,MATCH
0.5,896,1,u,7203,u,1,1,0,0,-,-,0,0,False,7203,u,7203,False,MATCH
0.5,253,1,u,7209,u,1,1,0,0,-,-,0,0,False,7209,u,7209,False,MATCH
0.5,504,1,u,7215,u,1,1,0,0,-,-,0,0,False,7215,u,7215,False,MATCH
0.5,762,1,u,7308,u,1,1,0,0,-,-,0,0,False,7308,u,7308,False,MATCH
0.5,204,1,u,7331,u,1,1,0,0,-,-,0,0,False,7331,u,7331,False,MATCH
0.5,543,1,u,7338,u,1,1,0,0,-,-,0,0,False,7338,u,7338,False,MATCH
0.5,531,1,u,7342,u,1,1,0,0,-,-,0,0,False,7342,u,7342,False,MATCH
