key_id,m,competitive_lsns,competitive_ops,clean_seqs,final_seqs,n_pairs,fired_pairs,last_pair_uniform,last_pair_fired,tail_op,current_lsn,winner_vidx,winner_seq,winner_lsn,winner_op,present,violated,verdict
1253,4,1201;1969;5703;5709,cuuu,1;2;3;4,2;1;3;4,3,1,0.748678,False,u,5709,3,4,5709,u,1,False,MATCH
358,9,1202;2928;2951;3401;4641;5233;5850;6608;7359,uuuuuuuud,1;2;3;4;5;6;7;8;9,1;2;3;5;4;6;7;8;9,8,4,0.747974,False,d,7359,8,9,7359,d,0,False,MATCH
890,6,1203;1668;1934;3449;5080;5511,uuuuuu,1;2;3;4;5;6,1;3;4;2;5;6,5,2;3,0.815066,False,u,5511,5,6,5511,u,1,False,MATCH
179,10,1204;2439;2796;3742;3908;3951;4093;5569;6418;7037,uuuuuuuuuu,1;2;3;4;5;6;7;8;9;10,2;1;3;4;6;7;8;5;9;10,9,1;5;6;7,0.600692,False,u,7037,9,10,7037,u,1,False,MATCH
49,7,1205;1233;3695;4275;5683;6045;6381,uuuuuuu,1;2;3;4;5;6;7,1;3;2;4;5;7;6,6,2;6,0.227326,True,u,6381,5,7,6045,u,1,True,STALE_WINS
748,6,1206;1432;1461;4637;5154;6964,uuuuuu,1;2;3;4;5;6,1;3;2;5;4;6,5,2;4,0.517285,False,u,6964,5,6,6964,u,1,False,MATCH
1029,9,1207;1290;1815;4786;5747;6161;6995;7125;7322,uuuuuuuuu,1;2;3;4;5;6;7;8;9,1;3;2;4;5;6;7;8;9,8,2,0.619245,False,u,7322,8,9,7322,u,1,False,MATCH
301,12,1208;2592;2987;3049;3676;3790;4427;5517;5885;6176;6747;6755,uuuuuuuuuuuu,1;2;3;4;5;6;7;8;9;10;11;12,1;2;4;3;5;6;7;8;9;10;11;12,11,3,0.603585,False,u,6755,11,12,6755,u,1,False,MATCH
823,14,1209;1758;2235;3044;3527;4816;4861;5392;6178;6309;6558;6734;6739;6945,uuuuuuuuuuuuuu,1;2;3;4;5;6;7;8;9;10;11;12;13;14,1;2;3;4;5;6;8;7;9;10;11;12;13;14,13,7,0.768895,False,u,6945,13,14,6945,u,1,False,MATCH
1072,27,1210;2065;2148;2470;3055;3110;3457;3524;3541;3747;4152;4208;4428;4947;5072;5075;5121;5193;5780;5816;6120;6137;6334;6539;6689;6800;7232,uuuuuuuuuuuuuuuuuuuuuuuuuuu,1;2;3;4;5;6;7;8;9;10;11;12;13;14;15;16;17;18;19;20;21;22;23;24;25;26;27,1;2;3;5;4;6;7;9;8;10;11;13;14;12;15;16;18;17;20;19;21;23;22;24;25;26;27,26,4;8;12;13;17;19;22,0.604401,False,u,7232,26,27,7232,u,1,False,MATCH
527,50,1211;1235;1513;1762;1809;1897;1901;1904;1949;2071;2110;2168;2437;2460;2647;2931;3593;3981;3996;4008;4204;4238;4261;4460;4506;4600;4808;4869;4880;4889;5022;5143;5209;5258;5423;5450;5531;5637;5675;5847;5856;6053;6166;6183;6335;6450;6983;7006;7119;7152,uuuuuuuuuuuuuuuuuuuuuuuuuuuuuuuuuuuuuuuuuuuuuuuudc,1;2;3;4;5;6;7;8;9;10;11;12;13;14;15;16;17;18;19;20;21;22;23;24;25;26;27;28;29;30;31;32;33;34;35;36;37;38;39;40;41;42;43;44;45;46;47;48;49;50,2;1;4;3;5;6;7;9;8;10;11;12;13;14;15;17;16;18;20;19;22;21;23;24;25;26;27;28;29;30;32;31;33;34;35;37;36;38;39;41;40;42;43;44;45;46;47;48;49;50,49,1;3;8;16;19;21;31;36;40,0.419294,False,c,7152,49,50,7152,c,1,False,MATCH
542,10,1212;3733;3982;4183;4207;4414;5294;5378;6780;7076,uuuuuuuuuu,1;2;3;4;5;6;7;8;9;10,1;2;3;4;6;5;7;8;10;9,9,5;9,0.176009,True,u,7076,8,10,6780,u,1,True,STALE_WINS
66,9,1213;1281;1581;1785;2939;4145;4581;4980;7063,uuuuuuuuu,1;2;3;4;5;6;7;8;9,1;2;3;4;5;6;7;9;8,8,8,0.131003,True,u,7063,7,9,4980,u,1,True,STALE_WINS
407,3,1214;4602;4841,uuu,1;2;3,1;2;3,2,-,0.417061,False,u,4841,2,3,4841,u,1,False,MATCH
556,8,1215;2708;3331;3847;5192;5801;5809;6561,uuuuuuuu,1;2;3;4;5;6;7;8,2;3;1;5;6;7;4;8,7,1;2;4;5;6,0.437836,False,u,6561,7,8,6561,u,1,False,MATCH
267,7,1216;1644;2362;2587;3217;5914;6198,uuuuuuu,1;2;3;4;5;6;7,2;1;3;4;6;5;7,6,1;5,0.683899,False,u,6198,6,7,6198,u,1,False,MATCH
224,13,1217;1249;1257;1658;2973;3116;3184;3719;5124;6019;6275;6339;6805,uuuuuuuuuuuud,1;2;3;4;5;6;7;8;9;10;11;12;13,1;2;3;4;5;6;7;9;10;8;11;12;13,12,8;9,0.849177,False,d,6805,12,13,6805,d,0,False,MATCH
719,7,1218;2857;2991;3497;4199;6038;7177,uuuuuuu,1;2;3;4;5;6;7,1;2;4;5;3;6;7,6,3;4,0.613441,False,u,7177,6,7,7177,u,1,False,MATCH
988,10,1219;2283;2623;3544;3609;3711;3712;6095;6415;7229,uuuuuuuudc,1;2;3;4;5;6;7;8;9;10,2;1;3;5;4;6;7;8;9;10,9,1;4,0.973349,False,c,7229,9,10,7229,c,1,False,MATCH
10,9,1220;1864;2155;3165;3583;4775;4804;6338;6874,uuuuuuuuu,1;2;3;4;5;6;7;8;9,1;2;3;4;5;7;6;9;8,8,6;8,0.213827,True,u,6874,7,9,6338,u,1,True,STALE_WINS
962,2,1221;4246,uu,1;2,1;2,1,-,0.776781,False,u,4246,1,2,4246,u,1,False,MATCH
1161,5,1222;1842;2863;5191;6853,uuuud,1;2;3;4;5,2;1;3;4;5,4,1,0.477816,False,d,6853,4,5,6853,d,0,False,MATCH
400,5,1223;1451;4110;6487;7036,uuuuu,1;2;3;4;5,1;2;3;4;5,4,-,0.452336,False,u,7036,4,5,7036,u,1,False,MATCH
425,5,1224;1717;3393;4060;4298,uuuud,1;2;3;4;5,2;1;4;3;5,4,1;3,0.313428,False,d,4298,4,5,4298,d,0,False,MATCH
567,10,1225;1996;2039;2574;3891;5044;6299;6584;6733;7280,uuuuuuuuuu,1;2;3;4;5;6;7;8;9;10,1;2;4;5;6;3;7;8;9;10,9,3;4;5,0.478180,False,u,7280,9,10,7280,u,1,False,MATCH
734,8,1226;2534;2570;2676;3730;4161;6986;7272,uuuuuuuu,1;2;3;4;5;6;7;8,1;2;3;4;5;6;7;8,7,-,0.991353,False,u,7272,7,8,7272,u,1,False,MATCH
623,19,1227;1312;1325;1641;1817;2156;2252;2456;2766;2835;2871;3374;3423;3432;4743;5588;6131;6813;7121,uuuuuuuuuuuuuuuuuuu,1;2;3;4;5;6;7;8;9;10;11;12;13;14;15;16;17;18;19,2;1;3;4;6;5;7;8;9;11;10;12;14;13;15;17;16;18;19,18,1;5;10;13;16,0.433512,False,u,7121,18,19,7121,u,1,False,MATCH
456,9,1228;1280;2976;3221;4285;4609;4929;6413;7078,uuuuuuuuu,1;2;3;4;5;6;7;8;9,2;1;3;4;5;6;7;9;8,8,1;8,0.074764,True,u,7078,7,9,6413,u,1,True,STALE_WINS
836,21,1229;1517;1748;1771;1928;3310;3314;3402;3474;3536;4235;4351;4590;5084;5265;5329;5358;5556;5606;5668;6996,uuuuuuuuuuuuuuuuuuuuu,1;2;3;4;5;6;7;8;9;10;11;12;13;14;15;16;17;18;19;20;21,1;3;2;5;4;6;8;9;7;10;11;12;14;13;16;15;17;18;20;19;21,20,2;4;7;8;13;15;19,0.462069,False,u,6996,20,21,6996,u,1,False,MATCH
1006,2,1230;1511,uu,1;2,1;2,1,-,0.272213,False,u,1511,1,2,1511,u,1,False,MATCH
599,8,1231;2557;3881;4190;5092;5632;6185;6542,uuuuuuuu,1;2;3;4;5;6;7;8,1;2;4;3;5;6;7;8,7,3,0.298783,False,u,6542,7,8,6542,u,1,False,MATCH
563,4,1232;1275;3708;6459,uuuu,1;2;3;4,2;1;3;4,3,1,0.897009,False,u,6459,3,4,6459,u,1,False,MATCH
412,13,1234;1355;1636;1760;1915;2465;3416;3643;4038;4623;5479;6841;7348,uuuuuuuuuuuuu,1;2;3;4;5;6;7;8;9;10;11;12;13,1;3;2;4;6;5;8;9;7;10;11;13;12,12,2;5;7;8;12,0.222683,True,u,7348,11,13,6841,u,1,True,STALE_WINS
1124,12,1236;2581;2692;2784;3431;3899;4267;5198;5458;6023;7069;7312,uuuuuuuuuuuu,1;2;3;4;5;6;7;8;9;10;11;12,1;3;2;4;5;6;8;7;9;10;11;12,11,2;7,0.680820,False,u,7312,11,12,7312,u,1,False,MATCH
1074,4,1237;1538;4919;4985,uuuu,1;2;3;4,1;3;4;2,3,2;3,0.075858,True,u,4985,2,4,4919,u,1,True,STALE_WINS
597,10,1238;2844;3030;3064;3607;3628;3787;4172;4276;6024,uuuuuuuuud,1;2;3;4;5;6;7;8;9;10,1;2;3;4;6;5;7;9;10;8,9,5;8;9,0.059239,True,d,6024,8,10,4276,u,1,True,GHOST
383,6,1239;1354;3659;4845;5882;6397,uuuuuu,1;2;3;4;5;6,1;2;3;4;5;6,5,-,0.924631,False,u,6397,5,6,6397,u,1,False,MATCH
153,10,1240;2021;2501;3224;4481;5317;5555;5961;6859;7270,uuuuuuuuuu,1;2;3;4;5;6;7;8;9;10,2;1;3;4;5;6;7;9;8;10,9,1;8,0.959168,False,u,7270,9,10,7270,u,1,False,MATCH
1102,3,1241;6055;6783,uuu,1;2;3,1;3;2,2,2,0.082158,True,u,6783,1,3,6055,u,1,True,STALE_WINS
277,16,1242;1287;1368;1478;1850;2858;3803;3880;4107;4309;4434;4547;5279;6564;6695;7267,uuuuuuuuuuuuuuud,1;2;3;4;5;6;7;8;9;10;11;12;13;14;15;16,1;3;2;4;5;6;8;7;9;10;11;12;13;14;15;16,15,2;7,0.978813,False,d,7267,15,16,7267,d,0,False,MATCH
1238,8,1243;1467;3585;3828;4734;6221;7253;7356,cuuuuuuu,1;2;3;4;5;6;7;8,1;3;4;5;6;2;8;7,7,2;3;4;5;7,0.172299,True,u,7356,6,8,7253,u,1,True,STALE_WINS
112,10,1244;1728;2305;4119;4400;5190;5608;5618;6181;7098,uuuuuuuuud,1;2;3;4;5;6;7;8;9;10,1;2;3;4;5;7;6;9;8;10,9,6;8,0.508333,False,d,7098,9,10,7098,d,0,False,MATCH
1116,6,1245;1642;2572;3136;3276;5387,uuuuuu,1;2;3;4;5;6,1;2;3;4;6;5,5,5,0.155507,True,u,5387,4,6,3276,u,1,True,STALE_WINS
880,18,1246;1439;1488;1632;1659;1681;1750;1846;2555;3417;3521;4005;4657;5129;5323;5594;6883;7353,uuuuuuuuuuuuuuuuuu,1;2;3;4;5;6;7;8;9;10;11;12;13;14;15;16;17;18,1;2;4;3;6;5;7;8;9;10;11;13;12;14;15;16;17;18,17,3;5;12,0.790859,False,u,7353,17,18,7353,u,1,False,MATCH
499,6,1247;2487;2798;5596;6152;7361,uuuuuu,1;2;3;4;5;6,1;3;2;4;6;5,5,2;5,0.229913,True,u,7361,4,6,6152,u,1,True,STALE_WINS
652,8,1248;1858;2256;3320;4231;4671;5560;6482,uuuuuuuu,1;2;3;4;5;6;7;8,2;1;3;5;6;7;4;8,7,1;4;5;6,0.505278,False,u,6482,7,8,6482,u,1,False,MATCH
1150,2,1250;2674,uu,1;2,1;2,1,-,0.700895,False,u,2674,1,2,2674,u,1,False,MATCH
399,13,1251;1516;2209;2891;2906;3489;3691;3806;4906;5088;6376;6846;7370,uuuuuuuuuuuuu,1;2;3;4;5;6;7;8;9;10;11;12;13,2;3;1;4;5;6;7;8;10;9;11;12;13,12,1;2;9,0.542209,False,u,7370,12,13,7370,u,1,False,MATCH
671,4,1252;1338;3215;6249,uuuu,1;2;3;4,1;3;2;4,3,2,0.437873,False,u,6249,3,4,6249,u,1,False,MATCH
315,9,1253;2563;2864;3080;4505;5095;5497;5855;6175,uuuuuuuuu,1;2;3;4;5;6;7;8;9,1;2;3;4;5;7;6;8;9,8,6,0.733163,False,u,6175,8,9,6175,u,1,False,MATCH
1164,10,1254;2473;2742;3147;3287;5295;5658;6974;7148;7189,uuuuuuuuuu,1;2;3;4;5;6;7;8;9;10,1;3;2;4;6;7;5;8;9;10,9,2;5;6,0.262090,False,u,7189,9,10,7189,u,1,False,MATCH
1236,2,1255;4532,cu,1;2,1;2,1,-,0.374891,False,u,4532,1,2,4532,u,1,False,MATCH
304,3,1256;3883;6878,uuu,1;2;3,1;2;3,2,-,0.951617,False,u,6878,2,3,6878,u,1,False,MATCH
505,14,1258;1343;1446;1455;3298;3471;3748;4988;5011;5162;6273;7060;7244;7385,uuuuuuuuuuuuud,1;2;3;4;5;6;7;8;9;10;11;12;13;14,1;3;2;4;6;5;7;8;9;11;10;12;14;13,13,2;5;10;13,0.197336,True,d,7385,12,14,7244,u,1,True,GHOST
370,4,1259;2281;5983;7123,uudc,1;2;3;4,1;2;4;3,3,3,0.188303,True,c,7123,2,4,5983,d,0,True,MISSING_CURRENT
469,4,1260;1906;2137;2716,uuuu,1;2;3;4,1;2;3;4,3,-,0.834811,False,u,2716,3,4,2716,u,1,False,MATCH
663,10,1261;2160;2736;3448;4336;4422;4864;5769;6139;7278,uuuuuuuuuu,1;2;3;4;5;6;7;8;9;10,1;2;3;5;4;6;7;8;10;9,9,4;9,0.036528,True,u,7278,8,10,6139,u,1,True,STALE_WINS
1181,9,1262;2331;4495;4642;4744;5573;6655;6808;7226,uuuuuuuud,1;2;3;4;5;6;7;8;9,1;3;2;4;5;6;7;8;9,8,2,0.769146,False,d,7226,8,9,7226,d,0,False,MATCH
855,3,1263;5406;6329,uud,1;2;3,1;2;3,2,-,0.524603,False,d,6329,2,3,6329,d,0,False,MATCH
61,5,1264;2033;2383;3073;3948,uuuuu,1;2;3;4;5,1;2;3;4;5,4,-,0.711252,False,u,3948,4,5,3948,u,1,False,MATCH
477,9,1265;1381;3226;3512;4353;4748;5280;5738;6448,uuuuuuuud,1;2;3;4;5;6;7;8;9,1;3;2;5;4;6;7;8;9,8,2;4,0.765343,False,d,6448,8,9,6448,d,0,False,MATCH
938,3,1266;2361;4321,uuu,1;2;3,1;2;3,2,-,0.809093,False,u,4321,2,3,4321,u,1,False,MATCH
82,11,1267;1311;1320;2316;2379;2870;3292;6248;6960;7171;7190,uuuuuuuuuuu,1;2;3;4;5;6;7;8;9;10;11,1;2;3;5;4;6;7;8;9;10;11,10,4,0.331562,False,u,7190,10,11,7190,u,1,False,MATCH
545,10,1268;1430;1593;1618;1948;4990;5012;5136;5399;6882,uuuuuuuudc,1;2;3;4;5;6;7;8;9;10,1;2;4;3;5;7;6;9;8;10,9,3;6;8,0.683140,False,c,6882,9,10,6882,c,1,False,MATCH
1257,7,1269;2582;3434;3548;4324;7026;7073,cuuuuuu,1;2;3;4;5;6;7,2;1;3;5;4;6;7,6,1;4,0.266305,False,u,7073,6,7,7073,u,1,False,MATCH
13,8,1270;3051;3473;3518;4314;5204;6210;6385,uuuuuuuu,1;2;3;4;5;6;7;8,1;2;4;3;5;6;7;8,7,3,0.408913,False,u,6385,7,8,6385,u,1,False,MATCH
124,3,1271;1683;1930,uuu,1;2;3,1;3;2,2,2,0.062022,True,u,1930,1,3,1683,u,1,True,STALE_WINS
722,8,1272;2712;3039;3118;4141;4142;5267;7276,uuuuuuuu,1;2;3;4;5;6;7;8,1;2;3;4;5;7;8;6,7,6;7,0.099620,True,u,7276,6,8,5267,u,1,True,STALE_WINS
27,2,1273;2544,uu,1;2,1;2,1,-,0.432487,False,u,2544,1,2,2544,u,1,False,MATCH
847,1,1274,u,1,1,0,-,-,False,u,1274,0,1,1274,u,1,False,MATCH
195,6,1276;3452;4301;5141;5185;6663,uuuuuu,1;2;3;4;5;6,1;3;4;2;5;6,5,2;3,0.563942,False,u,6663,5,6,6663,u,1,False,MATCH
723,4,1277;4121;4978;6642,uuuu,1;2;3;4,1;2;3;4,3,-,0.749515,False,u,6642,3,4,6642,u,1,False,MATCH
496,1,1278,u,1,1,0,-,-,False,u,1278,0,1,1278,u,1,False,MATCH
714,23,1279;1297;1560;2327;2573;2650;3661;3886;4257;4411;4572;4894;5060;5237;5701;5795;6073;6079;6764;6777;7075;7271;7286,uuuuuuuuuuuuuuuuuuuuuud,1;2;3;4;5;6;7;8;9;10;11;12;13;14;15;16;17;18;19;20;21;22;23,1;2;3;5;4;6;7;9;8;10;11;13;14;12;15;16;18;17;20;19;22;21;23,22,4;8;12;13;17;19;21,0.545493,False,d,7286,22,23,7286,d,0,False,MATCH
621,16,1282;1705;1731;1970;1995;2059;3176;3481;3664;4526;4806;4981;5409;5612;6635;7108,uuuuuuuuuuuuuuuu,1;2;3;4;5;6;7;8;9;10;11;12;13;14;15;16,1;2;3;4;5;6;7;9;10;8;12;11;13;14;15;16,15,8;9;11,0.303497,False,u,7108,15,16,7108,u,1,False,MATCH
120,6,1283;1707;2255;3758;4992;5603,uuuuuu,1;2;3;4;5;6,1;3;2;4;5;6,5,2,0.719927,False,u,5603,5,6,5603,u,1,False,MATCH
1064,21,1284;1386;1453;2030;2414;2780;3203;3429;3973;4026;4103;4536;5321;5670;5791;6301;6423;6725;6792;6950;6985,uuuuuuuuuuuuuuuuuuuuu,1;2;3;4;5;6;7;8;9;10;11;12;13;14;15;16;17;18;19;20;21,1;2;3;4;5;7;6;8;10;11;9;12;13;14;15;16;17;19;18;21;20,20,6;9;10;18;20,0.098144,True,u,6985,19,21,6950,u,1,True,STALE_WINS
97,1,1285,u,1,1,0,-,-,False,u,1285,0,1,1285,u,1,False,MATCH
690,6,1286;2220;2710;4000;5654;6719,uuuuuu,1;2;3;4;5;6,1;2;3;5;4;6,5,4,0.598822,False,u,6719,5,6,6719,u,1,False,MATCH
900,7,1288;2668;2727;4086;6030;6750;7166,uuuuuud,1;2;3;4;5;6;7,1;2;4;3;5;6;7,6,3,0.690418,False,d,7166,6,7,7166,d,0,False,MATCH
930,8,1289;2045;2260;3483;4217;4941;6307;6707,uuuuuuuu,1;2;3;4;5;6;7;8,1;3;2;4;6;5;7;8,7,2;5,0.392048,False,u,6707,7,8,6707,u,1,False,MATCH
424,9,1291;1468;1865;1997;4171;4417;5090;6835;7070,uuuuuuuuu,1;2;3;4;5;6;7;8;9,1;3;4;2;6;5;8;7;9,8,2;3;5;7,0.333245,False,u,7070,8,9,7070,u,1,False,MATCH
129,1,1292,u,1,1,0,-,-,False,u,1292,0,1,1292,u,1,False,MATCH
227,2,1293;2009,ud,1;2,1;2,1,-,0.550368,False,d,2009,1,2,2009,d,0,False,MATCH
614,1,1294,u,1,1,0,-,-,False,u,1294,0,1,1294,u,1,False,MATCH
1247,16,1295;1793;2242;2513;2747;3254;3678;4137;4587;4821;4912;5372;5838;6308;6516;6556,cuuuuuuuuuuuuuud,1;2;3;4;5;6;7;8;9;10;11;12;13;14;15;16,1;2;3;4;5;6;7;8;9;11;12;10;13;14;15;16,15,10;11,0.441238,False,d,6556,15,16,6556,d,0,False,MATCH
946,1,1296,u,1,1,0,-,-,False,u,1296,0,1,1296,u,1,False,MATCH
1052,6,1298;1657;1692;2874;3924;5250,uuuuuu,1;2;3;4;5;6,2;3;1;4;5;6,5,1;2,0.793136,False,u,5250,5,6,5250,u,1,False,MATCH
915,6,1299;1559;1895;2012;5093;6864,uuuuuu,1;2;3;4;5;6,1;2;3;5;4;6,5,4,0.599579,False,u,6864,5,6,6864,u,1,False,MATCH
1142,9,1300;1465;2116;2151;2915;3827;5728;5740;6910,uuuuuuudc,1;2;3;4;5;6;7;8;9,1;3;2;4;5;7;8;6;9,8,2;6;7,0.879061,False,c,6910,8,9,6910,c,1,False,MATCH
929,11,1301;2981;3060;3765;4004;4241;4542;5426;5711;6127;6230,uuuuuuuuuud,1;2;3;4;5;6;7;8;9;10;11,1;2;3;5;4;6;7;8;9;10;11,10,4,0.366474,False,d,6230,10,11,6230,d,0,False,MATCH
1219,15,1302;1321;3445;3611;3727;3984;4051;4582;4769;5744;5804;5964;6585;6834;7029,cuuuuuuuuuuuudc,1;2;3;4;5;6;7;8;9;10;11;12;13;14;15,1;2;4;3;5;6;7;8;9;10;11;12;13;14;15,14,3,0.924276,False,c,7029,14,15,7029,c,1,False,MATCH
1061,10,1303;1818;2261;3932;4009;4407;4751;5027;5984;7198,uuuuuuuudc,1;2;3;4;5;6;7;8;9;10,1;2;3;4;5;7;6;8;10;9,9,6;9,0.029001,True,c,7198,8,10,5984,d,0,True,MISSING_CURRENT
378,11,1304;2010;2129;2770;3179;3694;4095;4676;6112;6534;7355,uuuuuuuuuuu,1;2;3;4;5;6;7;8;9;10;11,1;3;2;4;5;6;7;8;10;9;11,10,2;9,0.548639,False,u,7355,10,11,7355,u,1,False,MATCH
328,5,1305;1342;2529;3523;5678,uuudc,1;2;3;4;5,1;2;4;3;5,4,3,0.468081,False,c,5678,4,5,5678,c,1,False,MATCH
1179,12,1306;1470;1783;2417;2922;3133;4198;4426;5304;5574;6027;7310,uuuuuuuuuuuu,1;2;3;4;5;6;7;8;9;10;11;12,1;2;4;3;5;7;6;9;8;10;12;11,11,3;6;8;11,0.233103,True,u,7310,10,12,6027,u,1,True,STALE_WINS
702,4,1307;3653;3838;6004,uuuu,1;2;3;4,1;2;3;4,3,-,0.994828,False,u,6004,3,4,6004,u,1,False,MATCH
270,3,1308;1952;7074,uuu,1;2;3,1;2;3,2,-,0.562309,False,u,7074,2,3,7074,u,1,False,MATCH
792,15,1309;1482;1507;1917;2293;3002;5010;5051;5326;5484;5609;6961;7259;7368;7376,uuuuuuuuuuuuuud,1;2;3;4;5;6;7;8;9;10;11;12;13;14;15,1;2;3;4;5;6;7;9;10;8;11;12;14;13;15,14,8;9;13,0.901107,False,d,7376,14,15,7376,d,0,False,MATCH
983,9,1310;1352;2508;3220;3225;4833;5570;6951;7088,uuuuuuuuu,1;2;3;4;5;6;7;8;9,1;2;4;3;5;6;7;8;9,8,3,0.292992,False,u,7088,8,9,7088,u,1,False,MATCH
538,1,1313,u,1,1,0,-,-,False,u,1313,0,1,1313,u,1,False,MATCH
1198,15,1314;1504;2382;2717;2841;3460;4011;4032;4939;4970;5911;5927;6046;6288;6652,uuuuuuuuuuuuuuu,1;2;3;4;5;6;7;8;9;10;11;12;13;14;15,1;2;3;4;5;6;8;9;10;7;11;13;14;15;12,14,7;8;9;12;13;14,0.111051,True,u,6652,13,15,6288,u,1,True,STALE_WINS
506,3,1315;3394;4442,uud,1;2;3,1;2;3,2,-,0.943997,False,d,4442,2,3,4442,d,0,False,MATCH
743,14,1316;1383;1778;2105;2539;2586;3128;3345;4345;4373;5390;5495;6754;7202,uuuuuuuuuuuuud,1;2;3;4;5;6;7;8;9;10;11;12;13;14,1;3;2;4;5;6;7;9;10;8;11;12;14;13,13,2;8;9;13,0.083800,True,d,7202,12,14,6754,u,1,True,GHOST
235,15,1317;1486;1614;2356;2620;2826;2887;3009;3234;3755;4151;5019;5631;5633;7398,uuuuuuuuuuuuuuu,1;2;3;4;5;6;7;8;9;10;11;12;13;14;15,2;1;3;5;4;6;7;8;10;11;9;13;12;15;14,14,1;4;9;10;12;14,0.054921,True,u,7398,13,15,5633,u,1,True,STALE_WINS
5,12,1318;2234;2416;2872;3354;3889;4041;5138;5172;5201;6390;6914,uuuuuuuuuudc,1;2;3;4;5;6;7;8;9;10;11;12,1;2;3;4;5;7;6;8;9;10;11;12,11,6,0.525042,False,c,6914,11,12,6914,c,1,False,MATCH
40,3,1319;1645;3930,uuu,1;2;3,1;2;3,2,-,0.448719,False,u,3930,2,3,3930,u,1,False,MATCH
298,6,1322;3427;3813;4663;5716;6850,uuuuuu,1;2;3;4;5;6,1;2;3;4;6;5,5,5,0.022243,True,u,6850,4,6,5716,u,1,True,STALE_WINS
243,10,1323;2421;3675;3842;4225;4936;5452;5644;5765;6085,uuuuuuuuuu,1;2;3;4;5;6;7;8;9;10,2;1;4;3;5;7;6;8;9;10,9,1;3;6,0.786145,False,u,6085,9,10,6085,u,1,False,MATCH
410,5,1324;1761;4984;7142;7194,uuuuu,1;2;3;4;5,1;2;3;4;5,4,-,0.426573,False,u,7194,4,5,7194,u,1,False,MATCH
780,5,1326;1520;5538;7002;7217,uuuuu,1;2;3;4;5,1;2;3;4;5,4,-,0.811538,False,u,7217,4,5,7217,u,1,False,MATCH
741,4,1327;3482;4832;5421,uuuu,1;2;3;4,1;3;2;4,3,2,0.375172,False,u,5421,3,4,5421,u,1,False,MATCH
525,10,1328;2506;2516;3526;3545;4330;4824;5723;5846;6499,uuuuuuuuuu,1;2;3;4;5;6;7;8;9;10,1;3;2;4;5;6;7;9;8;10,9,2;8,0.654938,False,u,6499,9,10,6499,u,1,False,MATCH
1032,11,1329;1521;2285;3106;4435;5206;5908;5998;6367;7328;7336,uuuuuuuuuuu,1;2;3;4;5;6;7;8;9;10;11,1;2;3;4;5;6;8;7;10;9;11,10,7;9,0.578209,False,u,7336,10,11,7336,u,1,False,MATCH
692,4,1330;5113;6449;6740,uuuu,1;2;3;4,2;1;3;4,3,1,0.516653,False,u,6740,3,4,6740,u,1,False,MATCH
1089,8,1331;3170;3330;3681;3749;4700;5906;7049,uuuuuuuu,1;2;3;4;5;6;7;8,1;2;3;4;5;6;7;8,7,-,0.681968,False,u,7049,7,8,7049,u,1,False,MATCH
824,7,1332;1568;5655;6332;6675;7130;7204,uuuuuuu,1;2;3;4;5;6;7,1;2;3;5;4;6;7,6,4,0.960460,False,u,7204,6,7,7204,u,1,False,MATCH
1077,7,1333;2617;2834;3260;3568;4130;4584,uuuuuuu,1;2;3;4;5;6;7,1;3;2;4;5;7;6,6,2;6,0.180685,True,u,4584,5,7,4130,u,1,True,STALE_WINS
336,10,1334;1820;3323;3326;4180;4364;5174;6855;7104;7399,uuuuuuuuuu,1;2;3;4;5;6;7;8;9;10,1;2;3;4;5;6;7;8;9;10,9,-,0.529155,False,u,7399,9,10,7399,u,1,False,MATCH
278,10,1335;1351;1469;1582;3189;4125;5015;5155;5405;7372,uuuuuuuuuu,1;2;3;4;5;6;7;8;9;10,1;2;3;4;5;6;7;8;10;9,9,9,0.240872,True,u,7372,8,10,5405,u,1,True,STALE_WINS
594,12,1336;1808;2669;2877;3088;3384;3564;4452;5296;5549;5756;6991,uuuuuuuuuuud,1;2;3;4;5;6;7;8;9;10;11;12,1;2;3;4;6;7;8;5;9;10;11;12,11,5;6;7,0.351976,False,d,6991,11,12,6991,d,0,False,MATCH
158,6,1337;1631;2448;3257;4579;4670,uuuuuu,1;2;3;4;5;6,1;3;2;4;5;6,5,2,0.670419,False,u,4670,5,6,4670,u,1,False,MATCH
335,1,1339,u,1,1,0,-,-,False,u,1339,0,1,1339,u,1,False,MATCH
1146,6,1340;3612;3998;4397;4440;5772,uuuuuu,1;2;3;4;5;6,1;2;4;5;3;6,5,3;4,0.592072,False,u,5772,5,6,5772,u,1,False,MATCH
171,5,1341;4359;5328;5640;6770,uuuuu,1;2;3;4;5,1;2;3;4;5,4,-,0.722690,False,u,6770,4,5,6770,u,1,False,MATCH
939,11,1344;1526;1757;1947;2309;2653;2722;3534;4306;4504;5288,uuuuuuuuuud,1;2;3;4;5;6;7;8;9;10;11,1;2;3;4;5;6;7;8;9;11;10,10,10,0.127335,True,d,5288,9,11,4504,u,1,True,GHOST
83,6,1345;3000;3780;4558;6922;7196,uuuuud,1;2;3;4;5;6,2;3;1;4;5;6,5,1;2,0.937473,False,d,7196,5,6,7196,d,0,False,MATCH
1246,4,1346;3533;3753;4237,cuud,1;2;3;4,2;1;3;4,3,1,0.804368,False,d,4237,3,4,4237,d,0,False,MATCH
1079,3,1347;2630;4666,uuu,1;2;3,1;2;3,2,-,0.923960,False,u,4666,2,3,4666,u,1,False,MATCH
682,3,1348;3120;3634,uuu,1;2;3,1;3;2,2,2,0.065490,True,u,3634,1,3,3120,u,1,True,STALE_WINS
151,11,1349;1702;4109;4259;4614;5841;6472;6638;6670;7138;7174,uuuuuuuuuuu,1;2;3;4;5;6;7;8;9;10;11,1;2;4;3;5;6;7;8;9;10;11,10,3,0.826395,False,u,7174,10,11,7174,u,1,False,MATCH
314,5,1350;2907;3862;5362;6544,uuuud,1;2;3;4;5,1;2;3;4;5,4,-,0.672996,False,d,6544,4,5,6544,d,0,False,MATCH
839,6,1353;3182;3470;4158;5065;5957,uuuuuu,1;2;3;4;5;6,2;1;3;4;5;6,5,1,0.803674,False,u,5957,5,6,5957,u,1,False,MATCH
351,11,1356;2027;2154;2480;2679;2817;3255;6015;6643;6745;7327,uuuuuuuuuuu,1;2;3;4;5;6;7;8;9;10;11,1;2;3;5;4;6;7;8;9;10;11,10,4,0.387039,False,u,7327,10,11,7327,u,1,False,MATCH
706,11,1357;2522;2698;3269;4075;4431;4649;4859;5539;6705;7113,uuuuuuuuudc,1;2;3;4;5;6;7;8;9;10;11,1;2;3;5;4;6;8;7;10;9;11,10,4;7;9,0.312589,False,c,7113,10,11,7113,c,1,False,MATCH
922,6,1358;4489;4752;4867;6235;6941,uuuuuu,1;2;3;4;5;6,1;3;2;4;5;6,5,2,0.800336,False,u,6941,5,6,6941,u,1,False,MATCH
310,1,1359,u,1,1,0,-,-,False,u,1359,0,1,1359,u,1,False,MATCH
1123,9,1360;1639;2028;3469;3798;4855;5893;6581;6938,uuuuuuuud,1;2;3;4;5;6;7;8;9,2;1;3;5;4;6;8;7;9,8,1;4;7,0.544373,False,d,6938,8,9,6938,d,0,False,MATCH
592,3,1361;5425;6502,udc,1;2;3,2;1;3,2,1,0.283370,False,c,6502,2,3,6502,c,1,False,MATCH
490,16,1362;1798;2663;2846;3069;3123;4355;4690;4921;5342;5557;6115;6701;6998;7193;7326,uuuuuuuuuuuuuuuu,1;2;3;4;5;6;7;8;9;10;11;12;13;14;15;16,1;2;3;4;5;7;8;6;10;9;12;11;13;14;15;16,15,6;7;9;11,0.487764,False,u,7326,15,16,7326,u,1,False,MATCH
716,2,1363;3194,uu,1;2,2;1,1,1,0.076348,True,u,3194,0,2,1363,u,1,True,STALE_WINS
1157,8,1364;2158;2843;2933;3094;3166;3915;5477,uuuuuuuu,1;2;3;4;5;6;7;8,1;2;3;4;5;6;7;8,7,-,0.754941,False,u,5477,7,8,5477,u,1,False,MATCH
969,9,1365;1565;2778;3477;3968;4286;4925;6036;6681,uuuuuuuuu,1;2;3;4;5;6;7;8;9,1;2;3;4;6;5;8;9;7,8,5;7;8,0.232459,True,u,6681,7,9,6036,u,1,True,STALE_WINS
397,7,1366;1436;1985;5109;5615;6369;7303,uuuuuuu,1;2;3;4;5;6;7,1;2;3;4;6;5;7,6,5,0.317239,False,u,7303,6,7,7303,u,1,False,MATCH
108,5,1367;2596;3651;4260;4546,uuuuu,1;2;3;4;5,1;2;3;4;5,4,-,0.636406,False,u,4546,4,5,4546,u,1,False,MATCH
1200,7,1369;2266;3464;5628;5919;5950;6110,uuuuuuu,1;2;3;4;5;6;7,1;2;4;5;3;6;7,6,3;4,0.550550,False,u,6110,6,7,6110,u,1,False,MATCH
953,4,1370;4886;5441;5941,uuuu,1;2;3;4,1;3;2;4,3,2,0.496694,False,u,5941,3,4,5941,u,1,False,MATCH
819,1,1371,u,1,1,0,-,-,False,u,1371,0,1,1371,u,1,False,MATCH
307,3,1372;1841;5928,uuu,1;2;3,1;2;3,2,-,0.363105,False,u,5928,2,3,5928,u,1,False,MATCH
478,4,1373;1427;4630;4796,uuud,1;2;3;4,1;3;2;4,3,2,0.662146,False,d,4796,3,4,4796,d,0,False,MATCH
319,4,1374;3677;6683;7068,uuuu,1;2;3;4,1;3;2;4,3,2,0.634467,False,u,7068,3,4,7068,u,1,False,MATCH
600,11,1375;1963;1993;2426;2459;2711;4562;5859;5873;6400;7090,uuuuuuuuuuu,1;2;3;4;5;6;7;8;9;10;11,1;2;3;4;6;5;7;8;10;9;11,10,5;9,0.747316,False,u,7090,10,11,7090,u,1,False,MATCH
1071,3,1376;1602;5879,udc,1;2;3,1;3;2,2,2,0.101668,True,c,5879,1,3,1602,d,0,True,MISSING_CURRENT
789,4,1377;2916;6101;7352,uuuu,1;2;3;4,1;2;4;3,3,3,0.185687,True,u,7352,2,4,6101,u,1,True,STALE_WINS
853,6,1378;2889;2959;5489;6217;6310,uuuuuu,1;2;3;4;5;6,1;2;3;5;6;4,5,4;5,0.192508,True,u,6310,4,6,6217,u,1,True,STALE_WINS
1174,11,1379;2758;3362;4132;4555;4569;4686;4848;6057;6773;7249,uuuuuuuuuuu,1;2;3;4;5;6;7;8;9;10;11,2;1;3;5;4;6;8;7;10;11;9,10,1;4;7;9;10,0.119270,True,u,7249,9,11,6773,u,1,True,STALE_WINS
402,4,1380;2684;4052;4534,uudc,1;2;3;4,1;2;3;4,3,-,0.875753,False,c,4534,3,4,4534,c,1,False,MATCH
770,12,1382;2561;3355;3980;4114;4344;4463;4727;6312;6549;6833;7053,uuuuuuuuuuud,1;2;3;4;5;6;7;8;9;10;11;12,1;3;2;4;5;7;8;6;9;10;12;11,11,2;6;7;11,0.041309,True,d,7053,10,12,6833,u,1,True,GHOST
1222,3,1384;3502;5605,cuu,1;2;3,1;2;3,2,-,0.426637,False,u,5605,2,3,5605,u,1,False,MATCH
539,10,1385;1422;1945;2042;3041;4401;4503;4722;4776;7294,uuuuuuuudc,1;2;3;4;5;6;7;8;9;10,1;3;2;4;5;6;7;8;9;10,9,2,0.356629,False,c,7294,9,10,7294,c,1,False,MATCH
1231,14,1387;1797;1942;2159;2181;2450;2569;3487;4030;4477;4890;6347;6699;7273,cuuuuuuuuuuuud,1;2;3;4;5;6;7;8;9;10;11;12;13;14,1;2;3;4;6;5;7;8;9;10;11;13;12;14,13,5;12,0.573105,False,d,7273,13,14,7273,d,0,False,MATCH
12,8,1388;1674;2231;2451;5469;5679;6109;6199,uuuuuuuu,1;2;3;4;5;6;7;8,1;3;4;2;5;7;6;8,7,2;3;6,0.875407,False,u,6199,7,8,6199,u,1,False,MATCH
354,2,1389;2995,uu,1;2,2;1,1,1,0.057273,True,u,2995,0,2,1389,u,1,True,STALE_WINS
895,5,1390;2163;4811;6005;6399,uuudc,1;2;3;4;5,1;2;3;4;5,4,-,0.428293,False,c,6399,4,5,6399,c,1,False,MATCH
863,18,1391;2192;2636;3718;4234;4265;4691;4738;4772;5160;5300;5671;6297;6498;7013;7017;7225;7343,uuuuuuuuuuuuuuuuuu,1;2;3;4;5;6;7;8;9;10;11;12;13;14;15;16;17;18,1;3;2;5;4;7;6;9;8;11;10;12;13;14;15;16;17;18,17,2;4;6;8;10,0.524724,False,u,7343,17,18,7343,u,1,False,MATCH
92,13,1392;1676;2147;3097;3343;4348;4551;4757;5707;6328;6520;6807;7237,uuuuuuuuuuudc,1;2;3;4;5;6;7;8;9;10;11;12;13,1;2;3;5;4;7;6;8;9;10;11;12;13,12,4;6,0.564109,False,c,7237,12,13,7237,c,1,False,MATCH
902,10,1393;1861;2677;2867;3723;4544;4965;5230;5282;6108,uuuuuuuuuu,1;2;3;4;5;6;7;8;9;10,1;3;2;5;4;7;6;8;9;10,9,2;4;6,0.449843,False,u,6108,9,10,6108,u,1,False,MATCH
56,6,1394;2391;3590;5626;7066;7329,uuuudc,1;2;3;4;5;6,1;2;3;5;4;6,5,4,0.504818,False,c,7329,5,6,7329,c,1,False,MATCH
1202,4,1395;2056;5036;7004,cuuu,1;2;3;4,1;2;3;4,3,-,0.690370,False,u,7004,3,4,7004,u,1,False,MATCH
629,5,1396;1909;2140;2903;5256,uuuuu,1;2;3;4;5,1;2;3;4;5,4,-,0.502450,False,u,5256,4,5,5256,u,1,False,MATCH
640,9,1397;2713;4819;6344;6464;6863;7096;7099;7289,uuuuuuuuu,1;2;3;4;5;6;7;8;9,2;3;1;4;5;6;7;8;9,8,1;2,0.730212,False,u,7289,8,9,7289,u,1,False,MATCH
1243,10,1398;1871;1932;2890;4828;5593;6260;6283;6378;6521,cuuuuuuuuu,1;2;3;4;5;6;7;8;9;10,1;2;3;5;4;6;8;7;9;10,9,4;7,0.350077,False,u,6521,9,10,6521,u,1,False,MATCH
577,3,1399;4595;5667,uuu,1;2;3,1;3;2,2,2,0.188923,True,u,5667,1,3,4595,u,1,True,STALE_WINS
1084,13,1400;1990;2077;2419;3040;3213;3513;3830;4219;5616;6195;6738;7316,uuuuuuuuuuuuu,1;2;3;4;5;6;7;8;9;10;11;12;13,1;2;3;5;4;6;8;7;9;10;11;13;12,12,4;7;12,0.220885,True,u,7316,11,13,6738,u,1,True,STALE_WINS
1069,9,1401;2576;2719;3059;4433;5032;5420;6066;6492,uuuuuuuuu,1;2;3;4;5;6;7;8;9,1;2;4;5;3;6;8;7;9,8,3;4;7,0.830509,False,u,6492,8,9,6492,u,1,False,MATCH
454,15,1402;1823;2098;2172;2619;2664;2910;2961;3309;3315;5648;6133;6173;6215;7274,uuuuuuuuuuuuuuu,1;2;3;4;5;6;7;8;9;10;11;12;13;14;15,1;2;3;4;5;6;7;8;10;9;11;13;12;15;14,14,9;12;14,0.066555,True,u,7274,13,15,6215,u,1,True,STALE_WINS
797,10,1403;1751;2681;2848;3198;4931;5308;5901;6840;7047,uuuuuuuuud,1;2;3;4;5;6;7;8;9;10,1;2;3;5;4;6;7;9;8;10,9,4;8,0.499870,False,d,7047,9,10,7047,d,0,False,MATCH
1176,9,1404;2263;4081;4173;4185;4633;5990;6396;7010,uuuuuuuud,1;2;3;4;5;6;7;8;9,1;2;3;4;6;5;8;7;9,8,5;7,0.452433,False,d,7010,8,9,7010,d,0,False,MATCH
4,1,1405,u,1,1,0,-,-,False,u,1405,0,1,1405,u,1,False,MATCH
1218,14,1406;1463;2228;2640;4182;4202;4537;4694;4732;5492;6033;6236;6553;6586,cuuuuuuuuuuuud,1;2;3;4;5;6;7;8;9;10;11;12;13;14,2;3;4;1;5;6;7;8;9;11;10;13;12;14,13,1;2;3;10;12,0.885913,False,d,6586,13,14,6586,d,0,False,MATCH
507,9,1407;1828;2111;3509;3562;3660;5822;6752;6889,uuuuuuuud,1;2;3;4;5;6;7;8;9,1;2;3;4;5;7;6;8;9,8,6,0.903754,False,d,6889,8,9,6889,d,0,False,MATCH
740,9,1408;1643;3199;3928;3947;4692;5013;5526;6722,uuuuuuuuu,1;2;3;4;5;6;7;8;9,1;2;3;5;6;4;7;8;9,8,4;5,0.319767,False,u,6722,8,9,6722,u,1,False,MATCH
634,8,1409;1646;2002;3158;3992;6930;7105;7214,uuuuuuud,1;2;3;4;5;6;7;8,2;3;1;5;6;7;4;8,7,1;2;4;5;6,0.948955,False,d,7214,7,8,7214,d,0,False,MATCH
172,1,1410,u,1,1,0,-,-,False,u,1410,0,1,1410,u,1,False,MATCH
435,19,1411;1691;1739;1863;1867;2057;2170;2369;2371;2521;2680;3154;4319;4735;5774;6316;6869;6955;7046,uuuuuuuuuuuuuuuuuuu,1;2;3;4;5;6;7;8;9;10;11;12;13;14;15;16;17;18;19,1;3;4;2;5;7;6;9;8;10;11;12;13;14;15;16;17;18;19,18,2;3;6;8,0.398526,False,u,7046,18,19,7046,u,1,False,MATCH
471,10,1412;2861;3289;4048;4162;4868;5646;6086;6156;6969,uuuuuuuuuu,1;2;3;4;5;6;7;8;9;10,1;3;4;2;6;7;5;9;8;10,9,2;3;5;6;8,0.614233,False,u,6969,9,10,6969,u,1,False,MATCH
965,7,1413;1651;2851;3388;4827;5676;5760,uuuuuud,1;2;3;4;5;6;7,1;2;3;4;5;6;7,6,-,0.435015,False,d,5760,6,7,5760,d,0,False,MATCH
931,8,1414;1804;3845;4251;5268;5439;6205;6597,uuuuuuuu,1;2;3;4;5;6;7;8,2;1;4;3;5;6;7;8,7,1;3,0.940639,False,u,6597,7,8,6597,u,1,False,MATCH
1098,3,1415;1826;6266,udc,1;2;3,1;2;3,2,-,0.456642,False,c,6266,2,3,6266,c,1,False,MATCH
45,18,1416;1464;1474;1529;2224;2388;2392;2814;2882;3692;3720;3906;3914;4801;5427;5790;6063;7309,uuuuuuuuuuuuuuuuuu,1;2;3;4;5;6;7;8;9;10;11;12;13;14;15;16;17;18,1;2;3;4;5;6;7;9;8;10;11;12;14;13;16;15;17;18,17,8;13;15,0.279977,False,u,7309,17,18,7309,u,1,False,MATCH
1230,8,1417;1527;2756;3391;4354;4737;6633;6679,cuuuuuuu,1;2;3;4;5;6;7;8,2;1;3;5;4;6;8;7,7,1;4;7,0.055730,True,u,6679,6,8,6633,u,1,True,STALE_WINS
892,4,1418;1479;6625;6690,uuuu,1;2;3;4,2;1;3;4,3,1,0.406194,False,u,6690,3,4,6690,u,1,False,MATCH
123,3,1419;2950;4488,uuu,1;2;3,1;2;3,2,-,0.619778,False,u,4488,2,3,4488,u,1,False,MATCH
616,5,1420;4329;4420;6634;7077,uuuuu,1;2;3;4;5,1;2;3;5;4,4,4,0.188403,True,u,7077,3,5,6634,u,1,True,STALE_WINS
16,4,1421;1782;1974;7379,uuuu,1;2;3;4,1;3;4;2,3,2;3,0.201867,True,u,7379,2,4,1974,u,1,True,STALE_WINS
349,15,1423;1654;1940;2616;3436;3614;4074;4126;4131;4852;5370;5501;5815;6551;6918,uuuuuuuuuuuuuuu,1;2;3;4;5;6;7;8;9;10;11;12;13;14;15,1;2;4;3;5;7;6;8;10;11;9;12;13;14;15,14,3;6;9;10,0.580241,False,u,6918,14,15,6918,u,1,False,MATCH
181,3,1424;5694;7275,uuu,1;2;3,2;3;1,2,1;2,0.006146,True,u,7275,1,3,5694,u,1,True,STALE_WINS
401,13,1425;1914;2001;2236;2527;3099;3114;3212;3372;3772;5377;6497;6611,uuuuuuuuuuuuu,1;2;3;4;5;6;7;8;9;10;11;12;13,1;3;2;5;4;6;8;7;9;10;11;12;13,12,2;4;7,0.299327,False,u,6611,12,13,6611,u,1,False,MATCH
610,8,1426;1562;1589;1767;3072;4209;4636;5559,uuuuuuuu,1;2;3;4;5;6;7;8,1;2;3;5;4;7;6;8,7,4;6,0.641120,False,u,5559,7,8,5559,u,1,False,MATCH
1112,15,1428;2357;2370;3308;3800;3929;4223;4288;4533;4677;5381;5398;5748;5857;6233,uuuuuuuuuuuuuuu,1;2;3;4;5;6;7;8;9;10;11;12;13;14;15,1;2;4;3;6;5;7;9;8;10;11;13;14;12;15,14,3;5;8;12;13,0.468061,False,u,6233,14,15,6233,u,1,False,MATCH
105,8,1429;3446;4483;4659;4720;4923;6129;6900,uuuuuuuu,1;2;3;4;5;6;7;8,1;2;3;4;5;6;7;8,7,-,0.816529,False,u,6900,7,8,6900,u,1,False,MATCH
175,7,1431;1649;3848;4455;5695;5997;7397,uuuuuuu,1;2;3;4;5;6;7,1;2;3;4;5;7;6,6,6,0.102569,True,u,7397,5,7,5997,u,1,True,STALE_WINS
951,2,1433;1650,ud,1;2,1;2,1,-,0.886427,False,d,1650,1,2,1650,d,0,False,MATCH
501,2,1434;4813,ud,1;2,2;1,1,1,0.223450,True,d,4813,0,2,1434,u,1,True,GHOST
866,2,1435;3868,uu,1;2,1;2,1,-,0.436937,False,u,3868,1,2,3868,u,1,False,MATCH
587,9,1437;2803;3424;5464;5482;5696;5730;6761;7182,uuuuuuudc,1;2;3;4;5;6;7;8;9,2;1;3;4;6;5;7;9;8,8,1;5;8,0.235858,True,c,7182,7,9,6761,d,0,True,MISSING_CURRENT
1082,5,1438;2472;5979;6025;7144,uuuud,1;2;3;4;5,1;2;4;5;3,4,3;4,0.144810,True,d,7144,3,5,6025,u,1,True,GHOST
909,2,1440;3035,uu,1;2,1;2,1,-,0.694748,False,u,3035,1,2,3035,u,1,False,MATCH
818,10,1441;1621;1856;2531;3148;3503;3539;5177;5455;7369,uuuuuuuuud,1;2;3;4;5;6;7;8;9;10,2;1;3;5;6;4;7;9;8;10,9,1;4;5;8,0.872136,False,d,7369,9,10,7369,d,0,False,MATCH
405,5,1442;2510;3019;5443;5751,uuudc,1;2;3;4;5,1;2;3;4;5,4,-,0.301339,False,c,5751,4,5,5751,c,1,False,MATCH
612,9,1443;2571;3668;4077;4340;4366;5001;5056;6789,uuuuuuuud,1;2;3;4;5;6;7;8;9,2;3;1;5;4;6;8;9;7,8,1;2;4;7;8,0.085266,True,d,6789,7,9,5056,u,1,True,GHOST
568,2,1444;2269,uu,1;2,1;2,1,-,0.584421,False,u,2269,1,2,2269,u,1,False,MATCH
725,4,1445;1493;2721;4672,uuuu,1;2;3;4,1;2;3;4,3,-,0.768632,False,u,4672,3,4,4672,u,1,False,MATCH
130,6,1447;1792;4566;4588;5958;7210,uuuuuu,1;2;3;4;5;6,1;2;3;4;5;6,5,-,0.922944,False,u,7210,5,6,7210,u,1,False,MATCH
907,9,1448;1852;2277;3010;5607;6237;6285;6684;7282,uuuuuuuuu,1;2;3;4;5;6;7;8;9,2;1;3;4;5;7;6;9;8,8,1;6;8,0.117105,True,u,7282,7,9,6684,u,1,True,STALE_WINS
1030,2,1449;5232,uu,1;2,1;2,1,-,0.261270,False,u,5232,1,2,5232,u,1,False,MATCH
494,4,1450;2554;6269;7030,uuuu,1;2;3;4,1;2;4;3,3,3,0.237576,True,u,7030,2,4,6269,u,1,True,STALE_WINS
628,12,1452;1550;1737;2306;2533;2829;4443;4842;4860;5275;5896;7307,uuuuuuuuuuuu,1;2;3;4;5;6;7;8;9;10;11;12,1;2;3;4;5;7;6;8;9;10;11;12,11,6,0.628652,False,u,7307,11,12,7307,u,1,False,MATCH
699,4,1454;1851;2649;7386,uuud,1;2;3;4,1;2;4;3,3,3,0.205155,True,d,7386,2,4,2649,u,1,True,GHOST
305,8,1456;1866;3599;3639;4136;4818;4851;7293,uuuuuuuu,1;2;3;4;5;6;7;8,2;1;3;4;5;7;6;8,7,1;6,0.663630,False,u,7293,7,8,7293,u,1,False,MATCH
1086,3,1457;2226;6682,uuu,1;2;3,2;1;3,2,1,0.855723,False,u,6682,2,3,6682,u,1,False,MATCH
389,9,1458;2558;3666;3696;3833;5003;5721;6677;7220,uuuuuuuud,1;2;3;4;5;6;7;8;9,1;2;3;4;5;6;7;8;9,8,-,0.511202,False,d,7220,8,9,7220,d,0,False,MATCH
928,5,1459;1588;1935;2198;2873,uuuuu,1;2;3;4;5,1;2;3;4;5,4,-,0.739712,False,u,2873,4,5,2873,u,1,False,MATCH
31,1,1460,u,1,1,0,-,-,False,u,1460,0,1,1460,u,1,False,MATCH
74,4,1462;2489;3390;3937,uuud,1;2;3;4,1;2;3;4,3,-,0.565445,False,d,3937,3,4,3937,d,0,False,MATCH
649,3,1466;2270;5960,uud,1;2;3,1;3;2,2,2,0.182071,True,d,5960,1,3,2270,u,1,True,GHOST
758,5,1471;2432;3630;6003;6613,uuuud,1;2;3;4;5,1;3;4;2;5,4,2;3,0.809424,False,d,6613,4,5,6613,d,0,False,MATCH
331,5,1472;2518;2925;3087;5613,uuuuu,1;2;3;4;5,1;2;3;4;5,4,-,0.316686,False,u,5613,4,5,5613,u,1,False,MATCH
343,13,1473;1634;1772;2332;2838;3420;4606;5699;6324;6356;6473;6901;7319,uuuuuuuuuuuud,1;2;3;4;5;6;7;8;9;10;11;12;13,1;2;3;4;5;7;6;8;9;11;10;12;13,12,6;10,0.357822,False,d,7319,12,13,7319,d,0,False,MATCH
1215,10,1475;1543;1680;2984;4888;5487;6574;6790;6851;6968,cuuuuuuuud,1;2;3;4;5;6;7;8;9;10,1;3;2;4;6;5;7;9;8;10,9,2;5;8,0.893779,False,d,6968,9,10,6968,d,0,False,MATCH
1002,4,1476;1735;6042;6933,uuud,1;2;3;4,1;2;3;4,3,-,0.304273,False,d,6933,3,4,6933,d,0,False,MATCH
1242,3,1477;1612;5742,cuu,1;2;3,1;3;2,2,2,0.119316,True,u,5742,1,3,1612,u,1,True,STALE_WINS
1070,4,1480;3569;4958;6759,uuuu,1;2;3;4,1;2;3;4,3,-,0.478533,False,u,6759,3,4,6759,u,1,False,MATCH
874,9,1481;3151;3926;4791;4797;4995;5371;5499;5673,uuuuuuuuu,1;2;3;4;5;6;7;8;9,1;2;4;5;3;6;7;9;8,8,3;4;8,0.157884,True,u,5673,7,9,5499,u,1,True,STALE_WINS
990,7,1483;3057;3324;3648;5107;6327;6466,uuuuuud,1;2;3;4;5;6;7,2;1;3;4;6;5;7,6,1;5,0.578566,False,d,6466,6,7,6466,d,0,False,MATCH
325,4,1484;3547;4857;6117,uudc,1;2;3;4,2;1;4;3,3,1;3,0.118280,True,c,6117,2,4,4857,d,0,True,MISSING_CURRENT
1209,4,1485;5876;6717;7159,cuuu,1;2;3;4,1;2;3;4,3,-,0.583708,False,u,7159,3,4,7159,u,1,False,MATCH
696,9,1487;2707;3625;4191;4289;5101;5123;5702;6793,uuuuuuuuu,1;2;3;4;5;6;7;8;9,1;2;3;4;5;6;7;8;9,8,-,0.384696,False,u,6793,8,9,6793,u,1,False,MATCH
541,2,1489;2208,uu,1;2,1;2,1,-,0.810192,False,u,2208,1,2,2208,u,1,False,MATCH
1008,2,1490;6876,uu,1;2,1;2,1,-,0.668219,False,u,6876,1,2,6876,u,1,False,MATCH
225,1,1491,u,1,1,0,-,-,False,u,1491,0,1,1491,u,1,False,MATCH
1062,2,1492;1927,uu,1;2,1;2,1,-,0.252534,False,u,1927,1,2,1927,u,1,False,MATCH
582,4,1494;2238;3419;4187,uuud,1;2;3;4,1;3;4;2,3,2;3,0.152098,True,d,4187,2,4,3419,u,1,True,GHOST
569,13,1495;2152;2177;2606;2706;2986;3231;3400;4450;5324;6620;6765;7266,uuuuuuuuuuuuu,1;2;3;4;5;6;7;8;9;10;11;12;13,1;2;4;5;3;6;7;8;9;10;12;11;13,12,3;4;11,0.429604,False,u,7266,12,13,7266,u,1,False,MATCH
668,17,1496;1587;1980;2153;2789;3075;3633;3912;4715;4774;4814;4933;5318;6428;6694;7157;7317,uuuuuuuuuuuuuuuuu,1;2;3;4;5;6;7;8;9;10;11;12;13;14;15;16;17,1;3;2;4;5;6;7;9;8;10;12;13;11;15;14;16;17,16,2;8;11;12;14,0.925220,False,u,7317,16,17,7317,u,1,False,MATCH
1163,6,1497;2086;2393;4763;5227;6899,uuuuuu,1;2;3;4;5;6,1;2;3;4;6;5,5,5,0.024739,True,u,6899,4,6,5227,u,1,True,STALE_WINS
366,3,1498;2436;3624,uuu,1;2;3,1;3;2,2,2,0.027966,True,u,3624,1,3,2436,u,1,True,STALE_WINS
662,4,1499;5082;6122;6898,uuuu,1;2;3;4,1;3;2;4,3,2,0.756396,False,u,6898,3,4,6898,u,1,False,MATCH
1233,5,1500;2121;3134;5677;6488,cuudc,1;2;3;4;5,1;2;3;4;5,4,-,0.735892,False,c,6488,4,5,6488,c,1,False,MATCH
660,4,1501;4372;6153;6165,uuuu,1;2;3;4,2;1;3;4,3,1,0.285101,False,u,6165,3,4,6165,u,1,False,MATCH
1042,3,1502;2865;3096,uuu,1;2;3,2;1;3,2,1,0.475614,False,u,3096,2,3,3096,u,1,False,MATCH
1018,5,1503;2408;5052;6801;7234,uuudc,1;2;3;4;5,1;2;4;3;5,4,3,0.426090,False,c,7234,4,5,7234,c,1,False,MATCH
80,7,1505;1522;1578;2990;3684;4523;6121,uuuuudc,1;2;3;4;5;6;7,1;3;2;4;5;6;7,6,2,0.768721,False,c,6121,6,7,6121,c,1,False,MATCH
724,8,1506;1624;1870;2524;2905;5692;7137;7302,uuuuuuuu,1;2;3;4;5;6;7;8,2;1;3;4;6;7;8;5,7,1;5;6;7,0.158311,True,u,7302,6,8,7137,u,1,True,STALE_WINS
731,9,1508;1732;3334;3435;3672;5718;6061;6944;7224,uuuuuuuuu,1;2;3;4;5;6;7;8;9,1;3;2;4;6;5;7;8;9,8,2;5,0.608504,False,u,7224,8,9,7224,u,1,False,MATCH
1017,1,1509,u,1,1,0,-,-,False,u,1509,0,1,1509,u,1,False,MATCH
1127,5,1510;2648;4082;4376;5963,uuudc,1;2;3;4;5,1;2;3;4;5,4,-,0.301304,False,c,5963,4,5,5963,c,1,False,MATCH
1122,10,1512;2165;2428;3014;3236;3771;4039;4135;4350;5521,uuuuuuuuud,1;2;3;4;5;6;7;8;9;10,1;2;3;4;5;6;8;7;9;10,9,7,0.788664,False,d,5521,9,10,5521,d,0,False,MATCH
429,5,1514;2550;3135;4607;5891,uuudc,1;2;3;4;5,1;2;3;4;5,4,-,0.611309,False,c,5891,4,5,5891,c,1,False,MATCH
486,4,1515;1678;4054;6276,uuuu,1;2;3;4,1;2;3;4,3,-,0.658993,False,u,6276,3,4,6276,u,1,False,MATCH
884,4,1518;1706;2398;5386,uuud,1;2;3;4,1;2;4;3,3,3,0.186535,True,d,5386,2,4,2398,u,1,True,GHOST
91,4,1519;1913;6317;7339,uuuu,1;2;3;4,1;3;2;4,3,2,0.800019,False,u,7339,3,4,7339,u,1,False,MATCH
222,4,1523;4017;4949;6323,uuuu,1;2;3;4,1;2;3;4,3,-,0.444464,False,u,6323,3,4,6323,u,1,False,MATCH
566,4,1524;2497;2900;5568,uuuu,1;2;3;4,1;2;3;4,3,-,0.478253,False,u,5568,3,4,5568,u,1,False,MATCH
341,13,1525;1626;1801;2005;3367;3387;4467;4621;5682;5935;6708;6857;7301,uuuuuuuuuuuuu,1;2;3;4;5;6;7;8;9;10;11;12;13,1;3;2;4;5;6;8;7;9;10;11;12;13,12,2;7,0.923859,False,u,7301,12,13,7301,u,1,False,MATCH
1205,9,1528;1554;2687;3640;3831;4515;5330;5436;6358,cuuuuuuuu,1;2;3;4;5;6;7;8;9,1;2;3;4;5;6;7;9;8,8,8,0.034301,True,u,6358,7,9,5436,u,1,True,STALE_WINS
517,10,1530;1615;2015;3679;4022;4905;5059;5146;5171;5907,uuuuuuuudc,1;2;3;4;5;6;7;8;9;10,1;2;3;4;6;5;7;8;9;10,9,5,0.759912,False,c,5907,9,10,5907,c,1,False,MATCH
678,9,1531;1594;1673;1787;2693;3307;3422;5179;6831,uuuuuuuuu,1;2;3;4;5;6;7;8;9,1;2;3;4;5;7;6;9;8,8,6;8,0.227976,True,u,6831,7,9,5179,u,1,True,STALE_WINS
255,7,1532;4315;4635;4858;5514;6656;7101,uuuuuuu,1;2;3;4;5;6;7,1;2;4;3;5;7;6,6,3;6,0.079290,True,u,7101,5,7,6656,u,1,True,STALE_WINS
323,2,1533;5189,uu,1;2,2;1,1,1,0.084851,True,u,5189,0,2,1533,u,1,True,STALE_WINS
1225,10,1534;2073;2584;2786;2852;4028;4361;5643;6398;6749,cuuuuuuuud,1;2;3;4;5;6;7;8;9;10,1;2;3;4;6;5;7;8;9;10,9,5,0.750484,False,d,6749,9,10,6749,d,0,False,MATCH
186,2,1535;6778,uu,1;2,1;2,1,-,0.789014,False,u,6778,1,2,6778,u,1,False,MATCH
1152,1,1536,u,1,1,0,-,-,False,u,1536,0,1,1536,u,1,False,MATCH
974,7,1537;2178;2704;3132;5806;6353;7154,uuuuuuu,1;2;3;4;5;6;7,1;2;4;3;5;7;6,6,3;6,0.072275,True,u,7154,5,7,6353,u,1,True,STALE_WINS
1237,6,1539;4658;4991;5913;6844;7291,cuuuuu,1;2;3;4;5;6,1;2;3;4;5;6,5,-,0.364362,False,u,7291,5,6,7291,u,1,False,MATCH
283,2,1540;4682,uu,1;2,1;2,1,-,0.404481,False,u,4682,1,2,4682,u,1,False,MATCH
23,5,1541;2354;2792;6457;6510,uuuuu,1;2;3;4;5,2;1;4;3;5,4,1;3,0.251762,False,u,6510,4,5,6510,u,1,False,MATCH
1060,5,1542;1978;5461;6653;7240,uuuuu,1;2;3;4;5,1;2;4;3;5,4,3,0.698656,False,u,7240,4,5,7240,u,1,False,MATCH
1221,9,1544;1567;2036;2182;2526;4270;4924;5175;6658,cuuuuuuuu,1;2;3;4;5;6;7;8;9,2;3;1;4;5;6;8;7;9,8,1;2;7,0.287387,False,u,6658,8,9,6658,u,1,False,MATCH
470,6,1545;2083;4033;4266;5315;6713,uuuuuu,1;2;3;4;5;6,2;3;4;1;5;6,5,1;2;3,0.860701,False,u,6713,5,6,6713,u,1,False,MATCH
798,10,1546;1887;2442;2675;2935;4148;4300;5475;5582;6540,uuuuuuuuuu,1;2;3;4;5;6;7;8;9;10,1;2;3;4;5;6;7;9;8;10,9,8,0.291086,False,u,6540,9,10,6540,u,1,False,MATCH
512,3,1547;2954;3876,uuu,1;2;3,1;2;3,2,-,0.462461,False,u,3876,2,3,3876,u,1,False,MATCH
193,5,1548;2886;4363;5368;6078,uuuuu,1;2;3;4;5,1;2;3;5;4,4,4,0.220267,True,u,6078,3,5,5368,u,1,True,STALE_WINS
364,11,1549;1885;2055;3250;3319;3635;4179;4904;5343;5493;5698,uuuuuuuuuuu,1;2;3;4;5;6;7;8;9;10;11,1;2;3;4;5;6;7;8;9;11;10,10,10,0.164138,True,u,5698,9,11,5493,u,1,True,STALE_WINS
1041,3,1551;5400;6959,uuu,1;2;3,1;2;3,2,-,0.801507,False,u,6959,2,3,6959,u,1,False,MATCH
107,2,1552;3946,ud,1;2,1;2,1,-,0.308746,False,d,3946,1,2,3946,d,0,False,MATCH
904,11,1553;2977;3297;3499;3945;4019;4264;5057;5272;6896;6932,uuuuuuuuuuu,1;2;3;4;5;6;7;8;9;10;11,1;2;4;5;6;3;7;8;10;11;9,10,3;4;5;9;10,0.063725,True,u,6932,9,11,6896,u,1,True,STALE_WINS
148,11,1555;1608;1973;2099;2908;4521;5178;5669;6094;6417;6639,uuuuuuuuuuu,1;2;3;4;5;6;7;8;9;10;11,1;2;3;4;5;6;8;7;9;10;11,10,7,0.897765,False,u,6639,10,11,6639,u,1,False,MATCH
782,3,1556;2868;2884,uuu,1;2;3,1;2;3,2,-,0.292359,False,u,2884,2,3,2884,u,1,False,MATCH
422,6,1557;2253;3757;4046;4445;7127,uuuudc,1;2;3;4;5;6,1;2;4;3;5;6,5,3,0.388152,False,c,7127,5,6,7127,c,1,False,MATCH
352,8,1558;2090;2639;2912;4369;4396;4713;5394,uuuuuuuu,1;2;3;4;5;6;7;8,1;2;4;3;5;6;7;8,7,3,0.306951,False,u,5394,7,8,5394,u,1,False,MATCH
613,2,1561;5169,uu,1;2,1;2,1,-,0.957341,False,u,5169,1,2,5169,u,1,False,MATCH
128,13,1563;1622;1765;2183;2287;2523;2734;3174;3613;4673;4793;5073;6007,uuuuuuuuuuuud,1;2;3;4;5;6;7;8;9;10;11;12;13,1;2;3;5;6;7;4;8;9;10;11;12;13,12,4;5;6,0.582424,False,d,6007,12,13,6007,d,0,False,MATCH
1166,8,1564;2080;4862;4878;4957;5050;5803;6088,uuuuuudc,1;2;3;4;5;6;7;8,1;2;3;5;6;4;7;8,7,4;5,0.806466,False,c,6088,7,8,6088,c,1,False,MATCH
357,8,1566;1718;2136;2317;3942;4029;5865;7112,uuuuuuuu,1;2;3;4;5;6;7;8,1;2;3;5;6;4;7;8,7,4;5,0.726815,False,u,7112,7,8,7112,u,1,False,MATCH
633,3,1569;4083;6239,uuu,1;2;3,1;2;3,2,-,0.311780,False,u,6239,2,3,6239,u,1,False,MATCH
684,8,1570;3157;4438;5045;5470;5916;6207;6506,uuuuuuuu,1;2;3;4;5;6;7;8,1;2;4;3;6;5;7;8,7,3;5,0.810389,False,u,6506,7,8,6506,u,1,False,MATCH
644,3,1571;2997;6060,uuu,1;2;3,1;2;3,2,-,0.481847,False,u,6060,2,3,6060,u,1,False,MATCH
89,4,1572;1697;2273;3125,uuuu,1;2;3;4,1;3;4;2,3,2;3,0.237223,True,u,3125,2,4,2273,u,1,True,STALE_WINS
647,17,1573;2212;3146;3222;4405;4605;4768;5271;5454;5749;5870;5940;6571;6604;6669;6911;7050,uuuuuuuuuuuuuuuuu,1;2;3;4;5;6;7;8;9;10;11;12;13;14;15;16;17,2;1;4;3;6;5;7;8;10;9;11;12;13;14;15;17;16,16,1;3;5;9;16,0.225209,True,u,7050,15,17,6911,u,1,True,STALE_WINS
390,12,1574;1672;2123;2374;3272;3522;3949;4010;4087;6430;6744;7388,uuuuuuuuuuuu,1;2;3;4;5;6;7;8;9;10;11;12,1;2;3;4;5;6;8;7;9;11;10;12,11,7;10,0.303065,False,u,7388,11,12,7388,u,1,False,MATCH
851,4,1575;5995;6000;6458,uuud,1;2;3;4,1;2;3;4,3,-,0.489535,False,d,6458,3,4,6458,d,0,False,MATCH
653,3,1576;4053;4754,uuu,1;2;3,1;3;2,2,2,0.129187,True,u,4754,1,3,4053,u,1,True,STALE_WINS
1104,14,1577;1911;2060;2469;2958;3247;4024;4097;4167;5253;5600;6054;6411;6500,uuuuuuuuuuuuuu,1;2;3;4;5;6;7;8;9;10;11;12;13;14,1;3;2;4;5;6;7;8;9;11;10;13;12;14,13,2;10;12,0.444612,False,u,6500,13,14,6500,u,1,False,MATCH
118,10,1579;2634;3328;4437;4484;4518;4831;4971;5348;7120,uuuuuuuuuu,1;2;3;4;5;6;7;8;9;10,1;2;3;4;6;5;7;9;8;10,9,5;8,0.836432,False,u,7120,9,10,7120,u,1,False,MATCH
968,1,1580,u,1,1,0,-,-,False,u,1580,0,1,1580,u,1,False,MATCH
451,4,1583;3426;3746;7405,uuuu,1;2;3;4,1;2;3;4,3,-,0.366812,False,u,7405,3,4,7405,u,1,False,MATCH
583,7,1584;3492;3621;5369;5706;6314;6757,uuuuuuu,1;2;3;4;5;6;7,1;2;3;4;5;6;7,6,-,0.726026,False,u,6757,6,7,6757,u,1,False,MATCH
147,4,1585;4485;5636;6685,uuuu,1;2;3;4,2;1;3;4,3,1,0.479122,False,u,6685,3,4,6685,u,1,False,MATCH
252,2,1586;6942,uu,1;2,2;1,1,1,0.209692,True,u,6942,0,2,1586,u,1,True,STALE_WINS
948,12,1590;1843;2218;2373;2608;2610;3036;5259;6360;6674;7061;7185,uuuuuuuuuuuu,1;2;3;4;5;6;7;8;9;10;11;12,1;2;3;4;5;6;7;8;9;10;11;12,11,-,0.941644,False,u,7185,11,12,7185,u,1,False,MATCH
430,11,1591;1605;2087;3238;3398;4653;5389;5785;6211;6776;7095,uuuuuuuuuuu,1;2;3;4;5;6;7;8;9;10;11,2;1;3;4;5;7;6;8;9;10;11,10,1;6,0.457829,False,u,7095,10,11,7095,u,1,False,MATCH
1140,4,1592;3053;3193;5786,uuud,1;2;3;4,1;2;3;4,3,-,0.854747,False,d,5786,3,4,5786,d,0,False,MATCH
622,6,1595;2081;3620;3801;3994;7200,uuuuud,1;2;3;4;5;6,1;3;4;2;6;5,5,2;3;5,0.092508,True,d,7200,4,6,3994,u,1,True,GHOST
438,2,1596;3344,ud,1;2,2;1,1,1,0.170425,True,d,3344,0,2,1596,u,1,True,GHOST
488,3,1597;3649;3751,uuu,1;2;3,2;1;3,2,1,0.591843,False,u,3751,2,3,3751,u,1,False,MATCH
234,6,1598;1813;1853;2810;3421;6990,uuuudc,1;2;3;4;5;6,1;2;3;5;4;6,5,4,0.856824,False,c,6990,5,6,6990,c,1,False,MATCH
785,9,1599;1902;1938;2411;3901;4761;5341;5530;6135,uuuuuuuud,1;2;3;4;5;6;7;8;9,1;2;3;5;4;6;7;8;9,8,4,0.736679,False,d,6135,8,9,6135,d,0,False,MATCH
522,5,1600;2133;2655;3397;5261,uuuuu,1;2;3;4;5,1;2;4;3;5,4,3,0.534870,False,u,5261,4,5,5261,u,1,False,MATCH
955,1,1601,u,1,1,0,-,-,False,u,1601,0,1,1601,u,1,False,MATCH
170,3,1603;2667;5231,uuu,1;2;3,1;2;3,2,-,0.704345,False,u,5231,2,3,5231,u,1,False,MATCH
285,8,1604;2885;3376;4233;4454;5552;6893;7001,uuuuuuuu,1;2;3;4;5;6;7;8,1;3;2;4;5;6;7;8,7,2,0.885045,False,u,7001,7,8,7001,u,1,False,MATCH
121,8,1606;2240;2444;4068;4393;5759;6445;6797,uuuuuuud,1;2;3;4;5;6;7;8,1;2;4;5;3;6;7;8,7,3;4,0.576842,False,d,6797,7,8,6797,d,0,False,MATCH
910,6,1607;3570;3610;4517;5739;6114,uuuuuu,1;2;3;4;5;6,2;1;3;4;5;6,5,1,0.653104,False,u,6114,5,6,6114,u,1,False,MATCH
1117,5,1609;2049;2069;5994;7335,uuuuu,1;2;3;4;5,1;2;3;5;4,4,4,0.083737,True,u,7335,3,5,5994,u,1,True,STALE_WINS
218,18,1610;1903;1981;2019;2132;2577;3336;3760;4444;5344;5719;6089;6169;6206;6512;6692;6731;6908,uuuuuuuuuuuuuuuuuu,1;2;3;4;5;6;7;8;9;10;11;12;13;14;15;16;17;18,2;1;3;4;5;6;8;9;7;10;11;12;14;13;15;16;17;18,17,1;7;8;13,0.299933,False,u,6908,17,18,6908,u,1,False,MATCH
20,2,1611;2378,uu,1;2,1;2,1,-,0.386219,False,u,2378,1,2,2378,u,1,False,MATCH
795,5,1613;3244;5076;6563;7344,uuuuu,1;2;3;4;5,1;2;3;4;5,4,-,0.703059,False,u,7344,4,5,7344,u,1,False,MATCH
664,7,1616;2041;3976;4412;4524;6667;7027,uuuuuuu,1;2;3;4;5;6;7,1;2;3;4;5;7;6,6,6,0.099058,True,u,7027,5,7,6667,u,1,True,STALE_WINS
729,5,1617;1979;2367;3455;4034,uuuuu,1;2;3;4;5,1;3;4;2;5,4,2;3,0.431905,False,u,4034,4,5,4034,u,1,False,MATCH
440,9,1619;2088;2504;3528;4739;5867;6947;6957;7243,uuuuuuuud,1;2;3;4;5;6;7;8;9,2;1;3;4;5;7;6;8;9,8,1;6,0.506096,False,d,7243,8,9,7243,d,0,False,MATCH
730,7,1620;1953;3054;6493;6588;6921;7128,uuuuuuu,1;2;3;4;5;6;7,2;1;3;4;6;7;5,6,1;5;6,0.206080,True,u,7128,5,7,6921,u,1,True,STALE_WINS
710,2,1623;3245,uu,1;2,2;1,1,1,0.041525,True,u,3245,0,2,1623,u,1,True,STALE_WINS
3,3,1625;2120;2537,uuu,1;2;3,1;3;2,2,2,0.236147,True,u,2537,1,3,2120,u,1,True,STALE_WINS
718,5,1627;3779;3978;4076;5589,uuuud,1;2;3;4;5,2;1;3;4;5,4,1,0.981475,False,d,5589,4,5,5589,d,0,False,MATCH
484,6,1628;1759;2613;3622;5903;5976,uuuuuu,1;2;3;4;5;6,2;3;1;4;5;6,5,1;2,0.836220,False,u,5976,5,6,5976,u,1,False,MATCH
434,6,1629;2597;2819;3285;4144;6803,uuuuuu,1;2;3;4;5;6,1;2;3;4;5;6,5,-,0.535422,False,u,6803,5,6,6803,u,1,False,MATCH
641,15,1630;1696;1857;1907;2773;3127;3142;3284;3595;3606;4122;5708;5977;6077;6452,uuuuuuuuuuuuuuu,1;2;3;4;5;6;7;8;9;10;11;12;13;14;15,1;2;4;3;5;6;7;8;9;10;11;12;13;14;15,14,3,0.591238,False,u,6452,14,15,6452,u,1,False,MATCH
651,12,1633;1794;1957;2638;2811;2923;3903;5565;5783;6157;6884;6892,uuuuuuuuuudc,1;2;3;4;5;6;7;8;9;10;11;12,1;2;3;4;5;6;7;9;8;10;12;11,11,8;11,0.197878,True,c,6892,10,12,6884,d,0,True,MISSING_CURRENT
79,4,1635;3538;5314;6830,uuuu,1;2;3;4,2;1;3;4,3,1,0.348352,False,u,6830,3,4,6830,u,1,False,MATCH
1211,11,1637;1814;2185;2213;2286;4140;4545;6238;7167;7213;7247,cuuuuuuuudc,1;2;3;4;5;6;7;8;9;10;11,1;3;4;5;2;6;7;8;9;11;10,10,2;3;4;10,0.093353,True,c,7247,9,11,7213,d,0,True,MISSING_CURRENT
1068,2,1638;2323,uu,1;2,1;2,1,-,0.414650,False,u,2323,1,2,2323,u,1,False,MATCH
767,7,1640;2741;2815;4031;4618;5351;6847,uuuuuuu,1;2;3;4;5;6;7,1;2;3;4;5;6;7,6,-,0.494613,False,u,6847,6,7,6847,u,1,False,MATCH
1131,1,1647,u,1,1,0,-,-,False,u,1647,0,1,1647,u,1,False,MATCH
771,6,1648;3058;3214;5194;6538;7191,uuuuud,1;2;3;4;5;6,1;3;2;4;5;6,5,2,0.409838,False,d,7191,5,6,7191,d,0,False,MATCH
44,1,1652,u,1,1,0,-,-,False,u,1652,0,1,1652,u,1,False,MATCH
808,4,1653;2402;4446;5897,uuuu,1;2;3;4,1;2;3;4,3,-,0.836566,False,u,5897,3,4,5897,u,1,False,MATCH
781,5,1655;2092;2352;6648;7035,uuuud,1;2;3;4;5,1;2;4;3;5,4,3,0.687545,False,d,7035,4,5,7035,d,0,False,MATCH
468,2,1656;5503,uu,1;2,2;1,1,1,0.037717,True,u,5503,0,2,1656,u,1,True,STALE_WINS
828,27,1660;1892;1950;2085;2150;2179;2318;2733;3070;3085;3301;3339;3852;3902;4242;4512;4787;4979;5823;5878;6607;6645;6815;6861;7031;7216;7230,uuuuuuuuuuuuuuuuuuuuuuuuuuu,1;2;3;4;5;6;7;8;9;10;11;12;13;14;15;16;17;18;19;20;21;22;23;24;25;26;27,1;2;3;4;5;6;8;7;10;11;9;12;13;14;15;16;17;18;19;20;21;22;24;23;25;26;27,26,7;9;10;23,0.288171,False,u,7230,26,27,7230,u,1,False,MATCH
273,1,1661,u,1,1,0,-,-,False,u,1661,0,1,1661,u,1,False,MATCH
127,7,1662;2703;3598;3602;3991;6660;7315,uuuuuuu,1;2;3;4;5;6;7,1;2;3;4;5;6;7,6,-,0.909752,False,u,7315,6,7,7315,u,1,False,MATCH
750,6,1663;2024;3905;4250;5440;5811,uuuuuu,1;2;3;4;5;6,2;1;3;4;5;6,5,1,0.455236,False,u,5811,5,6,5811,u,1,False,MATCH
590,6,1664;2652;5333;6267;7039;7081,uuuuuu,1;2;3;4;5;6,1;2;3;4;5;6,5,-,0.860094,False,u,7081,5,6,7081,u,1,False,MATCH
212,3,1665;5005;7055,uuu,1;2;3,1;2;3,2,-,0.765190,False,u,7055,2,3,7055,u,1,False,MATCH
426,11,1666;2047;2549;2553;2782;3126;3461;4662;5122;5592;6380,uuuuuuuuudc,1;2;3;4;5;6;7;8;9;10;11,1;3;2;4;5;6;7;8;9;10;11,10,2,0.788057,False,c,6380,10,11,6380,c,1,False,MATCH
830,2,1667;7349,ud,1;2,1;2,1,-,0.825060,False,d,7349,1,2,7349,d,0,False,MATCH
65,5,1669;2831;3263;4268;6858,uuudc,1;2;3;4;5,1;2;3;5;4,4,4,0.153909,True,c,6858,3,5,4268,d,0,True,MISSING_CURRENT
783,9,1670;1685;5114;5245;5376;5542;5832;6244;6330,uuuuuuuuu,1;2;3;4;5;6;7;8;9,1;2;3;4;6;7;5;8;9,8,5;6,0.268073,False,u,6330,8,9,6330,u,1,False,MATCH
1226,2,1671;6357,cu,1;2,1;2,1,-,0.599376,False,u,6357,1,2,6357,u,1,False,MATCH
1045,14,1675;1719;2214;2405;3077;3235;3558;3680;3999;4101;4425;4849;5457;6972,uuuuuuuuuuuuuu,1;2;3;4;5;6;7;8;9;10;11;12;13;14,1;2;3;4;5;6;7;8;10;9;11;12;13;14,13,9,0.678448,False,u,6972,13,14,6972,u,1,False,MATCH
73,13,1677;2068;2146;2580;2658;3350;3582;3797;3893;4070;4365;4951;5625,uuuuuuuuuuuud,1;2;3;4;5;6;7;8;9;10;11;12;13,1;2;3;4;5;6;8;7;9;11;10;12;13,12,7;10,0.816912,False,d,5625,12,13,5625,d,0,False,MATCH
1014,7,1679;1688;2249;4418;4712;5018;7324,uuuuuuu,1;2;3;4;5;6;7,1;2;3;4;6;5;7,6,5,0.521607,False,u,7324,6,7,7324,u,1,False,MATCH
444,2,1682;5645,uu,1;2,2;1,1,1,0.078161,True,u,5645,0,2,1682,u,1,True,STALE_WINS
476,2,1684;6293,uu,1;2,1;2,1,-,0.377245,False,u,6293,1,2,6293,u,1,False,MATCH
606,4,1686;2662;4432;5826,uudc,1;2;3;4,1;2;4;3,3,3,0.029192,True,c,5826,2,4,4432,d,0,True,MISSING_CURRENT
168,12,1687;2660;2705;3342;3652;4415;4645;5071;5353;6200;6849;7345,uuuuuuuuuuuu,1;2;3;4;5;6;7;8;9;10;11;12,1;2;3;4;5;6;7;9;8;10;11;12,11,8,0.499105,False,u,7345,11,12,7345,u,1,False,MATCH
297,9,1689;1860;3262;3425;3885;4487;4897;6427;6948,uuuuuuuuu,1;2;3;4;5;6;7;8;9,2;1;3;4;5;6;8;7;9,8,1;7,0.297599,False,u,6948,8,9,6948,u,1,False,MATCH
21,12,1690;1698;2232;2503;2654;3159;4702;4908;4911;6518;6536;6632,uuuuuuuuuuuu,1;2;3;4;5;6;7;8;9;10;11;12,1;2;4;5;3;6;7;8;9;11;12;10,11,3;4;10;11,0.183702,True,u,6632,10,12,6536,u,1,True,STALE_WINS
145,9,1693;1754;3239;4174;4475;6280;6600;6727;7318,uuuuuuuuu,1;2;3;4;5;6;7;8;9,2;1;3;4;5;6;7;9;8,8,1;8,0.037082,True,u,7318,7,9,6727,u,1,True,STALE_WINS
63,2,1694;2740,uu,1;2,1;2,1,-,0.590656,False,u,2740,1,2,2740,u,1,False,MATCH
271,5,1695;2751;4527;5651;7161,uuuud,1;2;3;4;5,1;2;3;4;5,4,-,0.890106,False,d,7161,4,5,7161,d,0,False,MATCH
605,3,1699;2191;5433,uuu,1;2;3,1;2;3,2,-,0.504201,False,u,5433,2,3,5433,u,1,False,MATCH
1080,8,1700;1833;2418;2588;4525;5586;6018;6090,uuuuuuuu,1;2;3;4;5;6;7;8,1;2;3;4;6;5;7;8,7,5,0.633229,False,u,6090,7,8,6090,u,1,False,MATCH
833,6,1701;2938;3258;3615;4240;6250,uuuuuu,1;2;3;4;5;6,1;2;3;4;5;6,5,-,0.754640,False,u,6250,5,6,6250,u,1,False,MATCH
245,11,1703;1726;1729;2762;4384;5784;6311;6965;7134;7153;7211,uuuuuuuuuuu,1;2;3;4;5;6;7;8;9;10;11,1;3;2;4;5;6;7;8;9;10;11,10,2,0.644587,False,u,7211,10,11,7211,u,1,False,MATCH
1120,5,1704;1741;2037;5332;6434,uuuuu,1;2;3;4;5,1;2;3;4;5,4,-,0.430243,False,u,6434,4,5,6434,u,1,False,MATCH
1206,4,1708;2486;3405;4252,cuud,1;2;3;4,2;1;3;4,3,1,0.824400,False,d,4252,3,4,4252,d,0,False,MATCH
809,12,1709;1962;3892;4388;4421;4514;4838;5413;5951;6292;6519;6919,uuuuuuuuuuuu,1;2;3;4;5;6;7;8;9;10;11;12,1;3;2;4;6;7;5;8;9;11;12;10,11,2;5;6;10;11,0.130441,True,u,6919,10,12,6519,u,1,True,STALE_WINS
1220,13,1710;1982;2130;3349;4139;4746;4766;4961;5529;5808;6141;6486;6709,cuuuuuuuuuudc,1;2;3;4;5;6;7;8;9;10;11;12;13,2;1;4;3;5;6;8;9;7;11;10;13;12,12,1;3;7;8;10;12,0.142687,True,c,6709,11,13,6486,d,0,True,MISSING_CURRENT
1172,5,1711;2989;3068;3816;5373,uuuuu,1;2;3;4;5,1;2;3;5;4,4,4,0.018932,True,u,5373,3,5,3816,u,1,True,STALE_WINS
611,1,1712,u,1,1,0,-,-,False,u,1712,0,1,1712,u,1,False,MATCH
236,10,1713;2210;3888;4157;4263;4338;4784;5430;6008;7008,uuuuuuuuuu,1;2;3;4;5;6;7;8;9;10,1;3;2;4;5;6;7;8;9;10,9,2,0.352046,False,u,7008,9,10,7008,u,1,False,MATCH
1182,11,1714;2799;2993;3230;4972;5965;6259;6277;6525;6804;6929,uuuuuuuuuuu,1;2;3;4;5;6;7;8;9;10;11,2;1;3;4;6;5;7;9;8;11;10,10,1;5;8;10,0.035336,True,u,6929,9,11,6804,u,1,True,STALE_WINS
901,4,1715;2898;3440;7015,uuud,1;2;3;4,2;3;4;1,3,1;2;3,0.198572,True,d,7015,2,4,3440,u,1,True,GHOST
1229,6,1716;2994;3987;5558;6640;7156,cuuuuu,1;2;3;4;5;6,1;2;3;4;5;6,5,-,0.898823,False,u,7156,5,6,7156,u,1,False,MATCH
777,4,1720;2753;3744;4389,uuud,1;2;3;4,2;1;3;4,3,1,0.478314,False,d,4389,3,4,4389,d,0,False,MATCH
167,1,1721,u,1,1,0,-,-,False,u,1721,0,1,1721,u,1,False,MATCH
395,11,1722;1796;1855;3337;4424;4728;4809;5153;5523;6474;7022,uuuuuuuuuud,1;2;3;4;5;6;7;8;9;10;11,1;2;3;4;6;5;7;8;9;11;10,10,5;10,0.096056,True,d,7022,9,11,6474,u,1,True,GHOST
768,5,1723;1802;2718;5921;7330,uuuud,1;2;3;4;5,1;3;2;4;5,4,2,0.283518,False,d,7330,4,5,7330,d,0,False,MATCH
986,1,1724,u,1,1,0,-,-,False,u,1724,0,1,1724,u,1,False,MATCH
834,3,1725;3444;3936,uud,1;2;3,2;3;1,2,1;2,0.143347,True,d,3936,1,3,3444,u,1,True,GHOST
165,10,1727;2082;2265;2893;3795;4018;4470;5403;5513;5752,uuuuuuuuuu,1;2;3;4;5;6;7;8;9;10,1;2;4;3;5;6;7;8;9;10,9,3,0.971912,False,u,5752,9,10,5752,u,1,False,MATCH
971,15,1730;2139;2314;2347;2783;3540;3596;5128;5491;6483;6992;7086;7248;7262;7283,uuuuuuuuuuuuuuu,1;2;3;4;5;6;7;8;9;10;11;12;13;14;15,1;3;4;2;5;6;7;8;10;9;11;12;14;13;15,14,2;3;9;13,0.796522,False,u,7283,14,15,7283,u,1,False,MATCH
1063,13,1733;2034;2070;3155;3553;3920;4037;4494;5112;5527;5842;6593;7007,uuuuuuuuuuuuu,1;2;3;4;5;6;7;8;9;10;11;12;13,1;3;2;5;4;6;7;8;9;10;11;12;13,12,2;4,0.267715,False,u,7007,12,13,7007,u,1,False,MATCH
693,11,1734;1881;2290;3563;3588;4166;5379;5813;6001;6099;6751,uuuuuuuuuuu,1;2;3;4;5;6;7;8;9;10;11,2;1;3;4;5;6;7;9;8;11;10,10,1;8;10,0.239998,True,u,6751,9,11,6099,u,1,True,STALE_WINS
242,8,1736;2100;2407;2604;4272;5164;5641;7373,uuuuuuuu,1;2;3;4;5;6;7;8,1;2;3;4;5;6;7;8,7,-,0.873282,False,u,7373,7,8,7373,u,1,False,MATCH
18,13,1738;1868;1876;2279;3762;3863;4681;5338;5414;5741;6111;6341;6952,uuuuuuuuuuuuu,1;2;3;4;5;6;7;8;9;10;11;12;13,1;2;3;4;6;5;7;8;10;9;12;13;11,12,5;9;11;12,0.011625,True,u,6952,11,13,6341,u,1,True,STALE_WINS
115,5,1740;2360;5297;5686;6598,uuuuu,1;2;3;4;5,1;2;3;4;5,4,-,0.389664,False,u,6598,4,5,6598,u,1,False,MATCH
299,2,1742;2345,uu,1;2,1;2,1,-,0.437517,False,u,2345,1,2,2345,u,1,False,MATCH
935,8,1743;2275;4273;4955;5196;5561;6956;7139,uuuuuudc,1;2;3;4;5;6;7;8,2;1;4;3;5;6;7;8,7,1;3,0.867219,False,c,7139,7,8,7139,c,1,False,MATCH
1040,2,1744;4969,uu,1;2,1;2,1,-,0.909086,False,u,4969,1,2,4969,u,1,False,MATCH
520,3,1745;3264;5202,uud,1;2;3,1;2;3,2,-,0.686069,False,d,5202,2,3,5202,d,0,False,MATCH
32,7,1746;2696;3428;4243;4953;5710;7065,uuuuuud,1;2;3;4;5;6;7,2;1;3;4;5;6;7,6,1,0.628360,False,d,7065,6,7,7065,d,0,False,MATCH
620,2,1747;3433,uu,1;2,1;2,1,-,0.937057,False,u,3433,1,2,3433,u,1,False,MATCH
911,4,1749;2326;4080;4563,uuud,1;2;3;4,1;2;4;3,3,3,0.249206,True,d,4563,2,4,4080,u,1,True,GHOST
759,15,1752;1768;1956;2022;2446;3591;3729;4312;4856;4996;5064;5388;5926;7048;7304,uuuuuuuuuuuuuuu,1;2;3;4;5;6;7;8;9;10;11;12;13;14;15,1;3;2;4;5;6;8;7;9;10;12;11;13;15;14,14,2;7;11;14,0.009695,True,u,7304,13,15,7048,u,1,True,STALE_WINS
19,9,1753;2031;2764;3560;4067;4213;6126;6132;6627,uuuuuuuuu,1;2;3;4;5;6;7;8;9,1;2;4;5;3;6;7;9;8,8,3;4;8,0.217792,True,u,6627,7,9,6132,u,1,True,STALE_WINS
109,5,1755;2297;3102;3566;4308,uuuuu,1;2;3;4;5,1;2;3;4;5,4,-,0.272321,False,u,4308,4,5,4308,u,1,False,MATCH
936,12,1756;2509;3353;3910;3974;4688;4989;5131;5758;6246;6370;6630,uuuuuuuuuuuu,1;2;3;4;5;6;7;8;9;10;11;12,1;2;3;4;5;6;7;8;10;9;11;12,11,9,0.813951,False,u,6630,11,12,6630,u,1,False,MATCH
801,3,1763;2593;4118,uuu,1;2;3,1;2;3,2,-,0.641701,False,u,4118,2,3,4118,u,1,False,MATCH
1103,2,1764;2157,uu,1;2,1;2,1,-,0.701756,False,u,2157,1,2,2157,u,1,False,MATCH
381,8,1766;2298;2760;2899;3601;3896;4296;5577,uuuuuuuu,1;2;3;4;5;6;7;8,1;2;4;3;5;6;8;7,7,3;7,0.041119,True,u,5577,6,8,4296,u,1,True,STALE_WINS
377,13,1769;1882;2627;2788;2952;2999;4216;5509;5814;5944;6067;6461;7357,uuuuuuuuuuuuu,1;2;3;4;5;6;7;8;9;10;11;12;13,1;2;4;3;5;6;7;8;10;9;11;13;12,12,3;9;12,0.165119,True,u,7357,11,13,6461,u,1,True,STALE_WINS
921,3,1770;3656;5132,uud,1;2;3,2;1;3,2,1,0.883609,False,d,5132,2,3,5132,d,0,False,MATCH
756,6,1773;2072;2823;5496;5720;6366,uuuuuu,1;2;3;4;5;6,1;2;4;3;5;6,5,3,0.571962,False,u,6366,5,6,6366,u,1,False,MATCH
1223,13,1774;2239;2491;3864;4015;5283;5435;5471;5693;5794;6628;6753;6870,cuuuuuuuuuuuu,1;2;3;4;5;6;7;8;9;10;11;12;13,1;2;3;4;6;5;7;8;9;10;11;12;13,12,5,0.334288,False,u,6870,12,13,6870,u,1,False,MATCH
191,13,1775;2535;3079;3103;3369;3789;4049;4413;4661;5547;5971;6394;6940,uuuuuuuuuuuuu,1;2;3;4;5;6;7;8;9;10;11;12;13,1;2;3;5;4;7;6;8;10;9;11;12;13,12,4;6;9,0.802975,False,u,6940,12,13,6940,u,1,False,MATCH
947,7,1776;1824;2737;2853;3682;4528;4915,uuuuuuu,1;2;3;4;5;6;7,2;1;3;4;5;6;7,6,1,0.283741,False,u,4915,6,7,4915,u,1,False,MATCH
526,4,1777;3986;5909;7377,uuuu,1;2;3;4,1;3;2;4,3,2,0.717072,False,u,7377,3,4,7377,u,1,False,MATCH
1075,4,1779;2221;4224;5848,uuud,1;2;3;4,2;3;1;4,3,1;2,0.423125,False,d,5848,3,4,5848,d,0,False,MATCH
238,5,1780;1799;2598;4604;7256,uuuuu,1;2;3;4;5,1;3;2;4;5,4,2,0.798543,False,u,7256,4,5,7256,u,1,False,MATCH
472,4,1781;3732;6188;7181,uudc,1;2;3;4,1;2;4;3,3,3,0.055992,True,c,7181,2,4,6188,d,0,True,MISSING_CURRENT
337,13,1784;2538;2646;3382;3549;4332;4927;5476;6013;6629;6826;6887;6902,uuuuuuuuuuudc,1;2;3;4;5;6;7;8;9;10;11;12;13,1;2;4;3;5;7;6;8;10;9;12;11;13,12,3;6;9;11,0.997163,False,c,6902,12,13,6902,c,1,False,MATCH
1128,3,1786;5067;7252,udc,1;2;3,1;2;3,2,-,0.465039,False,c,7252,2,3,7252,c,1,False,MATCH
43,14,1788;1924;2457;3183;3274;3922;3995;4091;5078;5111;5412;5771;6271;6615,uuuuuuuuuuuuuu,1;2;3;4;5;6;7;8;9;10;11;12;13;14,1;2;4;3;6;5;7;8;10;9;11;12;13;14,13,3;5;9,0.615436,False,u,6615,13,14,6615,u,1,False,MATCH
100,3,1789;4884;5252,uuu,1;2;3,2;1;3,2,1,0.877681,False,u,5252,2,3,5252,u,1,False,MATCH
144,2,1790;2387,uu,1;2,1;2,1,-,0.706152,False,u,2387,1,2,2387,u,1,False,MATCH
793,11,1791;1971;2452;2605;3685;3707;4896;5661;6251;6480;6748,uuuuuuuuuuu,1;2;3;4;5;6;7;8;9;10;11,1;2;3;5;4;6;7;9;10;8;11,10,4;8;9,0.602104,False,u,6748,10,11,6748,u,1,False,MATCH
142,6,1795;2101;4079;4847;5083;7150,uuuuuu,1;2;3;4;5;6,1;3;2;4;5;6,5,2,0.913034,False,u,7150,5,6,7150,u,1,False,MATCH
709,14,1800;2035;2603;2666;3063;4044;4050;4317;5860;6155;6320;6322;7325;7401,uuuuuuuuuuuuuu,1;2;3;4;5;6;7;8;9;10;11;12;13;14,1;3;2;4;5;7;6;8;10;9;11;12;13;14,13,2;6;9,0.776501,False,u,7401,13,14,7401,u,1,False,MATCH
708,17,1803;1832;2280;2400;2591;2883;3223;4115;4385;4660;5031;5277;5299;5890;6361;6891;7021,uuuuuuuuuuuuuuuuu,1;2;3;4;5;6;7;8;9;10;11;12;13;14;15;16;17,1;2;3;4;6;5;7;9;8;10;11;13;12;15;14;16;17,16,5;8;12;14,0.540016,False,u,7021,16,17,7021,u,1,False,MATCH
53,12,1805;1954;3105;3150;3494;4283;5102;5247;5731;5955;6420;6662,uuuuuuuuuuuu,1;2;3;4;5;6;7;8;9;10;11;12,1;3;2;5;4;6;7;8;9;11;10;12,11,2;4;10,0.974502,False,u,6662,11,12,6662,u,1,False,MATCH
841,8,1806;2769;2917;3580;5575;5639;7146;7263,uuuuuuud,1;2;3;4;5;6;7;8,1;2;4;3;5;6;7;8,7,3,0.818736,False,d,7263,7,8,7263,d,0,False,MATCH
843,3,1807;5038;6368,uuu,1;2;3,1;3;2,2,2,0.192065,True,u,6368,1,3,5038,u,1,True,STALE_WINS
1189,2,1810;5650,uu,1;2,1;2,1,-,0.490083,False,u,5650,1,2,5650,u,1,False,MATCH
997,8,1811;3175;3399;4622;5004;5069;5736;6287,uuuuuuuu,1;2;3;4;5;6;7;8,2;1;3;5;4;7;6;8,7,1;4;6,0.910721,False,u,6287,7,8,6287,u,1,False,MATCH
941,2,1812;7162,uu,1;2,1;2,1,-,0.862640,False,u,7162,1,2,7162,u,1,False,MATCH
282,13,1816;1854;2079;2678;2767;3061;3130;3919;4680;4883;5214;5992;6816,uuuuuuuuuuuuu,1;2;3;4;5;6;7;8;9;10;11;12;13,1;2;4;3;5;6;8;7;10;9;12;11;13,12,3;7;9;11,0.551233,False,u,6816,12,13,6816,u,1,False,MATCH
446,7,1819;2166;2193;4021;6256;6977;7205,uuuuuuu,1;2;3;4;5;6;7,1;2;3;5;4;6;7,6,4,0.731573,False,u,7205,6,7,7205,u,1,False,MATCH
700,4,1821;5316;6484;6547,uuuu,1;2;3;4,1;3;2;4,3,2,0.521807,False,u,6547,3,4,6547,u,1,False,MATCH
976,9,1822;2447;2909;3858;4327;5079;5149;5554;7032,uuuuuuuuu,1;2;3;4;5;6;7;8;9,1;3;4;5;2;7;6;8;9,8,2;3;4;6,0.696838,False,u,7032,8,9,7032,u,1,False,MATCH
303,4,1825;3439;4596;6637,uuuu,1;2;3;4,2;1;3;4,3,1,0.781975,False,u,6637,3,4,6637,u,1,False,MATCH
596,3,1827;4942;6124,udc,1;2;3,1;2;3,2,-,0.871191,False,c,6124,2,3,6124,c,1,False,MATCH
1203,2,1829;1869,cu,1;2,2;1,1,1,0.170618,True,u,1869,0,2,1829,c,1,True,STALE_WINS
101,9,1830;2264;2348;3860;5058;5097;5142;6204;7228,uuuuuuuud,1;2;3;4;5;6;7;8;9,1;3;2;4;5;7;6;8;9,8,2;6,0.445831,False,d,7228,8,9,7228,d,0,False,MATCH
196,9,1831;2294;3725;4790;4825;5089;6782;7306;7347,uuuuuuuud,1;2;3;4;5;6;7;8;9,1;2;3;4;5;7;6;9;8,8,6;8,0.222022,True,d,7347,7,9,7306,u,1,True,GHOST
1073,12,1834;3062;3312;3646;3934;3966;4356;4461;4756;5948;6631;7389,uuuuuuuuuuuu,1;2;3;4;5;6;7;8;9;10;11;12,2;3;4;1;5;7;6;9;8;10;11;12,11,1;2;3;6;8,0.638020,False,u,7389,11,12,7389,u,1,False,MATCH
1034,6,1835;2109;2186;2622;3237;3273,uuuuuu,1;2;3;4;5;6,1;3;2;4;5;6,5,2,0.905522,False,u,3273,5,6,3273,u,1,False,MATCH
413,6,1836;2790;3356;4465;5401;6349,uuuuuu,1;2;3;4;5;6,2;1;3;4;6;5,5,1;5,0.043675,True,u,6349,4,6,5401,u,1,True,STALE_WINS
1213,2,1837;4227,cu,1;2,1;2,1,-,0.783434,False,u,4227,1,2,4227,u,1,False,MATCH
570,4,1838;1905;2499;3713,uuuu,1;2;3;4,1;2;4;3,3,3,0.053728,True,u,3713,2,4,2499,u,1,True,STALE_WINS
403,5,1839;2364;3961;4419;5270,uuuuu,1;2;3;4;5,1;2;3;4;5,4,-,0.625265,False,u,5270,4,5,5270,u,1,False,MATCH
1036,4,1840;2128;3288;3740,uuuu,1;2;3;4,1;2;3;4,3,-,0.981303,False,u,3740,3,4,3740,u,1,False,MATCH
883,9,1844;2346;2492;4014;4247;4541;4973;5037;5504,uuuuuuuuu,1;2;3;4;5;6;7;8;9,1;3;2;5;6;4;7;8;9,8,2;4;5,0.936928,False,u,5504,8,9,5504,u,1,False,MATCH
760,3,1845;3493;5293,uuu,1;2;3,1;2;3,2,-,0.555917,False,u,5293,2,3,5293,u,1,False,MATCH
510,6,1847;3325;4571;4789;5356;6724,uuuuuu,1;2;3;4;5;6,2;1;3;4;5;6,5,1,0.552290,False,u,6724,5,6,6724,u,1,False,MATCH
1099,6,1848;3507;3887;5110;5666;6877,uuuuuu,1;2;3;4;5;6,1;2;3;5;4;6,5,4,0.487637,False,u,6877,5,6,6877,u,1,False,MATCH
1007,9,1849;1922;3265;3637;3752;4480;4895;6044;6735,uuuuuuuud,1;2;3;4;5;6;7;8;9,1;2;3;4;6;5;7;8;9,8,5,0.582019,False,d,6735,8,9,6735,d,0,False,MATCH
1049,13,1859;2731;2759;2816;2888;2934;3338;4627;4975;5590;7025;7354;7367,uuuuuuuuuuuuu,1;2;3;4;5;6;7;8;9;10;11;12;13,1;3;2;4;5;7;6;9;8;10;11;12;13,12,2;6;8,0.368564,False,u,7367,12,13,7367,u,1,False,MATCH
1212,16,1862;1960;2257;2695;3091;3360;3938;4061;4349;5098;5837;6252;6279;6495;6583;7151,cuuuuuuuuuuuuuuu,1;2;3;4;5;6;7;8;9;10;11;12;13;14;15;16,1;3;4;5;6;7;2;8;9;10;12;11;14;15;16;13,15,2;3;4;5;6;11;13;14;15,0.100961,True,u,7151,14,16,6583,u,1,True,STALE_WINS
62,9,1872;1944;2014;2979;3366;3381;4313;4554;5602,uuuuuuuud,1;2;3;4;5;6;7;8;9,1;2;3;4;5;6;7;8;9,8,-,0.517074,False,d,5602,8,9,5602,d,0,False,MATCH
350,2,1873;6352,uu,1;2,1;2,1,-,0.711854,False,u,6352,1,2,6352,u,1,False,MATCH
655,10,1874;2211;2691;2856;3783;3809;4170;6119;6123;7114,uuuuuuuuuu,1;2;3;4;5;6;7;8;9;10,1;2;3;4;5;6;7;8;9;10,9,-,0.415794,False,u,7114,9,10,7114,u,1,False,MATCH
1186,3,1875;3866;6626,uuu,1;2;3,1;3;2,2,2,0.222602,True,u,6626,1,3,3866,u,1,True,STALE_WINS
459,16,1877;2032;2787;3056;3076;3293;4262;4360;4599;4901;5717;6084;6570;6771;6890;7145,uuuuuuuuuuuuuudc,1;2;3;4;5;6;7;8;9;10;11;12;13;14;15;16,1;2;3;4;5;6;7;9;8;10;11;12;13;14;15;16,15,8,0.629092,False,c,7145,15,16,7145,c,1,False,MATCH
113,7,1878;2229;2720;2998;3279;5404;5898,uuuuuuu,1;2;3;4;5;6;7,1;3;2;4;5;6;7,6,2,0.808591,False,u,5898,6,7,5898,u,1,False,MATCH
96,3,1879;3443;5986,uuu,1;2;3,2;1;3,2,1,0.802648,False,u,5986,2,3,5986,u,1,False,MATCH
293,8,1880;2375;2611;3275;4189;5548;6693;7003,uuuuuuuu,1;2;3;4;5;6;7;8,2;1;3;4;5;6;8;7,7,1;7,0.215815,True,u,7003,6,8,6693,u,1,True,STALE_WINS
419,8,1883;2308;2389;2482;5199;5309;6664;6827,uuuuuuuu,1;2;3;4;5;6;7;8,1;3;4;2;5;6;8;7,7,2;3;7,0.083960,True,u,6827,6,8,6664,u,1,True,STALE_WINS
825,2,1884;4968,ud,1;2,1;2,1,-,0.496816,False,d,4968,1,2,4968,d,0,False,MATCH
492,1,1886,u,1,1,0,-,-,False,u,1886,0,1,1886,u,1,False,MATCH
1158,4,1888;2424;5861;6909,uuud,1;2;3;4,1;2;4;3,3,3,0.018895,True,d,6909,2,4,5861,u,1,True,GHOST
908,2,1889;5828,uu,1;2,1;2,1,-,0.390612,False,u,5828,1,2,5828,u,1,False,MATCH
766,4,1890;3233;5947;6011,uuuu,1;2;3;4,1;3;2;4,3,2,0.866182,False,u,6011,3,4,6011,u,1,False,MATCH
28,3,1891;2546;2942,uuu,1;2;3,1;2;3,2,-,0.732209,False,u,2942,2,3,2942,u,1,False,MATCH
266,1,1893,u,1,1,0,-,-,False,u,1893,0,1,1893,u,1,False,MATCH
772,6,1894;3550;3592;4127;4829;5818,uuuuuu,1;2;3;4;5;6,1;2;3;4;5;6,5,-,0.301628,False,u,5818,5,6,5818,u,1,False,MATCH
1156,7,1896;2176;2785;3586;5892;6034;6414,uuuuuuu,1;2;3;4;5;6;7,1;2;3;4;6;5;7,6,5,0.260557,False,u,6414,6,7,6414,u,1,False,MATCH
60,5,1898;2420;3626;3721;3917,uuuud,1;2;3;4;5,2;3;4;5;1,4,1;2;3;4,0.221091,True,d,3917,3,5,3721,u,1,True,GHOST
126,2,1899;4474,uu,1;2,1;2,1,-,0.417190,False,u,4474,1,2,4474,u,1,False,MATCH
639,16,1900;2247;2541;2670;2847;3013;3100;3280;4576;4620;4731;5041;5145;6167;6220;6879,uuuuuuuuuuuuuuud,1;2;3;4;5;6;7;8;9;10;11;12;13;14;15;16,1;2;3;4;5;7;8;9;6;10;11;12;14;13;16;15,15,6;7;8;13;15,0.119868,True,d,6879,14,16,6220,u,1,True,GHOST
845,3,1908;2944;6555,uuu,1;2;3,1;2;3,2,-,0.535758,False,u,6555,2,3,6555,u,1,False,MATCH
694,3,1910;3122;6666,uuu,1;2;3,1;2;3,2,-,0.256809,False,u,6666,2,3,6666,u,1,False,MATCH
1137,6,1912;2020;2642;3294;3438;4986,uuuudc,1;2;3;4;5;6,1;2;3;4;6;5,5,5,0.157203,True,c,4986,4,6,3438,d,0,True,MISSING_CURRENT
36,8,1916;2161;3007;3082;5522;5932;5949;6975,uuuuuudc,1;2;3;4;5;6;7;8,1;2;4;3;6;7;5;8,7,3;5;6,0.617587,False,c,6975,7,8,6975,c,1,False,MATCH
897,2,1918;5902,uu,1;2,1;2,1,-,0.340465,False,u,5902,1,2,5902,u,1,False,MATCH
791,6,1919;1989;2112;3335;4305;6905,uuuuuu,1;2;3;4;5;6,1;2;3;4;5;6,5,-,0.448258,False,u,6905,5,6,6905,u,1,False,MATCH
1114,6,1920;3631;4056;4601;5393;7279,uuuudc,1;2;3;4;5;6,1;2;3;4;5;6,5,-,0.837888,False,c,7279,5,6,7279,c,1,False,MATCH
624,1,1921,u,1,1,0,-,-,False,u,1921,0,1,1921,u,1,False,MATCH
638,4,1923;3207;4652;6650,uuud,1;2;3;4,1;2;3;4,3,-,0.564334,False,d,6650,3,4,6650,d,0,False,MATCH
1175,3,1925;4196;7109,uuu,1;2;3,1;2;3,2,-,0.589827,False,u,7109,2,3,7109,u,1,False,MATCH
536,5,1926;1958;4094;4468;4585,uuuud,1;2;3;4;5,1;2;3;5;4,4,4,0.095623,True,d,4585,3,5,4468,u,1,True,GHOST
24,2,1929;6103,uu,1;2,2;1,1,1,0.027830,True,u,6103,0,2,1929,u,1,True,STALE_WINS
814,4,1931;2824;3576;6093,uuuu,1;2;3;4,1;2;3;4,3,-,0.951736,False,u,6093,3,4,6093,u,1,False,MATCH
78,5,1933;3086;4149;4667;6649,uuuuu,1;2;3;4;5,1;2;3;4;5,4,-,0.431368,False,u,6649,4,5,6649,u,1,False,MATCH
1056,9,1936;2171;2187;2832;2940;2996;3737;6254;6507,uuuuuuuuu,1;2;3;4;5;6;7;8;9,1;3;4;2;5;6;7;8;9,8,2;3,0.391419,False,u,6507,8,9,6507,u,1,False,MATCH
308,5,1937;3520;3706;3726;4619,uuuuu,1;2;3;4;5,1;2;4;5;3,4,3;4,0.118011,True,u,4619,3,5,3726,u,1,True,STALE_WINS
1083,1,1939,u,1,1,0,-,-,False,u,1939,0,1,1939,u,1,False,MATCH
861,3,1941;2127;4047,uuu,1;2;3,2;1;3,2,1,0.331590,False,u,4047,2,3,4047,u,1,False,MATCH
811,7,1943;3090;3303;3799;5055;6591;6931,uuuuuuu,1;2;3;4;5;6;7,1;3;2;5;6;4;7,6,2;4;5,0.315404,False,u,6931,6,7,6931,u,1,False,MATCH
371,2,1946;4302,uu,1;2,1;2,1,-,0.755043,False,u,4302,1,2,4302,u,1,False,MATCH
991,2,1951;4106,uu,1;2,1;2,1,-,0.901616,False,u,4106,1,2,4106,u,1,False,MATCH
275,8,1955;2118;3855;3997;4258;5597;5981;6074,uuuuuuuu,1;2;3;4;5;6;7;8,1;2;3;5;4;6;7;8,7,4,0.878669,False,u,6074,7,8,6074,u,1,False,MATCH
461,3,1959;4482;5601,uud,1;2;3,2;3;1,2,1;2,0.071803,True,d,5601,1,3,4482,u,1,True,GHOST
927,5,1961;3124;4016;5235;6523,uuuuu,1;2;3;4;5,1;2;4;3;5,4,3,0.869387,False,u,6523,4,5,6523,u,1,False,MATCH
648,1,1964,u,1,1,0,-,-,False,u,1964,0,1,1964,u,1,False,MATCH
392,7,1965;3788;4088;5466;6305;6779;7295,uuuuuuu,1;2;3;4;5;6;7,1;3;2;5;4;6;7,6,2;4,0.960204,False,u,7295,6,7,7295,u,1,False,MATCH
1043,6,1966;3045;4134;6829;7197;7390,uuuuuu,1;2;3;4;5;6,1;2;4;3;5;6,5,3,0.602993,False,u,7390,5,6,7390,u,1,False,MATCH
813,4,1967;5535;6192;7360,uuuu,1;2;3;4,1;2;3;4,3,-,0.535010,False,u,7360,3,4,7360,u,1,False,MATCH
745,5,1968;2321;3597;4617;4717,uuuud,1;2;3;4;5,1;3;2;4;5,4,2,0.566030,False,d,4717,4,5,4717,d,0,False,MATCH
672,2,1972;5340,ud,1;2,1;2,1,-,0.653173,False,d,5340,1,2,5340,d,0,False,MATCH
1244,5,1975;3821;4531;4564;6062,cuuuu,1;2;3;4;5,2;1;4;3;5,4,1;3,0.858929,False,u,6062,4,5,6062,u,1,False,MATCH
964,1,1976,u,1,1,0,-,-,False,u,1976,0,1,1976,u,1,False,MATCH
595,9,1977;3442;3794;3804;4631;6796;6963;7297;7396,uuuuuuuuu,1;2;3;4;5;6;7;8;9,1;2;3;4;5;6;7;9;8,8,8,0.055441,True,u,7396,7,9,7297,u,1,True,STALE_WINS
1204,7,1983;3211;4104;4479;5536;6174;7218,cuuuuuu,1;2;3;4;5;6;7,2;1;4;3;5;6;7,6,1;3,0.316329,False,u,7218,6,7,7218,u,1,False,MATCH
1252,5,1984;3594;3632;3826;6580,cuuuu,1;2;3;4;5,1;2;3;4;5,4,-,0.985001,False,u,6580,4,5,6580,u,1,False,MATCH
416,5,1986;3140;4656;4914;6691,uuuuu,1;2;3;4;5,1;2;3;4;5,4,-,0.967146,False,u,6691,4,5,6691,u,1,False,MATCH
972,7,1987;3822;4650;5180;5614;6056;6928,uuuuuuu,1;2;3;4;5;6;7,2;1;3;5;4;6;7,6,1;4,0.417481,False,u,6928,6,7,6928,u,1,False,MATCH
786,2,1988;5000,ud,1;2,1;2,1,-,0.452324,False,d,5000,1,2,5000,d,0,False,MATCH
963,5,1991;3839;4386;5302;6336,uuuuu,1;2;3;4;5,2;1;3;4;5,4,1,0.978498,False,u,6336,4,5,6336,u,1,False,MATCH
391,7,1992;2004;2143;2625;5243;5506;7085,uuuuuuu,1;2;3;4;5;6;7,2;3;1;4;5;6;7,6,1;2,0.915165,False,u,7085,6,7,7085,u,1,False,MATCH
150,3,1994;3108;6767,uud,1;2;3,1;3;2,2,2,0.109898,True,d,6767,1,3,3108,u,1,True,GHOST
345,3,1998;5770;5883,udc,1;2;3,1;2;3,2,-,0.595552,False,c,5883,2,3,5883,c,1,False,MATCH
967,17,1999;2043;2244;2626;2966;3046;3295;3480;4253;4391;4497;4679;4704;6345;6824;7024;7285,uuuuuuuuuuuuuuuuu,1;2;3;4;5;6;7;8;9;10;11;12;13;14;15;16;17,2;3;1;4;5;7;6;9;8;10;11;13;12;15;14;16;17,16,1;2;6;8;12;14,0.304849,False,u,7285,16,17,7285,u,1,False,MATCH
1193,2,2000;6091,uu,1;2,1;2,1,-,0.337726,False,u,6091,1,2,6091,u,1,False,MATCH
864,7,2003;2615;3113;3717;5567;5773;6522,uuuuuuu,1;2;3;4;5;6;7,1;2;4;3;5;7;6,6,3;6,0.182171,True,u,6522,5,7,5773,u,1,True,STALE_WINS
1097,9,2006;2093;4105;4917;5068;5140;5980;6454;6871,uuuuuuuud,1;2;3;4;5;6;7;8;9,1;2;4;5;3;6;7;8;9,8,3;4,0.621953,False,d,6871,8,9,6871,d,0,False,MATCH
755,9,2007;2562;2624;2776;3750;4616;4826;5583;7239,uuuuuuudc,1;2;3;4;5;6;7;8;9,1;2;3;4;5;6;7;8;9,8,-,0.410249,False,c,7239,8,9,7239,c,1,False,MATCH
199,3,2008;2488;6218,uuu,1;2;3,2;1;3,2,1,0.989273,False,u,6218,2,3,6218,u,1,False,MATCH
602,6,2011;2126;2409;2543;5735;7170,uuuuuu,1;2;3;4;5;6,1;2;3;4;5;6,5,-,0.396766,False,u,7170,5,6,7170,u,1,False,MATCH
248,7,2013;2500;2517;3873;6337;6843;7393,uuuuuuu,1;2;3;4;5;6;7,1;3;2;4;6;5;7,6,2;5,0.845461,False,u,7393,6,7,7393,u,1,False,MATCH
1187,7,2016;2566;2806;4214;5139;5219;7164,uuuuuuu,1;2;3;4;5;6;7,1;2;4;3;5;6;7,6,3,0.649331,False,u,7164,6,7,7164,u,1,False,MATCH
219,2,2017;6304,uu,1;2,2;1,1,1,0.167991,True,u,6304,0,2,2017,u,1,True,STALE_WINS
427,4,2018;5410;7107;7195,uuuu,1;2;3;4,1;2;4;3,3,3,0.004656,True,u,7195,2,4,7107,u,1,True,STALE_WINS
887,3,2023;4066;5617,uuu,1;2;3,1;3;2,2,2,0.116074,True,u,5617,1,3,4066,u,1,True,STALE_WINS
617,5,2025;4552;5854;6997;7175,uuuuu,1;2;3;4;5,1;2;4;5;3,4,3;4,0.171556,True,u,7175,3,5,6997,u,1,True,STALE_WINS
98,3,2026;5217;5255,uud,1;2;3,2;1;3,2,1,0.641123,False,d,5255,2,3,5255,d,0,False,MATCH
778,3,2029;4328;6721,uud,1;2;3,1;3;2,2,2,0.248133,True,d,6721,1,3,4328,u,1,True,GHOST
850,3,2038;5566;6687,uuu,1;2;3,2;1;3,2,1,0.893594,False,u,6687,2,3,6687,u,1,False,MATCH
548,3,2040;3699;5148,uuu,1;2;3,2;1;3,2,1,0.907690,False,u,5148,2,3,5148,u,1,False,MATCH
588,2,2044;6644,uu,1;2,1;2,1,-,0.838973,False,u,6644,1,2,6644,u,1,False,MATCH
646,5,2046;2135;4184;5225;6241,uuuuu,1;2;3;4;5,1;3;2;4;5,4,2,0.823539,False,u,6241,4,5,6241,u,1,False,MATCH
1250,5,2048;3021;4057;5453;5478,cuuuu,1;2;3;4;5,2;1;3;5;4,4,1;4,0.171220,True,u,5478,3,5,5453,u,1,True,STALE_WINS
1110,2,2050;5360,uu,1;2,2;1,1,1,0.205329,True,u,5360,0,2,2050,u,1,True,STALE_WINS
686,8,2051;2743;4155;4226;4750;4877;5419;6268,uuuuuuuu,1;2;3;4;5;6;7;8,1;2;3;4;5;6;7;8,7,-,0.568053,False,u,6268,7,8,6268,u,1,False,MATCH
1106,7,2052;2272;3389;4059;5572;6209;6278,uuuuuuu,1;2;3;4;5;6;7,1;2;3;4;5;6;7,6,-,0.965093,False,u,6278,6,7,6278,u,1,False,MATCH
1162,4,2053;2744;2876;4701,uuud,1;2;3;4,1;2;4;3,3,3,0.002094,True,d,4701,2,4,2876,u,1,True,GHOST
790,5,2054;2307;3206;4333;5396,uuuuu,1;2;3;4;5,1;3;2;5;4,4,2;4,0.167692,True,u,5396,3,5,4333,u,1,True,STALE_WINS
244,5,2058;3081;3823;5002;5525,uuuuu,1;2;3;4;5,1;2;4;3;5,4,3,0.754985,False,u,5525,4,5,5525,u,1,False,MATCH
2,1,2061,u,1,1,0,-,-,False,u,2061,0,1,2061,u,1,False,MATCH
738,8,2062;3050;4496;4760;5118;5246;5428;5851,uuuuuuuu,1;2;3;4;5;6;7;8,1;3;2;5;4;6;7;8,7,2;4,0.568686,False,u,5851,7,8,5851,u,1,False,MATCH
1078,13,2063;2830;3065;3249;3306;3959;4613;4665;5046;5234;5714;6020;6379,uuuuuuuuuuuuu,1;2;3;4;5;6;7;8;9;10;11;12;13,1;2;4;3;5;6;8;7;10;11;9;13;12,12,3;7;9;10;12,0.099794,True,u,6379,11,13,6020,u,1,True,STALE_WINS
637,3,2064;4753;6455,uud,1;2;3,1;3;2,2,2,0.050215,True,d,6455,1,3,4753,u,1,True,GHOST
256,1,2066,u,1,1,0,-,-,False,u,2066,0,1,2066,u,1,False,MATCH
1135,5,2067;2485;4367;4785;5664,uuuuu,1;2;3;4;5,1;2;3;4;5,4,-,0.969600,False,u,5664,4,5,5664,u,1,False,MATCH
190,9,2074;2241;2946;4291;5086;5363;6264;6526;6865,uuuuuuuuu,1;2;3;4;5;6;7;8;9,1;2;3;4;5;7;6;8;9,8,6,0.538007,False,u,6865,8,9,6865,u,1,False,MATCH
178,4,2075;2106;3441;3516,uuuu,1;2;3;4,1;2;3;4,3,-,0.346220,False,u,3516,3,4,3516,u,1,False,MATCH
198,1,2076,u,1,1,0,-,-,False,u,2076,0,1,2076,u,1,False,MATCH
720,2,2078;6051,uu,1;2,2;1,1,1,0.189009,True,u,6051,0,2,2078,u,1,True,STALE_WINS
1249,10,2084;3327;3395;3475;4290;4395;4669;6104;6255;6730,cuuuuuuuud,1;2;3;4;5;6;7;8;9;10,1;2;3;5;4;6;8;7;10;9,9,4;7;9,0.184597,True,d,6730,8,10,6255,u,1,True,GHOST
987,1,2089,u,1,1,0,-,-,False,u,2089,0,1,2089,u,1,False,MATCH
485,1,2091,u,1,1,0,-,-,False,u,2091,0,1,2091,u,1,False,MATCH
135,5,2094;3491;4406;6462;6481,uuuuu,1;2;3;4;5,1;3;2;5;4,4,2;4,0.123195,True,u,6481,3,5,6462,u,1,True,STALE_WINS
372,20,2095;2237;2395;2583;3378;3693;3871;4212;4358;4499;4764;5054;5183;5274;5383;6146;6147;6479;6822;7147,uuuuuuuuuuuuuuuuuudc,1;2;3;4;5;6;7;8;9;10;11;12;13;14;15;16;17;18;19;20,1;2;3;4;5;6;7;8;9;10;11;13;12;15;14;16;17;18;19;20,19,12;14,0.380508,False,c,7147,19,20,7147,c,1,False,MATCH
93,1,2096,u,1,1,0,-,-,False,u,2096,0,1,2096,u,1,False,MATCH
1054,4,2097;2547;5254;6646,uuuu,1;2;3;4,1;2;3;4,3,-,0.605570,False,u,6646,3,4,6646,u,1,False,MATCH
831,4,2102;4792;4865;6533,uuuu,1;2;3;4,1;2;4;3,3,3,0.088039,True,u,6533,2,4,4865,u,1,True,STALE_WINS
1001,8,2103;2115;2344;2438;4559;5437;5550;6383,uuuuuuuu,1;2;3;4;5;6;7;8,1;2;3;4;5;7;6;8,7,6,0.636557,False,u,6383,7,8,6383,u,1,False,MATCH
1015,8,2104;3410;3878;4206;5438;5687;5938;6989,uuuuuudc,1;2;3;4;5;6;7;8,1;2;3;4;5;6;7;8,7,-,0.777943,False,c,6989,7,8,6989,c,1,False,MATCH
1009,2,2107;4603,uu,1;2,1;2,1,-,0.576668,False,u,4603,1,2,4603,u,1,False,MATCH
1240,4,2108;2897;4320;7143,cuuu,1;2;3;4,1;3;2;4,3,2,0.405813,False,u,7143,3,4,7143,u,1,False,MATCH
934,18,2113;2207;2449;2892;2894;4143;4271;4347;4863;4948;5240;5310;6017;6172;6177;6186;6228;6698,uuuuuuuuuuuuuuuuuu,1;2;3;4;5;6;7;8;9;10;11;12;13;14;15;16;17;18,2;1;3;5;4;6;7;8;9;10;11;13;12;15;14;16;17;18,17,1;4;12;14,0.784282,False,u,6698,17,18,6698,u,1,False,MATCH
615,7,2114;2837;3774;3971;4311;5349;6433,uuuuuuu,1;2;3;4;5;6;7,1;2;3;4;5;6;7,6,-,0.846175,False,u,6433,6,7,6433,u,1,False,MATCH
228,14,2117;2335;2929;3052;3291;3698;3773;3960;5159;5519;5985;5988;6096;6229,uuuuuuuuuuuuuu,1;2;3;4;5;6;7;8;9;10;11;12;13;14,1;2;3;4;5;7;6;8;9;10;11;12;13;14,13,6,0.658016,False,u,6229,13,14,6229,u,1,False,MATCH
544,7,2119;2385;3525;3983;6047;6223;6386,uuuuuuu,1;2;3;4;5;6;7,1;2;3;4;5;7;6,6,6,0.014243,True,u,6386,5,7,6223,u,1,True,STALE_WINS
827,7,2122;3192;3844;5103;5429;5779;5956,uuuuuuu,1;2;3;4;5;6;7,1;2;3;4;6;5;7,6,5,0.980600,False,u,5956,6,7,5956,u,1,False,MATCH
50,3,2124;3846;6298,uuu,1;2;3,1;2;3,2,-,0.713077,False,u,6298,2,3,6298,u,1,False,MATCH
46,12,2125;2319;2474;2701;3861;4706;4935;5239;5622;6087;6274;7395,uuuuuuuuuuuu,1;2;3;4;5;6;7;8;9;10;11;12,1;2;3;4;5;7;6;9;8;10;11;12,11,6;8,0.851300,False,u,7395,11,12,7395,u,1,False,MATCH
291,6,2131;3508;4795;5216;6303;6993,uuuuuu,1;2;3;4;5;6,1;3;2;4;5;6,5,2,0.632310,False,u,6993,5,6,6993,u,1,False,MATCH
1170,6,2134;4220;4458;5028;5228;6916,uuuuuu,1;2;3;4;5;6,1;2;4;3;5;6,5,3,0.874159,False,u,6916,5,6,6916,u,1,False,MATCH
826,4,2138;2380;5533;5918,uudc,1;2;3;4,2;1;3;4,3,1,0.274779,False,c,5918,3,4,5918,c,1,False,MATCH
258,3,2141;2366;5127,uuu,1;2;3,1;2;3,2,-,0.615913,False,u,5127,2,3,5127,u,1,False,MATCH
1234,9,2142;3186;4580;5125;5472;5869;6514;6784;7028,cuuuuuuuu,1;2;3;4;5;6;7;8;9,1;2;3;4;6;5;7;8;9,8,5,0.276793,False,u,7028,8,9,7028,u,1,False,MATCH
205,3,2144;6243;7337,uuu,1;2;3,1;2;3,2,-,0.958091,False,u,7337,2,3,7337,u,1,False,MATCH
184,3,2145;6517;7340,uud,1;2;3,2;1;3,2,1,0.860183,False,d,7340,2,3,7340,d,0,False,MATCH
727,5,2149;3190;5312;5934;6934,uuuuu,1;2;3;4;5,1;2;3;4;5,4,-,0.598840,False,u,6934,4,5,6934,u,1,False,MATCH
1109,4,2162;2813;4042;5715,uuuu,1;2;3;4,1;3;4;2,3,2;3,0.186337,True,u,5715,2,4,4042,u,1,True,STALE_WINS
33,9,2164;3164;3817;4352;5039;5203;5355;6058;6978,uuuuuuuuu,1;2;3;4;5;6;7;8;9,1;2;3;4;5;6;7;9;8,8,8,0.165048,True,u,6978,7,9,6058,u,1,True,STALE_WINS
192,3,2167;5610;6435,uud,1;2;3,1;2;3,2,-,0.671455,False,d,6435,2,3,6435,d,0,False,MATCH
579,2,2169;5158,ud,1;2,1;2,1,-,0.791641,False,d,5158,1,2,5158,d,0,False,MATCH
802,3,2173;2802;6306,uuu,1;2;3,1;3;2,2,2,0.042914,True,u,6306,1,3,2802,u,1,True,STALE_WINS
329,4,2174;2600;5347;7034,uuuu,1;2;3;4,2;1;3;4,3,1,0.283321,False,u,7034,3,4,7034,u,1,False,MATCH
355,4,2175;2969;3451;4938,uuuu,1;2;3;4,1;2;3;4,3,-,0.506439,False,u,4938,3,4,4938,u,1,False,MATCH
1033,3,2180;3644;6443,uuu,1;2;3,1;2;3,2,-,0.280703,False,u,6443,2,3,6443,u,1,False,MATCH
290,4,2184;2384;2699;3232,uuuu,1;2;3;4,1;2;3;4,3,-,0.455374,False,u,3232,3,4,3232,u,1,False,MATCH
1183,3,2188;2775;7023,uuu,1;2;3,1;2;3,2,-,0.376451,False,u,7023,2,3,7023,u,1,False,MATCH
645,3,2189;6224;6451,uuu,1;2;3,1;2;3,2,-,0.660411,False,u,6451,2,3,6451,u,1,False,MATCH
838,2,2190;4120,uu,1;2,1;2,1,-,0.890310,False,u,4120,1,2,4120,u,1,False,MATCH
223,9,2194;3485;4293;4839;5181;5432;5802;6436;6798,uuuuuuuuu,1;2;3;4;5;6;7;8;9,1;2;3;5;4;7;6;9;8,8,4;6;8,0.223757,True,u,6798,7,9,6436,u,1,True,STALE_WINS
575,8,2195;2512;2671;4163;5289;5364;5868;6184,uuuuuuuu,1;2;3;4;5;6;7;8,2;1;3;4;5;6;8;7,7,1;7,0.032967,True,u,6184,6,8,5868,u,1,True,STALE_WINS
373,2,2196;2936,uu,1;2,1;2,1,-,0.476315,False,u,2936,1,2,2936,u,1,False,MATCH
1201,7,2197;3107;4410;4684;6031;6118;6318,cuuuudc,1;2;3;4;5;6;7,1;2;3;5;4;6;7,6,4,0.713242,False,c,6318,6,7,6318,c,1,False,MATCH
871,4,2199;2745;4036;6970,uuuu,1;2;3;4,1;2;3;4,3,-,0.867296,False,u,6970,3,4,6970,u,1,False,MATCH
237,6,2200;2702;3701;4963;6106;6565,uuuuud,1;2;3;4;5;6,1;2;3;4;5;6,5,-,0.904157,False,d,6565,5,6,6565,d,0,False,MATCH
1208,3,2201;3964;4885,cuu,1;2;3,1;2;3,2,-,0.516155,False,u,4885,2,3,4885,u,1,False,MATCH
794,10,2202;2618;3761;3768;4322;4513;5251;5887;6696;6823,uuuuuuuuud,1;2;3;4;5;6;7;8;9;10,2;3;1;4;5;6;7;8;10;9,9,1;2;9,0.138752,True,d,6823,8,10,6696,u,1,True,GHOST
1132,4,2203;3152;5462;5798,uuuu,1;2;3;4,1;2;3;4,3,-,0.498743,False,u,5798,3,4,5798,u,1,False,MATCH
1031,2,2204;5096,uu,1;2,2;1,1,1,0.088948,True,u,5096,0,2,2204,u,1,True,STALE_WINS
1118,7,2205;3011;3022;3048;3504;4729;5817,uuuuuuu,1;2;3;4;5;6;7,1;3;4;2;6;7;5,6,2;3;5;6,0.062084,True,u,5817,5,7,4729,u,1,True,STALE_WINS
689,3,2206;4281;4898,uuu,1;2;3,2;1;3,2,1,0.398009,False,u,4898,2,3,4898,u,1,False,MATCH
1100,3,2215;4834;6513,uud,1;2;3,1;2;3,2,-,0.520545,False,d,6513,2,3,6513,d,0,False,MATCH
707,2,2216;3704,uu,1;2,2;1,1,1,0.230819,True,u,3704,0,2,2216,u,1,True,STALE_WINS
1126,4,2217;3629;4954;7155,uuuu,1;2;3;4,1;2;3;4,3,-,0.886361,False,u,7155,3,4,7155,u,1,False,MATCH
502,2,2219;7212,uu,1;2,2;1,1,1,0.232748,True,u,7212,0,2,2219,u,1,True,STALE_WINS
728,9,2222;2390;2595;2988;3332;3927;4762;6814;6897,uuuuuuuuu,1;2;3;4;5;6;7;8;9,1;2;3;4;5;6;7;8;9,8,-,0.809040,False,u,6897,8,9,6897,u,1,False,MATCH
365,11,2223;2337;2462;2568;3486;3805;4626;5224;6130;6603;6774,uuuuuuuuuuu,1;2;3;4;5;6;7;8;9;10;11,1;2;3;4;5;7;6;8;9;10;11,10,6,0.766883,False,u,6774,10,11,6774,u,1,False,MATCH
687,3,2225;5611;5959,uuu,1;2;3,1;3;2,2,2,0.118794,True,u,5959,1,3,5611,u,1,True,STALE_WINS
549,1,2227,u,1,1,0,-,-,False,u,2227,0,1,2227,u,1,False,MATCH
26,10,2230;2292;2363;2957;3872;4453;4709;5580;6022;6762,uuuuuuuuuu,1;2;3;4;5;6;7;8;9;10,2;3;4;1;5;6;7;8;9;10,9,1;2;3,0.574898,False,u,6762,9,10,6762,u,1,False,MATCH
926,2,2233;2768,uu,1;2,2;1,1,1,0.011250,True,u,2768,0,2,2233,u,1,True,STALE_WINS
247,5,2243;2689;4944;6718;6946,uuuuu,1;2;3;4;5,2;1;3;4;5,4,1,0.818402,False,u,6946,4,5,6946,u,1,False,MATCH
114,17,2245;2477;2672;2840;2875;2962;3616;3785;4913;5445;6159;6219;6425;6485;6569;6838;7400,uuuuuuuuuuuuuuuuu,1;2;3;4;5;6;7;8;9;10;11;12;13;14;15;16;17,1;2;3;5;4;6;7;9;8;10;11;12;13;14;15;17;16,16,4;8;16,0.132015,True,u,7400,15,17,6838,u,1,True,STALE_WINS
132,9,2246;2896;4638;5106;5931;6973;6999;7208;7323,uuuuuuuuu,1;2;3;4;5;6;7;8;9,2;3;1;4;5;6;8;7;9,8,1;2;7,0.498130,False,u,7323,8,9,7323,u,1,False,MATCH
22,4,2248;2520;4610;5211,uuuu,1;2;3;4,2;3;1;4,3,1;2,0.773194,False,u,5211,3,4,5211,u,1,False,MATCH
816,2,2250;4168,uu,1;2,1;2,1,-,0.530170,False,u,4168,1,2,4168,u,1,False,MATCH
487,7,2251;3277;3820;4629;5900;6680;7341,uuuuuuu,1;2;3;4;5;6;7,2;1;3;4;5;6;7,6,1,0.256044,False,u,7341,6,7,7341,u,1,False,MATCH
528,6,2254;2333;2341;3791;6828;7358,uuuuuu,1;2;3;4;5;6,2;1;3;4;6;5,5,1;5,0.185736,True,u,7358,4,6,6828,u,1,True,STALE_WINS
409,3,2258;3777;5937,uuu,1;2;3,1;2;3,2,-,0.581525,False,u,5937,2,3,5937,u,1,False,MATCH
820,5,2259;3012;3173;5712;5827,uuuuu,1;2;3;4;5,1;3;2;5;4,4,2;4,0.158415,True,u,5827,3,5,5712,u,1,True,STALE_WINS
898,4,2262;2453;2468;3218,uudc,1;2;3;4,1;2;4;3,3,3,0.058680,True,c,3218,2,4,2468,d,0,True,MISSING_CURRENT
333,8,2267;2589;2808;4945;5345;6392;6885;7300,uuuuuuuu,1;2;3;4;5;6;7;8,1;2;3;5;4;6;7;8,7,4,0.755993,False,u,7300,7,8,7300,u,1,False,MATCH
241,3,2268;2791;3812,uuu,1;2;3,1;2;3,2,-,0.576095,False,u,3812,2,3,3812,u,1,False,MATCH
519,6,2271;3352;3529;3985;5434;6560,uuuuuu,1;2;3;4;5;6,2;1;3;4;5;6,5,1,0.374132,False,u,6560,5,6,6560,u,1,False,MATCH
214,6,2274;2493;2530;4013;5066;6253,uuuudc,1;2;3;4;5;6,2;3;1;5;4;6,5,1;2;4,0.700337,False,c,6253,5,6,6253,c,1,False,MATCH
982,1,2276,u,1,1,0,-,-,False,u,2276,0,1,2276,u,1,False,MATCH
448,4,2278;6082;6197;7392,uuuu,1;2;3;4,1;2;3;4,3,-,0.559759,False,u,7392,3,4,7392,u,1,False,MATCH
362,6,2282;3172;3253;3939;4930;5515,uuuuuu,1;2;3;4;5;6,1;3;2;4;6;5,5,2;5,0.201213,True,u,5515,4,6,4930,u,1,True,STALE_WINS
380,4,2284;2750;3358;5840,uuuu,1;2;3;4,1;2;3;4,3,-,0.336353,False,u,5840,3,4,5840,u,1,False,MATCH
263,5,2288;5100;5165;5924;6187,uuuuu,1;2;3;4;5,2;1;3;5;4,4,1;4,0.000106,True,u,6187,3,5,5924,u,1,True,STALE_WINS
379,3,2289;2941;4222,uuu,1;2;3,2;1;3,2,1,0.695127,False,u,4222,2,3,4222,u,1,False,MATCH
174,3,2291;2879;6913,uuu,1;2;3,1;2;3,2,-,0.963999,False,u,6913,2,3,6913,u,1,False,MATCH
322,5,2295;2376;2431;4153;6408,uuuuu,1;2;3;4;5,1;2;3;4;5,4,-,0.851231,False,u,6408,4,5,6408,u,1,False,MATCH
1119,8,2296;2410;3647;3851;4027;4510;4570;5697,uuuuuuud,1;2;3;4;5;6;7;8,1;3;4;5;6;7;8;2,7,2;3;4;5;6;7,0.102060,True,d,5697,6,8,4570,u,1,True,GHOST
201,2,2299;3386,ud,1;2,1;2,1,-,0.660560,False,d,3386,1,2,3386,d,0,False,MATCH
1139,2,2300;5465,uu,1;2,1;2,1,-,0.661386,False,u,5465,1,2,5465,u,1,False,MATCH
984,2,2301;7040,uu,1;2,1;2,1,-,0.374669,False,u,7040,1,2,7040,u,1,False,MATCH
788,4,2302;4646;6405;7080,uuuu,1;2;3;4,1;3;2;4,3,2,0.734370,False,u,7080,3,4,7080,u,1,False,MATCH
1016,6,2303;3515;3517;5634;5724;6143,uuuuuu,1;2;3;4;5;6,1;2;4;3;6;5,5,3;5,0.059615,True,u,6143,4,6,5724,u,1,True,STALE_WINS
844,10,2304;2714;2880;3954;4133;4548;4565;4844;6148;7131,uuuuuuuuuu,1;2;3;4;5;6;7;8;9;10,2;1;3;5;4;7;6;8;10;9,9,1;4;6;9,0.056373,True,u,7131,8,10,6148,u,1,True,STALE_WINS
509,1,2310,u,1,1,0,-,-,False,u,2310,0,1,2310,u,1,False,MATCH
9,5,2311;2980;3815;6006;6860,uuuuu,1;2;3;4;5,1;2;4;3;5,4,3,0.557691,False,u,6860,4,5,6860,u,1,False,MATCH
1210,4,2312;6164;6671;7094,cuuu,1;2;3;4,1;2;4;3,3,3,0.011568,True,u,7094,2,4,6671,u,1,True,STALE_WINS
202,6,2313;3359;3728;4146;5732;6142,uuuuuu,1;2;3;4;5;6,1;2;4;3;5;6,5,3,0.608738,False,u,6142,5,6,6142,u,1,False,MATCH
140,3,2315;2322;5833,uuu,1;2;3,1;2;3,2,-,0.743778,False,u,5833,2,3,5833,u,1,False,MATCH
318,3,2320;3216;5331,uuu,1;2;3,1;2;3,2,-,0.899622,False,u,5331,2,3,5331,u,1,False,MATCH
289,1,2324,u,1,1,0,-,-,False,u,2324,0,1,2324,u,1,False,MATCH
51,2,2325;4175,uu,1;2,1;2,1,-,0.993989,False,u,4175,1,2,4175,u,1,False,MATCH
860,6,2328;3667;5352;5502;5863;5871,uuuuuu,1;2;3;4;5;6,1;2;3;5;6;4,5,4;5,0.234473,True,u,5871,4,6,5863,u,1,True,STALE_WINS
394,2,2329;2738,uu,1;2,1;2,1,-,0.388191,False,u,2738,1,2,2738,u,1,False,MATCH
246,7,2330;4186;5551;5649;6605;7126;7242,uuuuudc,1;2;3;4;5;6;7,1;3;2;4;6;5;7,6,2;5,0.901198,False,c,7242,6,7,7242,c,1,False,MATCH
369,11,2334;2836;3317;3380;3655;4099;4770;5657;6590;6746;7362,uuuuuuuuuuu,1;2;3;4;5;6;7;8;9;10;11,1;2;3;4;5;6;7;8;9;11;10,10,10,0.076277,True,u,7362,9,11,6746,u,1,True,STALE_WINS
423,22,2336;2932;3456;4236;4462;4593;4952;5173;5540;5543;6092;6136;6263;6346;6441;6624;6636;6672;6763;6976;7092;7257,uuuuuuuuuuuuuuuuuuuuuu,1;2;3;4;5;6;7;8;9;10;11;12;13;14;15;16;17;18;19;20;21;22,1;2;3;4;5;6;8;7;9;11;10;12;14;13;16;15;18;17;19;20;21;22,21,7;10;13;15;17,0.845688,False,u,7257,21,22,7257,u,1,False,MATCH
25,1,2338,u,1,1,0,-,-,False,u,2338,0,1,2338,u,1,False,MATCH
99,2,2339;7183,ud,1;2,1;2,1,-,0.603909,False,d,7183,1,2,7183,d,0,False,MATCH
775,10,2340;2464;3658;3818;5152;5444;6070;6348;7227;7265,uuuuuuuuud,1;2;3;4;5;6;7;8;9;10,1;3;4;2;5;6;7;8;9;10,9,2;3,0.920895,False,d,7265,9,10,7265,d,0,False,MATCH
870,3,2342;4520;4643,uuu,1;2;3,1;2;3,2,-,0.592660,False,u,4643,2,3,4643,u,1,False,MATCH
764,4,2343;2433;2772;4999,uuuu,1;2;3;4,1;3;2;4,3,2,0.745331,False,u,4999,3,4,4999,u,1,False,MATCH
837,6,2349;2807;3163;4881;5157;5524,uuuuud,1;2;3;4;5;6,1;2;3;4;5;6,5,-,0.446660,False,d,5524,5,6,5524,d,0,False,MATCH
169,3,2350;2559;6270,uuu,1;2;3,1;2;3,2,-,0.947651,False,u,6270,2,3,6270,u,1,False,MATCH
356,3,2351;7064;7199,uuu,1;2;3,2;3;1,2,1;2,0.126718,True,u,7199,1,3,7064,u,1,True,STALE_WINS
973,14,2353;2440;2726;3025;3404;3496;4177;4817;5220;5978;6470;6508;6622;6817,uuuuuuuuuuuuuu,1;2;3;4;5;6;7;8;9;10;11;12;13;14,1;2;3;4;5;6;7;8;9;10;11;13;14;12,13,12;13,0.142305,True,u,6817,12,14,6622,u,1,True,STALE_WINS
627,2,2355;3578,uu,1;2,2;1,1,1,0.085264,True,u,3578,0,2,2355,u,1,True,STALE_WINS
636,3,2358;2621;7334,uuu,1;2;3,1;3;2,2,2,0.081168,True,u,7334,1,3,2621,u,1,True,STALE_WINS
1134,2,2359;5087,uu,1;2,1;2,1,-,0.777203,False,u,5087,1,2,5087,u,1,False,MATCH
262,3,2365;2709;2937,uuu,1;2;3,1;2;3,2,-,0.482411,False,u,2937,2,3,2937,u,1,False,MATCH
547,1,2368,u,1,1,0,-,-,False,u,2368,0,1,2368,u,1,False,MATCH
779,4,2372;2514;6836;7321,uudc,1;2;3;4,2;1;3;4,3,1,0.304343,False,c,7321,3,4,7321,c,1,False,MATCH
546,4,2377;3153;3741;4815,uuud,1;2;3;4,2;1;3;4,3,1,0.821250,False,d,4815,3,4,4815,d,0,False,MATCH
473,1,2381,u,1,1,0,-,-,False,u,2381,0,1,2381,u,1,False,MATCH
154,3,2386;3940;6021,uuu,1;2;3,1;2;3,2,-,0.769978,False,u,6021,2,3,6021,u,1,False,MATCH
619,12,2394;2614;2637;2866;5047;5449;5627;5674;6048;6421;6888;7292,uuuuuuuuuuuu,1;2;3;4;5;6;7;8;9;10;11;12,1;3;2;4;6;5;7;8;9;10;11;12,11,2;5,0.538528,False,u,7292,11,12,7292,u,1,False,MATCH
55,11,2396;2635;3415;3467;3875;4745;5359;5787;6300;7254;7268,uuuuuuuuuuu,1;2;3;4;5;6;7;8;9;10;11,1;3;2;4;6;5;8;7;9;10;11,10,2;5;7,0.623673,False,u,7268,10,11,7268,u,1,False,MATCH
992,5,2397;2471;4697;6501;6785,uuuuu,1;2;3;4;5,2;3;4;1;5,4,1;2;3,0.734802,False,u,6785,4,5,6785,u,1,False,MATCH
1020,1,2399,u,1,1,0,-,-,False,u,2399,0,1,2399,u,1,False,MATCH
1155,1,2401,u,1,1,0,-,-,False,u,2401,0,1,2401,u,1,False,MATCH
166,2,2403;6531,uu,1;2,2;1,1,1,0.110091,True,u,6531,0,2,2403,u,1,True,STALE_WINS
1059,8,2404;3316;3463;4436;5040;5681;5952;6728,uuuuuuud,1;2;3;4;5;6;7;8,1;3;2;5;4;6;7;8,7,2;4,0.872286,False,d,6728,7,8,6728,d,0,False,MATCH
1228,5,2406;4380;4508;4639;5807,cuuuu,1;2;3;4;5,1;2;3;5;4,4,4,0.011903,True,u,5807,3,5,4639,u,1,True,STALE_WINS
564,11,2412;2551;2901;3370;3642;4866;5119;6076;6688;6967;7176,uuuuuuuuuuu,1;2;3;4;5;6;7;8;9;10;11,2;1;4;3;6;5;7;8;10;9;11,10,1;3;5;9,0.273774,False,u,7176,10,11,7176,u,1,False,MATCH
398,3,2413;3710;6071,uuu,1;2;3,1;3;2,2,2,0.122167,True,u,6071,1,3,3710,u,1,True,STALE_WINS
339,2,2415;6557,uu,1;2,2;1,1,1,0.215908,True,u,6557,0,2,2415,u,1,True,STALE_WINS
415,2,2422;4597,uu,1;2,1;2,1,-,0.318624,False,u,4597,1,2,4597,u,1,False,MATCH
229,3,2423;5186;7160,uuu,1;2;3,1;2;3,2,-,0.606210,False,u,7160,2,3,7160,u,1,False,MATCH
530,7,2425;2494;3015;4773;5074;5365;7260,uuuuuuu,1;2;3;4;5;6;7,1;3;4;2;5;6;7,6,2;3,0.853428,False,u,7260,6,7,7260,u,1,False,MATCH
852,3,2427;2575;6331,uud,1;2;3,1;3;2,2,2,0.033429,True,d,6331,1,3,2575,u,1,True,GHOST
558,8,2429;4112;4228;4287;5528;6138;6545;6601,uuuuuuud,1;2;3;4;5;6;7;8,1;3;2;5;6;4;7;8,7,2;4;5,0.545693,False,d,6601,7,8,6601,d,0,False,MATCH
804,9,2430;2434;3144;3205;3365;3671;6202;6375;6559,uuuuuuuuu,1;2;3;4;5;6;7;8;9,1;2;3;4;5;6;7;8;9,8,-,0.803360,False,u,6559,8,9,6559,u,1,False,MATCH
155,9,2435;2659;2771;3074;4188;4648;5137;5320;7381,uuuuuuuuu,1;2;3;4;5;6;7;8;9,2;1;3;4;6;5;7;8;9,8,1;5,0.468640,False,u,7381,8,9,7381,u,1,False,MATCH
14,8,2441;3351;3911;4689;5021;6743;7179;7250,uuuuuuuu,1;2;3;4;5;6;7;8,1;2;3;4;5;6;8;7,7,7,0.080676,True,u,7250,6,8,7179,u,1,True,STALE_WINS
489,8,2443;2739;2752;2902;3023;3617;4045;5982,uuuuuuuu,1;2;3;4;5;6;7;8,2;1;4;5;3;6;7;8,7,1;3;4,0.646092,False,u,5982,7,8,5982,u,1,False,MATCH
1005,5,2445;2763;4378;4740;5825,uuuuu,1;2;3;4;5,2;1;3;4;5,4,1,0.888064,False,u,5825,4,5,5825,u,1,False,MATCH
143,6,2454;2774;3867;4943;6596;7041,uuuuuu,1;2;3;4;5;6,1;2;3;4;5;6,5,-,0.682561,False,u,7041,5,6,7041,u,1,False,MATCH
1235,10,2455;3227;3396;3836;4781;5024;5866;6465;6515;6602,cuuuuuuuuu,1;2;3;4;5;6;7;8;9;10,1;2;3;4;5;6;7;8;9;10,9,-,0.283180,False,u,6602,9,10,6602,u,1,False,MATCH
58,5,2458;2809;3890;3931;7371,uuuuu,1;2;3;4;5,1;3;2;4;5,4,2,0.938449,False,u,7371,4,5,7371,u,1,False,MATCH
396,1,2461,u,1,1,0,-,-,False,u,2461,0,1,2461,u,1,False,MATCH
1188,3,2463;6281;7110,uuu,1;2;3,1;3;2,2,2,0.237392,True,u,7110,1,3,6281,u,1,True,STALE_WINS
230,3,2466;4920;5301,uuu,1;2;3,1;2;3,2,-,0.552451,False,u,5301,2,3,5301,u,1,False,MATCH
975,4,2467;3078;5108;6391,uudc,1;2;3;4,1;3;2;4,3,2,0.498154,False,c,6391,3,4,6391,c,1,False,MATCH
970,4,2475;4331;7346;7387,uuuu,1;2;3;4,2;1;3;4,3,1,0.495443,False,u,7387,3,4,7387,u,1,False,MATCH
432,7,2476;2920;3519;4064;4805;5895;7402,uuuuuuu,1;2;3;4;5;6;7,2;1;3;5;4;7;6,6,1;4;6,0.114097,True,u,7402,5,7,5895,u,1,True,STALE_WINS
654,10,2478;2565;2757;3557;3956;4469;6075;6373;6387;7173,uuuuuuuuuu,1;2;3;4;5;6;7;8;9;10,1;2;3;4;6;5;7;8;9;10,9,5,0.781074,False,u,7173,9,10,7173,u,1,False,MATCH
106,2,2479;4767,uu,1;2,1;2,1,-,0.406947,False,u,4767,1,2,4767,u,1,False,MATCH
1111,7,2481;4325;4879;5402;5929;6766;6979,uuuuuuu,1;2;3;4;5;6;7,2;3;1;4;5;6;7,6,1;2,0.658848,False,u,6979,6,7,6979,u,1,False,MATCH
589,2,2483;5954,uu,1;2,1;2,1,-,0.335796,False,u,5954,1,2,5954,u,1,False,MATCH
989,5,2484;2602;4092;4200;5077,uuuuu,1;2;3;4;5,1;2;3;4;5,4,-,0.306241,False,u,5077,4,5,5077,u,1,False,MATCH
603,2,2490;5999,uu,1;2,1;2,1,-,0.995593,False,u,5999,1,2,5999,u,1,False,MATCH
742,7,2495;3882;5070;5685;6440;6737;6981,uuuuuud,1;2;3;4;5;6;7,1;2;3;4;5;6;7,6,-,0.754312,False,d,6981,6,7,6981,d,0,False,MATCH
1092,7,2496;2651;4176;5099;5248;5507;6527,uuuuuuu,1;2;3;4;5;6;7,1;2;4;3;5;6;7,6,3,0.811214,False,u,6527,6,7,6527,u,1,False,MATCH
625,8,2498;2724;2927;3119;3895;4716;5584;7407,uuuuuuud,1;2;3;4;5;6;7;8,1;2;4;3;5;7;8;6,7,3;6;7,0.185717,True,d,7407,6,8,5584,u,1,True,GHOST
650,2,2502;6939,uu,1;2,2;1,1,1,0.036104,True,u,6939,0,2,2502,u,1,True,STALE_WINS
206,9,2505;2914;3767;4035;4777;5290;5446;6732;7188,uuuuuuuuu,1;2;3;4;5;6;7;8;9,1;2;4;3;5;7;6;8;9,8,3;6,0.500396,False,u,7188,8,9,7188,u,1,False,MATCH
493,5,2507;5512;6616;6856;7184,uuuuu,1;2;3;4;5,2;1;3;5;4,4,1;4,0.128039,True,u,7184,3,5,6856,u,1,True,STALE_WINS
1129,2,2511;5975,ud,1;2,1;2,1,-,0.311738,False,d,5975,1,2,5975,d,0,False,MATCH
807,5,2515;3686;4124;4323;5796,uuudc,1;2;3;4;5,1;2;3;5;4,4,4,0.127938,True,c,5796,3,5,4323,d,0,True,MISSING_CURRENT
481,2,2519;6476,uu,1;2,2;1,1,1,0.232735,True,u,6476,0,2,2519,u,1,True,STALE_WINS
1165,3,2525;2594;3829,udc,1;2;3,1;2;3,2,-,0.267921,False,c,3829,2,3,3829,c,1,False,MATCH
361,1,2528,u,1,1,0,-,-,False,u,2528,0,1,2528,u,1,False,MATCH
552,7,2532;2919;2982;3412;5335;6240;6503,uuuuuuu,1;2;3;4;5;6;7,1;2;3;5;4;6;7,6,4,0.865578,False,u,6503,6,7,6503,u,1,False,MATCH
516,3,2536;5292;7149,uuu,1;2;3,1;2;3,2,-,0.421187,False,u,7149,2,3,7149,u,1,False,MATCH
326,2,2540;6245,uu,1;2,1;2,1,-,0.398294,False,u,6245,1,2,6245,u,1,False,MATCH
39,5,2542;2609;6618;6818;7067,uuuuu,1;2;3;4;5,2;1;4;5;3,4,1;3;4,0.119588,True,u,7067,3,5,6818,u,1,True,STALE_WINS
68,4,2545;3032;3665;4550,uuuu,1;2;3;4,1;3;2;4,3,2,0.782835,False,u,4550,3,4,4550,u,1,False,MATCH
732,2,2548;5591,ud,1;2,1;2,1,-,0.344967,False,d,5591,1,2,5591,d,0,False,MATCH
551,6,2552;3407;5205;5835;6144;7314,uuuuuu,1;2;3;4;5;6,1;3;2;5;6;4,5,2;4;5,0.048654,True,u,7314,4,6,6144,u,1,True,STALE_WINS
1022,5,2556;3894;4063;5313;6524,uuudc,1;2;3;4;5,1;2;3;4;5,4,-,0.928358,False,c,6524,4,5,6524,c,1,False,MATCH
321,7,2560;3782;4540;4699;5221;6463;7298,uuuuuuu,1;2;3;4;5;6;7,2;3;4;1;5;7;6,6,1;2;3;6,0.015957,True,u,7298,5,7,6463,u,1,True,STALE_WINS
418,10,2564;2918;4001;4232;4430;5481;5899;5974;6105;6987,uuuuuuuuuu,1;2;3;4;5;6;7;8;9;10,1;2;3;4;5;6;7;8;9;10,9,-,0.853219,False,u,6987,9,10,6987,u,1,False,MATCH
1256,6,2567;2761;3618;4116;4471;4910,cuuuuu,1;2;3;4;5;6,2;3;1;4;5;6,5,1;2,0.432996,False,u,4910,5,6,4910,u,1,False,MATCH
1076,2,2578;4575,uu,1;2,2;1,1,1,0.167007,True,u,4575,0,2,2578,u,1,True,STALE_WINS
945,14,2579;2804;2878;3413;3778;3943;4255;5384;5778;6193;6700;6702;6988;7133,uuuuuuuuuuuuud,1;2;3;4;5;6;7;8;9;10;11;12;13;14,1;2;3;4;5;7;6;8;9;10;11;12;13;14,13,6,0.284098,False,d,7133,13,14,7133,d,0,False,MATCH
64,6,2585;2643;3589;5222;6478;6825,uuuuuu,1;2;3;4;5;6,1;2;3;5;6;4,5,4;5,0.041383,True,u,6825,4,6,6478,u,1,True,STALE_WINS
1088,10,2590;2801;3248;3468;3907;4381;4502;5656;5839;6756,uuuuuuuuuu,1;2;3;4;5;6;7;8;9;10,1;2;3;5;6;4;8;7;9;10,9,4;5;7,0.487531,False,u,6756,9,10,6756,u,1,False,MATCH
958,4,2599;3200;4780;6384,uuuu,1;2;3;4,1;2;3;4,3,-,0.725492,False,u,6384,3,4,6384,u,1,False,MATCH
1115,6,2601;3167;3185;4398;4707;5120,uuuuuu,1;2;3;4;5;6,2;1;3;5;4;6,5,1;4,0.677482,False,u,5120,5,6,5120,u,1,False,MATCH
347,2,2607;3854,uu,1;2,1;2,1,-,0.332230,False,u,3854,1,2,3854,u,1,False,MATCH
367,4,2612;2644;2963;6196,uuuu,1;2;3;4,2;1;3;4,3,1,0.745658,False,u,6196,3,4,6196,u,1,False,MATCH
803,6,2628;3121;3950;4292;6295;6579,uuuuuu,1;2;3;4;5;6,2;1;3;5;4;6,5,1;4,0.280194,False,u,6579,5,6,6579,u,1,False,MATCH
733,5,2629;2855;5336;5942;5966,uuuuu,1;2;3;4;5,2;3;4;1;5,4,1;2;3,0.702902,False,u,5966,4,5,5966,u,1,False,MATCH
1057,3,2631;4402;6552,udc,1;2;3,1;2;3,2,-,0.396725,False,c,6552,2,3,6552,c,1,False,MATCH
185,7,2632;2725;3363;3764;5473;6697;7238,uuuuuuu,1;2;3;4;5;6;7,1;2;4;3;5;6;7,6,3,0.319988,False,u,7238,6,7,7238,u,1,False,MATCH
442,1,2633,u,1,1,0,-,-,False,u,2633,0,1,2633,u,1,False,MATCH
311,5,2641;2685;3139;3715;4553,uuuuu,1;2;3;4;5,1;2;3;4;5,4,-,0.518204,False,u,4553,4,5,4553,u,1,False,MATCH
1260,3,2645;4634;4993,cuu,1;2;3,1;2;3,2,-,0.696014,False,u,4993,2,3,4993,u,1,False,MATCH
1035,2,2656;3313,uu,1;2,1;2,1,-,0.879956,False,u,3313,1,2,3313,u,1,False,MATCH
233,16,2657;3196;3488;3581;3731;3796;4058;4210;4464;4530;4835;5009;5923;6325;6994;7287,uuuuuuuuuuuuuuud,1;2;3;4;5;6;7;8;9;10;11;12;13;14;15;16,2;1;3;4;5;7;6;8;10;11;9;12;13;14;15;16,15,1;6;9;10,0.664945,False,d,7287,15,16,7287,d,0,False,MATCH
34,1,2661,u,1,1,0,-,-,False,u,2661,0,1,2661,u,1,False,MATCH
879,1,2665,u,1,1,0,-,-,False,u,2665,0,1,2665,u,1,False,MATCH
980,7,2673;2749;3171;4299;5653;6388;6403,uuuuuuu,1;2;3;4;5;6;7,1;2;4;3;5;6;7,6,3,0.646364,False,u,6403,6,7,6403,u,1,False,MATCH
159,3,2682;3008;4870,uuu,1;2;3,1;2;3,2,-,0.496607,False,u,4870,2,3,4870,u,1,False,MATCH
817,3,2683;3577;4006,uuu,1;2;3,2;1;3,2,1,0.391849,False,u,4006,2,3,4006,u,1,False,MATCH
657,2,2686;6920,ud,1;2,2;1,1,1,0.005225,True,d,6920,0,2,2686,u,1,True,GHOST
559,3,2688;4674;6150,uuu,1;2;3,2;1;3,2,1,0.945088,False,u,6150,2,3,6150,u,1,False,MATCH
784,5,2690;2904;4568;4928;6775,uuuuu,1;2;3;4;5,2;1;3;4;5,4,1,0.996891,False,u,6775,4,5,6775,u,1,False,MATCH
555,16,2694;2970;4778;4812;4830;5585;5781;5858;6028;6577;6614;6742;7136;7221;7261;7299,uuuuuuuuuuuuuuuu,1;2;3;4;5;6;7;8;9;10;11;12;13;14;15;16,2;1;3;4;6;5;8;7;9;10;11;12;13;14;16;15,15,1;5;7;15,0.137869,True,u,7299,14,16,7261,u,1,True,STALE_WINS
954,2,2697;3627,uu,1;2,1;2,1,-,0.455160,False,u,3627,1,2,3627,u,1,False,MATCH
1241,13,2700;4230;4451;5150;5624;6342;6350;6567;6982;7045;7141;7246;7384,cuuuuuuuuuuuu,1;2;3;4;5;6;7;8;9;10;11;12;13,1;2;3;5;4;6;8;9;7;11;10;12;13,12,4;7;8;10,0.659138,False,u,7384,12,13,7384,u,1,False,MATCH
1,3,2715;5727;6715,uuu,1;2;3,2;1;3,2,1,0.548323,False,u,6715,2,3,6715,u,1,False,MATCH
102,3,2723;4592;7118,uud,1;2;3,1;2;3,2,-,0.940941,False,d,7118,2,3,7118,d,0,False,MATCH
885,9,2728;3478;4062;4392;4892;5182;5212;6562;6710,uuuuuuuuu,1;2;3;4;5;6;7;8;9,1;2;3;5;4;6;7;8;9,8,4,0.526961,False,u,6710,8,9,6710,u,1,False,MATCH
1024,2,2729;7223,uu,1;2,1;2,1,-,0.745916,False,u,7223,1,2,7223,u,1,False,MATCH
220,5,2730;4362;6040;6407;6868,uuuuu,1;2;3;4;5,1;2;3;4;5,4,-,0.950708,False,u,6868,4,5,6868,u,1,False,MATCH
1108,4,2732;3897;5380;6676,uuuu,1;2;3;4,1;2;3;4,3,-,0.301398,False,u,6676,3,4,6676,u,1,False,MATCH
17,4,2735;3874;4215;6213,uuud,1;2;3;4,1;2;4;3,3,3,0.097278,True,d,6213,2,4,4215,u,1,True,GHOST
54,8,2746;3333;3341;4346;5187;6284;6468;7241,uuuuuuud,1;2;3;4;5;6;7;8,1;2;3;4;6;5;8;7,7,5;7,0.161735,True,d,7241,6,8,6468,u,1,True,GHOST
1090,2,2748;5604,uu,1;2,1;2,1,-,0.937691,False,u,5604,1,2,5604,u,1,False,MATCH
523,3,2754;6072;7038,uuu,1;2;3,1;3;2,2,2,0.183771,True,u,7038,1,3,6072,u,1,True,STALE_WINS
1245,5,2755;5578;6351;6395;7192,cuuuu,1;2;3;4;5,1;2;3;5;4,4,4,0.229600,True,u,7192,3,5,6395,u,1,True,STALE_WINS
859,1,2765,u,1,1,0,-,-,False,u,2765,0,1,2765,u,1,False,MATCH
279,4,2777;4500;6189;6654,uuuu,1;2;3;4,1;2;3;4,3,-,0.420124,False,u,6654,3,4,6654,u,1,False,MATCH
712,8,2779;3180;4294;5091;6606;6886;6953;7005,uuuuuuuu,1;2;3;4;5;6;7;8,1;2;3;4;6;5;8;7,7,5;7,0.090160,True,u,7005,6,8,6953,u,1,True,STALE_WINS
284,6,2781;2812;3500;4316;4719;7406,uuuuuu,1;2;3;4;5;6,1;2;3;4;5;6,5,-,0.400138,False,u,7406,5,6,7406,u,1,False,MATCH
618,6,2793;3957;4205;4244;5166;5269,uuuuuu,1;2;3;4;5;6,1;3;2;4;6;5,5,2;5,0.082589,True,u,5269,4,6,5166,u,1,True,STALE_WINS
75,3,2794;3403;7351,uud,1;2;3,1;3;2,2,2,0.057563,True,d,7351,1,3,3403,u,1,True,GHOST
658,10,2795;3029;3514;3913;4703;4932;4976;7051;7106;7122,uuuuuuuuuu,1;2;3;4;5;6;7;8;9;10,1;2;3;5;4;6;7;8;9;10,9,4,0.552069,False,u,7122,9,10,7122,u,1,False,MATCH
914,1,2797,u,1,1,0,-,-,False,u,2797,0,1,2797,u,1,False,MATCH
1094,1,2800,u,1,1,0,-,-,False,u,2800,0,1,2800,u,1,False,MATCH
88,4,2805;2860;4297;5635,uuuu,1;2;3;4,1;2;4;3,3,3,0.096526,True,u,5635,2,4,4297,u,1,True,STALE_WINS
208,3,2818;4891;6291,uuu,1;2;3,1;2;3,2,-,0.250935,False,u,6291,2,3,6291,u,1,False,MATCH
832,2,2820;3311,ud,1;2,1;2,1,-,0.305798,False,d,3311,1,2,3311,d,0,False,MATCH
642,7,2821;3555;4802;5195;5407;6234;7382,uuuuuud,1;2;3;4;5;6;7,1;3;2;4;5;6;7,6,2,0.468911,False,d,7382,6,7,7382,d,0,False,MATCH
829,4,2822;4007;6980;7158,uuuu,1;2;3;4,1;2;3;4,3,-,0.475538,False,u,7158,3,4,7158,u,1,False,MATCH
466,3,2825;3756;5598,uuu,1;2;3,1;2;3,2,-,0.273984,False,u,5598,2,3,5598,u,1,False,MATCH
949,2,2827;6659,ud,1;2,2;1,1,1,0.233941,True,d,6659,0,2,2827,u,1,True,GHOST
537,3,2828;3373;7394,uuu,1;2;3,1;2;3,2,-,0.833636,False,u,7394,2,3,7394,u,1,False,MATCH
1232,11,2833;3571;3933;4560;4647;4922;5777;5810;6098;6447;6907,cuuuuuuuudc,1;2;3;4;5;6;7;8;9;10;11,2;1;4;3;5;6;8;7;9;10;11,10,1;3;7,0.498267,False,c,6907,10,11,6907,c,1,False,MATCH
800,1,2839,u,1,1,0,-,-,False,u,2839,0,1,2839,u,1,False,MATCH
294,4,2842;3302;4408;6372,uuuu,1;2;3;4,1;2;3;4,3,-,0.451680,False,u,6372,3,4,6372,u,1,False,MATCH
601,5,2845;3490;5322;5768;6416,uuuuu,1;2;3;4;5,1;3;2;4;5,4,2,0.634285,False,u,6416,4,5,6416,u,1,False,MATCH
1066,1,2849,u,1,1,0,-,-,False,u,2849,0,1,2849,u,1,False,MATCH
584,6,2850;3743;4023;5581;5912;6107,uuuuuu,1;2;3;4;5;6,1;2;3;4;5;6,5,-,0.373216,False,u,6107,5,6,6107,u,1,False,MATCH
698,4,2854;4718;5917;7079,uuuu,1;2;3;4,1;2;3;4,3,-,0.766473,False,u,7079,3,4,7079,u,1,False,MATCH
1169,3,2859;4486;7288,uud,1;2;3,1;3;2,2,2,0.222286,True,d,7288,1,3,4486,u,1,True,GHOST
521,2,2862;5819,uu,1;2,2;1,1,1,0.073264,True,u,5819,0,2,2862,u,1,True,STALE_WINS
103,4,2869;3703;6402;6595,uuuu,1;2;3;4,1;2;3;4,3,-,0.395118,False,u,6595,3,4,6595,u,1,False,MATCH
1067,2,2881;7129,uu,1;2,2;1,1,1,0.229531,True,u,7129,0,2,2881,u,1,True,STALE_WINS
518,3,2895;5734;6787,uuu,1;2;3,2;3;1,2,1;2,0.156855,True,u,6787,1,3,5734,u,1,True,STALE_WINS
757,9,2911;3191;3346;4181;4211;4501;5821;6496;7350,uuuuuuuuu,1;2;3;4;5;6;7;8;9,1;2;3;4;5;6;7;8;9,8,-,0.310839,False,u,7350,8,9,7350,u,1,False,MATCH
239,2,2913;4937,uu,1;2,1;2,1,-,0.336100,False,u,4937,1,2,4937,u,1,False,MATCH
1087,1,2921,u,1,1,0,-,-,False,u,2921,0,1,2921,u,1,False,MATCH
1039,2,2924;6097,uu,1;2,1;2,1,-,0.300387,False,u,6097,1,2,6097,u,1,False,MATCH
1207,9,2926;3587;4628;4724;5367;7111;7251;7277;7403,cuuuuuuuu,1;2;3;4;5;6;7;8;9,1;3;4;2;5;7;6;8;9,8,2;3;6,0.474706,False,u,7403,8,9,7403,u,1,False,MATCH
787,5,2930;5660;5713;6212;6429,uuuuu,1;2;3;4;5,1;2;4;3;5,4,3,0.592895,False,u,6429,4,5,6429,u,1,False,MATCH
858,8,2943;3377;3689;3856;4383;4966;5382;5905,uuuuuudc,1;2;3;4;5;6;7;8,1;3;4;2;5;6;8;7,7,2;3;7,0.166680,True,c,5905,6,8,5382,d,0,True,MISSING_CURRENT
479,7,2945;3603;4654;5805;5844;6171;6442,uuuuuuu,1;2;3;4;5;6;7,1;2;3;5;4;6;7,6,4,0.331740,False,u,6442,6,7,6442,u,1,False,MATCH
292,1,2947,u,1,1,0,-,-,False,u,2947,0,1,2947,u,1,False,MATCH
920,6,2948;3736;4964;5147;5745;6781,uuuuuu,1;2;3;4;5;6,1;3;2;5;4;6,5,2;4,0.517011,False,u,6781,5,6,6781,u,1,False,MATCH
565,3,2949;5062;7135,uud,1;2;3,2;1;3,2,1,0.686695,False,d,7135,2,3,7135,d,0,False,MATCH
447,6,2953;3145;3953;4507;5599;6641,uuuuud,1;2;3;4;5;6,1;3;2;4;5;6,5,2,0.881332,False,d,6641,5,6,6641,d,0,False,MATCH
1130,3,2955;3026;5197,udc,1;2;3,1;2;3,2,-,0.273856,False,c,5197,2,3,5197,c,1,False,MATCH
711,1,2956,u,1,1,0,-,-,False,u,2956,0,1,2956,u,1,False,MATCH
661,3,2960;4387;5385,uuu,1;2;3,1;2;3,2,-,0.588824,False,u,5385,2,3,5385,u,1,False,MATCH
736,5,2964;3003;4721;4846;6002,uuuud,1;2;3;4;5,1;2;3;4;5,4,-,0.323964,False,d,6002,4,5,6002,d,0,False,MATCH
925,4,2965;4073;5168;5284,uuuu,1;2;3;4,1;2;3;4,3,-,0.399854,False,u,5284,3,4,5284,u,1,False,MATCH
462,2,2967;3411,uu,1;2,1;2,1,-,0.854443,False,u,3411,1,2,3411,u,1,False,MATCH
1259,11,2968;3071;3347;3454;3645;4129;4341;4439;6158;6471;7305,cuuuuuuuuuu,1;2;3;4;5;6;7;8;9;10;11,1;2;3;4;6;7;5;8;9;10;11,10,5;6,0.850075,False,u,7305,10,11,7305,u,1,False,MATCH
1254,6,2971;3465;4335;5576;5623;5886,cuuuud,1;2;3;4;5;6,2;3;1;4;5;6,5,1;2,0.329378,False,d,5886,5,6,5886,d,0,False,MATCH
67,3,2972;3935;4759,uud,1;2;3,1;2;3,2,-,0.641852,False,d,4759,2,3,4759,d,0,False,MATCH
1217,2,2974;5215,cu,1;2,1;2,1,-,0.729244,False,u,5215,1,2,5215,u,1,False,MATCH
586,3,2975;3565;3955,uud,1;2;3,2;1;3,2,1,0.913302,False,d,3955,2,3,3955,d,0,False,MATCH
746,1,2978,u,1,1,0,-,-,False,u,2978,0,1,2978,u,1,False,MATCH
608,7,2983;4098;4926;5023;5680;5920;6232,uuuuuuu,1;2;3;4;5;6;7,1;3;2;5;4;7;6,6,2;4;6,0.249545,True,u,6232,5,7,5920,u,1,True,STALE_WINS
312,1,2985,u,1,1,0,-,-,False,u,2985,0,1,2985,u,1,False,MATCH
842,4,2992;3559;5210;6811,uuuu,1;2;3;4,2;1;4;3,3,1;3,0.048192,True,u,6811,2,4,5210,u,1,True,STALE_WINS
913,5,3001;5303;5629;5691;7219,uuuuu,1;2;3;4;5,1;2;3;4;5,4,-,0.835820,False,u,7219,4,5,7219,u,1,False,MATCH
29,5,3004;3870;4371;4473;6128,uuuud,1;2;3;4;5,1;2;4;5;3,4,3;4,0.048689,True,d,6128,3,5,4473,u,1,True,GHOST
697,3,3005;3033;6371,uud,1;2;3,1;2;3,2,-,0.384439,False,d,6371,2,3,6371,d,0,False,MATCH
342,1,3006,u,1,1,0,-,-,False,u,3006,0,1,3006,u,1,False,MATCH
1011,3,3016;3252;5448,uud,1;2;3,1;2;3,2,-,0.460116,False,d,5448,2,3,5448,d,0,False,MATCH
1197,6,3017;3197;3824;4218;6374;6446,uuuuuu,1;2;3;4;5;6,1;2;3;4;6;5,5,5,0.089108,True,u,6446,4,6,6374,u,1,True,STALE_WINS
1153,1,3018,u,1,1,0,-,-,False,u,3018,0,1,3018,u,1,False,MATCH
42,3,3020;4583;7186,uuu,1;2;3,1;2;3,2,-,0.250310,False,u,7186,2,3,7186,u,1,False,MATCH
701,6,3024;4374;5200;6617;7115;7233,uuuuuu,1;2;3;4;5;6,1;2;3;5;4;6,5,4,0.854840,False,u,7233,5,6,7233,u,1,False,MATCH
59,3,3027;5163;6201,uuu,1;2;3,2;1;3,2,1,0.876604,False,u,6201,2,3,6201,u,1,False,MATCH
81,1,3028,u,1,1,0,-,-,False,u,3028,0,1,3028,u,1,False,MATCH
669,2,3031;6594,uu,1;2,1;2,1,-,0.578525,False,u,6594,1,2,6594,u,1,False,MATCH
888,2,3034;3251,uu,1;2,1;2,1,-,0.671512,False,u,3251,1,2,3251,u,1,False,MATCH
7,4,3037;3459;4492;5968,uuuu,1;2;3;4,1;2;4;3,3,3,0.057497,True,u,5968,2,4,4492,u,1,True,STALE_WINS
932,1,3038,u,1,1,0,-,-,False,u,3038,0,1,3038,u,1,False,MATCH
37,3,3042;5285;6410,uuu,1;2;3,1;2;3,2,-,0.950606,False,u,6410,2,3,6410,u,1,False,MATCH
886,8,3043;3209;3841;4871;5257;5281;5936;6729,uuuuuuuu,1;2;3;4;5;6;7;8,1;3;2;5;6;4;8;7,7,2;4;5;7,0.244356,True,u,6729,6,8,5936,u,1,True,STALE_WINS
87,3,3047;5788;6872,uud,1;2;3,1;2;3,2,-,0.551573,False,d,6872,2,3,6872,d,0,False,MATCH
452,4,3066;3178;3246;6265,uuuu,1;2;3;4,1;3;4;2,3,2;3,0.205143,True,u,6265,2,4,3246,u,1,True,STALE_WINS
1121,1,3067,u,1,1,0,-,-,False,u,3067,0,1,3067,u,1,False,MATCH
125,6,3083;3368;4447;5094;5339;6772,uuuuud,1;2;3;4;5;6,2;1;3;5;4;6,5,1;4,0.955079,False,d,6772,5,6,6772,d,0,False,MATCH
815,8,3084;4472;5126;5442;5689;6412;6491;6966,uuuuuuuu,1;2;3;4;5;6;7;8,1;3;2;4;6;5;8;7,7,2;5;7,0.075369,True,u,6966,6,8,6491,u,1,True,STALE_WINS
581,4,3089;3300;4334;4742,uuuu,1;2;3;4,2;1;3;4,3,1,0.441528,False,u,4742,3,4,4742,u,1,False,MATCH
1028,3,3092;5820;6543,uuu,1;2;3,1;2;3,2,-,0.935286,False,u,6543,2,3,6543,u,1,False,MATCH
912,2,3093;4025,uu,1;2,1;2,1,-,0.707862,False,u,4025,1,2,4025,u,1,False,MATCH
868,2,3095;3447,uu,1;2,1;2,1,-,0.331881,False,u,3447,1,2,3447,u,1,False,MATCH
680,3,3098;4375;5130,uuu,1;2;3,2;1;3,2,1,0.964158,False,u,5130,2,3,5130,u,1,False,MATCH
1065,3,3101;4632;6364,uuu,1;2;3,2;1;3,2,1,0.971709,False,u,6364,2,3,6364,u,1,False,MATCH
136,5,3104;4069;4279;5945;7103,uuudc,1;2;3;4;5,1;2;3;4;5,4,-,0.807859,False,c,7103,4,5,7103,c,1,False,MATCH
1239,3,3109;5048;5849,cuu,1;2;3,1;2;3,2,-,0.335462,False,u,5849,2,3,5849,u,1,False,MATCH
677,1,3111,u,1,1,0,-,-,False,u,3111,0,1,3111,u,1,False,MATCH
76,6,3112;3857;4693;5750;6333;6903,uuuuud,1;2;3;4;5;6,1;3;2;5;4;6,5,2;4,0.872758,False,d,6903,5,6,6903,d,0,False,MATCH
231,3,3115;3357;6971,uuu,1;2;3,1;2;3,2,-,0.628414,False,u,6971,2,3,6971,u,1,False,MATCH
995,4,3117;4962;4982;5663,uuuu,1;2;3;4,2;1;4;3,3,1;3,0.183094,True,u,5663,2,4,4982,u,1,True,STALE_WINS
221,3,3129;4837;6203,uud,1;2;3,1;3;2,2,2,0.234986,True,d,6203,1,3,4837,u,1,True,GHOST
359,5,3131;3865;4687;4960;7201,uuuuu,1;2;3;4;5,2;1;4;5;3,4,1;3;4,0.199663,True,u,7201,3,5,4960,u,1,True,STALE_WINS
703,1,3137,u,1,1,0,-,-,False,u,3137,0,1,3137,u,1,False,MATCH
940,2,3138;5486,uu,1;2,1;2,1,-,0.932327,False,u,5486,1,2,5486,u,1,False,MATCH
643,1,3141,u,1,1,0,-,-,False,u,3141,0,1,3141,u,1,False,MATCH
1180,2,3143;4810,uu,1;2,1;2,1,-,0.643888,False,u,4810,1,2,4810,u,1,False,MATCH
500,4,3149;3383;3952;6140,uuud,1;2;3;4,1;2;3;4,3,-,0.563944,False,d,6140,3,4,6140,d,0,False,MATCH
773,4,3156;4368;5922;6406,uuuu,1;2;3;4,2;1;4;3,3,1;3,0.129381,True,u,6406,2,4,5922,u,1,True,STALE_WINS
226,8,3160;3556;5298;5422;5587;5621;6895;7056,uuuuuuuu,1;2;3;4;5;6;7;8,1;2;3;4;5;6;7;8,7,-,0.955113,False,u,7056,7,8,7056,u,1,False,MATCH
453,7,3161;3219;3543;3551;4416;6535;7363,uuuuuuu,1;2;3;4;5;6;7,1;3;2;5;4;7;6,6,2;4;6,0.071384,True,u,7363,5,7,6535,u,1,True,STALE_WINS
557,2,3162;3835,uu,1;2,1;2,1,-,0.302419,False,u,3835,1,2,3835,u,1,False,MATCH
906,4,3168;3674;5776;6799,uuuu,1;2;3;4,1;2;4;3,3,3,0.149579,True,u,6799,2,4,5776,u,1,True,STALE_WINS
1184,9,3169;3792;4160;4876;4946;5690;6541;6915;7264,uuuuuuuuu,1;2;3;4;5;6;7;8;9,1;2;3;5;4;6;7;8;9,8,4,0.400954,False,u,7264,8,9,7264,u,1,False,MATCH
332,11,3177;3458;3510;4278;4872;5167;5480;6326;6456;6657;7313,uuuuuuuuuuu,1;2;3;4;5;6;7;8;9;10;11,1;2;3;5;6;4;8;7;10;9;11,10,4;5;7;9,0.259696,False,u,7313,10,11,7313,u,1,False,MATCH
457,2,3181;5989,uu,1;2,1;2,1,-,0.664528,False,u,5989,1,2,5989,u,1,False,MATCH
876,1,3187,u,1,1,0,-,-,False,u,3187,0,1,3187,u,1,False,MATCH
72,1,3188,u,1,1,0,-,-,False,u,3188,0,1,3188,u,1,False,MATCH
550,1,3195,u,1,1,0,-,-,False,u,3195,0,1,3195,u,1,False,MATCH
561,6,3201;5544;6065;6943;7033;7140,uuuuuu,1;2;3;4;5;6,1;2;3;4;6;5,5,5,0.231002,True,u,7140,4,6,7033,u,1,True,STALE_WINS
1091,3,3202;3670;5034,uuu,1;2;3,2;3;1,2,1;2,0.040346,True,u,5034,1,3,3670,u,1,True,STALE_WINS
157,4,3204;3379;3579;4154,uuuu,1;2;3;4,1;3;4;2,3,2;3,0.040691,True,u,4154,2,4,3579,u,1,True,STALE_WINS
187,3,3208;6043;7180,uuu,1;2;3,2;1;3,2,1,0.274409,False,u,7180,2,3,7180,u,1,False,MATCH
428,3,3210;5537;6962,udc,1;2;3,1;2;3,2,-,0.814417,False,c,6962,2,3,6962,c,1,False,MATCH
465,4,3228;3977;6389;6894,uuud,1;2;3;4,1;2;3;4,3,-,0.418949,False,d,6894,3,4,6894,d,0,False,MATCH
417,4,3229;3735;4138;5085,uuuu,1;2;3;4,1;3;4;2,3,2;3,0.200089,True,u,5085,2,4,4138,u,1,True,STALE_WINS
375,1,3240,u,1,1,0,-,-,False,u,3240,0,1,3240,u,1,False,MATCH
635,2,3241;5456,uu,1;2,1;2,1,-,0.879423,False,u,5456,1,2,5456,u,1,False,MATCH
164,8,3242;3505;3814;3849;4794;4873;5684;6711,uuuuuuuu,1;2;3;4;5;6;7;8,1;2;3;4;5;6;7;8,7,-,0.712267,False,u,6711,7,8,6711,u,1,False,MATCH
385,1,3243,u,1,1,0,-,-,False,u,3243,0,1,3243,u,1,False,MATCH
979,2,3256;5797,ud,1;2,1;2,1,-,0.482582,False,d,5797,1,2,5797,d,0,False,MATCH
1048,4,3259;5395;5880;5987,uuuu,1;2;3;4,1;2;3;4,3,-,0.618934,False,u,5987,3,4,5987,u,1,False,MATCH
30,7,3261;3546;3688;5508;5722;5930;7062,uuuuuuu,1;2;3;4;5;6;7,2;1;3;4;5;6;7,6,1,0.377743,False,u,7062,6,7,7062,u,1,False,MATCH
1251,3,3266;6619;6678,cuu,1;2;3,1;2;3,2,-,0.308693,False,u,6678,2,3,6678,u,1,False,MATCH
1216,2,3267;4696,cu,1;2,2;1,1,1,0.107313,True,u,4696,0,2,3267,c,1,True,STALE_WINS
529,5,3268;3511;3879;5532;6867,uuuuu,1;2;3;4;5,2;1;3;4;5,4,1,0.503090,False,u,6867,4,5,6867,u,1,False,MATCH
433,3,3270;6242;6609,uud,1;2;3,1;2;3,2,-,0.546094,False,d,6609,2,3,6609,d,0,False,MATCH
799,7,3271;3532;3763;4326;4695;5286;6359,uuuuuuu,1;2;3;4;5;6;7,1;2;3;4;5;6;7,6,-,0.648357,False,u,6359,6,7,6359,u,1,False,MATCH
1147,1,3278,u,1,1,0,-,-,False,u,3278,0,1,3278,u,1,False,MATCH
882,6,3281;4249;4339;6343;6528;6716,uuuuud,1;2;3;4;5;6,1;2;4;3;6;5,5,3;5,0.043253,True,d,6716,4,6,6528,u,1,True,GHOST
670,3,3282;3657;4195,uud,1;2;3,1;2;3,2,-,0.299015,False,d,4195,2,3,4195,d,0,False,MATCH
917,6,3283;3650;5834;6010;6225;6272,uuuuuu,1;2;3;4;5;6,1;2;4;3;5;6,5,3,0.691838,False,u,6272,5,6,6272,u,1,False,MATCH
1113,3,3286;3819;5033,uuu,1;2;3,1;3;2,2,2,0.087363,True,u,5033,1,3,3819,u,1,True,STALE_WINS
721,3,3290;5262;6852,uud,1;2;3,1;3;2,2,2,0.134948,True,d,6852,1,3,5262,u,1,True,GHOST
717,6,3296;3638;3843;4295;4675;4998,uuuuuu,1;2;3;4;5;6,1;2;3;4;5;6,5,-,0.261017,False,u,4998,5,6,4998,u,1,False,MATCH
513,1,3299,u,1,1,0,-,-,False,u,3299,0,1,3299,u,1,False,MATCH
1051,3,3304;5025;6432,uuu,1;2;3,1;2;3,2,-,0.610730,False,u,6432,2,3,6432,u,1,False,MATCH
320,3,3305;3418;6706,uuu,1;2;3,2;1;3,2,1,0.653618,False,u,6706,2,3,6706,u,1,False,MATCH
272,5,3318;3775;5305;6401;6431,uuuuu,1;2;3;4;5,1;2;3;4;5,4,-,0.414129,False,u,6431,4,5,6431,u,1,False,MATCH
840,1,3321,u,1,1,0,-,-,False,u,3321,0,1,3321,u,1,False,MATCH
77,1,3322,u,1,1,0,-,-,False,u,3322,0,1,3322,u,1,False,MATCH
985,2,3329;5889,uu,1;2,2;1,1,1,0.183765,True,u,5889,0,2,3329,u,1,True,STALE_WINS
881,8,3340;3810;3916;4096;4823;5620;5877;6080,uuuuuuuu,1;2;3;4;5;6;7;8,1;2;3;4;5;7;6;8,7,6,0.614472,False,u,6080,7,8,6080,u,1,False,MATCH
515,3,3348;5014;6832,uuu,1;2;3,1;3;2,2,2,0.193048,True,u,6832,1,3,5014,u,1,True,STALE_WINS
475,3,3361;5991;6032,uuu,1;2;3,2;3;1,2,1;2,0.197270,True,u,6032,1,3,5991,u,1,True,STALE_WINS
585,4,3364;5081;6404;6651,uuuu,1;2;3;4,1;2;3;4,3,-,0.555373,False,u,6651,3,4,6651,u,1,False,MATCH
460,2,3371;4543,uu,1;2,2;1,1,1,0.210828,True,u,4543,0,2,3371,u,1,True,STALE_WINS
981,1,3375,u,1,1,0,-,-,False,u,3375,0,1,3375,u,1,False,MATCH
1224,2,3385;5374,cu,1;2,1;2,1,-,0.877545,False,u,5374,1,2,5374,u,1,False,MATCH
116,7,3392;3709;3738;3944;5505;6009;7364,uuuuuuu,1;2;3;4;5;6;7,2;1;3;4;6;7;5,6,1;5;6,0.086228,True,u,7364,5,7,6009,u,1,True,STALE_WINS
959,1,3406,u,1,1,0,-,-,False,u,3406,0,1,3406,u,1,False,MATCH
553,1,3408,u,1,1,0,-,-,False,u,3408,0,1,3408,u,1,False,MATCH
393,3,3409;5311;6340,uuu,1;2;3,1;3;2,2,2,0.094235,True,u,6340,1,3,5311,u,1,True,STALE_WINS
776,7,3414;3808;4282;4755;5761;6623;6821,uuuuuuu,1;2;3;4;5;6;7,2;1;4;5;6;7;3,6,1;3;4;5;6,0.141932,True,u,6821,5,7,6623,u,1,True,STALE_WINS
774,1,3430,u,1,1,0,-,-,False,u,3430,0,1,3430,u,1,False,MATCH
211,9,3437;3690;4459;4522;4651;4714;4918;5260;6113,uuuuuuuuu,1;2;3;4;5;6;7;8;9,1;2;3;4;6;5;7;8;9,8,5,0.855382,False,u,6113,8,9,6113,u,1,False,MATCH
138,1,3450,u,1,1,0,-,-,False,u,3450,0,1,3450,u,1,False,MATCH
374,3,3453;5029;5474,uuu,1;2;3,1;2;3,2,-,0.996914,False,u,5474,2,3,5474,u,1,False,MATCH
249,3,3462;5418;5546,uud,1;2;3,1;2;3,2,-,0.729578,False,d,5546,2,3,5546,d,0,False,MATCH
571,1,3466,u,1,1,0,-,-,False,u,3466,0,1,3466,u,1,False,MATCH
463,2,3472;6208,ud,1;2,1;2,1,-,0.852602,False,d,6208,1,2,6208,d,0,False,MATCH
854,5,3476;5408;5459;7087;7100,uuuud,1;2;3;4;5,2;1;3;5;4,4,1;4,0.239128,True,d,7100,3,5,7087,u,1,True,GHOST
1026,3,3479;5006;6409,uud,1;2;3,1;3;2,2,2,0.084423,True,d,6409,1,3,5006,u,1,True,GHOST
207,1,3484,u,1,1,0,-,-,False,u,3484,0,1,3484,u,1,False,MATCH
1058,2,3495;6294,uu,1;2,1;2,1,-,0.916402,False,u,6294,1,2,6294,u,1,False,MATCH
593,7,3498;3575;4490;5595;6422;6530;6575,uuuuudc,1;2;3;4;5;6;7,1;2;4;5;3;6;7,6,3;4,0.408827,False,c,6575,6,7,6575,c,1,False,MATCH
735,3,3501;3850;4466,uuu,1;2;3,1;2;3,2,-,0.361048,False,u,4466,2,3,4466,u,1,False,MATCH
877,3,3506;5276;6912,uud,1;2;3,2;1;3,2,1,0.639025,False,d,6912,2,3,6912,d,0,False,MATCH
177,4,3530;4404;4758;5962,uuuu,1;2;3;4,1;2;4;3,3,3,0.187030,True,u,5962,2,4,4758,u,1,True,STALE_WINS
867,4,3531;4983;5375;5737,uuuu,1;2;3;4,1;2;4;3,3,3,0.045030,True,u,5737,2,4,5375,u,1,True,STALE_WINS
441,2,3535;6039,ud,1;2,1;2,1,-,0.447899,False,d,6039,1,2,6039,d,0,False,MATCH
215,1,3537,u,1,1,0,-,-,False,u,3537,0,1,3537,u,1,False,MATCH
1145,1,3542,u,1,1,0,-,-,False,u,3542,0,1,3542,u,1,False,MATCH
1167,3,3552;5996;6258,uuu,1;2;3,1;2;3,2,-,0.944273,False,u,6258,2,3,6258,u,1,False,MATCH
90,6,3554;4377;4899;5431;6050;6477,uuuuuu,1;2;3;4;5;6,2;1;3;5;4;6,5,1;4,0.716681,False,u,6477,5,6,6477,u,1,False,MATCH
812,3,3561;5904;7258,uuu,1;2;3,1;3;2,2,2,0.026591,True,u,7258,1,3,5904,u,1,True,STALE_WINS
704,4,3567;3641;4409;6247,uuuu,1;2;3;4,2;1;3;4,3,1,0.883943,False,u,6247,3,4,6247,u,1,False,MATCH
763,2,3572;5236,ud,1;2,1;2,1,-,0.470076,False,d,5236,1,2,5236,d,0,False,MATCH
540,3,3573;4800;5766,uuu,1;2;3,1;2;3,2,-,0.631078,False,u,5766,2,3,5766,u,1,False,MATCH
317,3,3574;4159;7011,uuu,1;2;3,2;1;3,2,1,0.736221,False,u,7011,2,3,7011,u,1,False,MATCH
607,3,3584;4476;4557,uuu,1;2;3,1;2;3,2,-,0.890278,False,u,4557,2,3,4557,u,1,False,MATCH
173,4,3600;4274;6437;6949,uuuu,1;2;3;4,1;2;3;4,3,-,0.608925,False,u,6949,3,4,6949,u,1,False,MATCH
960,6,3604;3739;4269;4394;5875;7083,uuuuuu,1;2;3;4;5;6,1;3;4;2;6;5,5,2;3;5,0.164897,True,u,7083,4,6,5875,u,1,True,STALE_WINS
865,5,3605;4448;5242;5451;6610,uuuuu,1;2;3;4;5,1;3;2;4;5,4,2,0.743482,False,u,6610,4,5,6610,u,1,False,MATCH
133,2,3608;5563,uu,1;2,1;2,1,-,0.323511,False,u,5563,1,2,5563,u,1,False,MATCH
445,3,3619;6469;6820,uuu,1;2;3,1;2;3,2,-,0.564777,False,u,6820,2,3,6820,u,1,False,MATCH
1143,2,3623;6819,ud,1;2,1;2,1,-,0.951493,False,d,6819,1,2,6819,d,0,False,MATCH
1019,3,3636;3921;6179,uuu,1;2;3,1;3;2,2,2,0.209176,True,u,6179,1,3,3921,u,1,True,STALE_WINS
251,1,3654,u,1,1,0,-,-,False,u,3654,0,1,3654,u,1,False,MATCH
420,3,3662;5853;6936,uuu,1;2;3,1;2;3,2,-,0.392063,False,u,6936,2,3,6936,u,1,False,MATCH
713,3,3663;3781;6319,uuu,1;2;3,1;2;3,2,-,0.475054,False,u,6319,2,3,6319,u,1,False,MATCH
250,4,3669;4903;5518;6049,uuuu,1;2;3;4,1;2;3;4,3,-,0.378837,False,u,6049,3,4,6049,u,1,False,MATCH
183,2,3673;3859,uu,1;2,1;2,1,-,0.985933,False,u,3859,1,2,3859,u,1,False,MATCH
1037,4,3683;3786;4071;6282,uuud,1;2;3;4,1;2;3;4,3,-,0.616838,False,d,6282,3,4,6282,d,0,False,MATCH
386,1,3687,u,1,1,0,-,-,False,u,3687,0,1,3687,u,1,False,MATCH
604,1,3697,u,1,1,0,-,-,False,u,3697,0,1,3697,u,1,False,MATCH
324,2,3700;5494,ud,1;2,1;2,1,-,0.915579,False,d,5494,1,2,5494,d,0,False,MATCH
146,1,3702,u,1,1,0,-,-,False,u,3702,0,1,3702,u,1,False,MATCH
482,2,3705;3869,uu,1;2,1;2,1,-,0.901556,False,u,3869,1,2,3869,u,1,False,MATCH
313,2,3714;5970,ud,1;2,2;1,1,1,0.142651,True,d,5970,0,2,3714,u,1,True,GHOST
189,2,3716;4874,uu,1;2,1;2,1,-,0.504199,False,u,4874,1,2,4874,u,1,False,MATCH
265,1,3722,u,1,1,0,-,-,False,u,3722,0,1,3722,u,1,False,MATCH
944,3,3724;5925;7383,uuu,1;2;3,1;2;3,2,-,0.879213,False,u,7383,2,3,7383,u,1,False,MATCH
437,2,3734;3754,uu,1;2,1;2,1,-,0.349891,False,u,3754,1,2,3754,u,1,False,MATCH
957,1,3745,u,1,1,0,-,-,False,u,3745,0,1,3745,u,1,False,MATCH
574,7,3759;4108;5226;5884;6016;6424;6582,uuuuuuu,1;2;3;4;5;6;7,1;3;4;2;5;6;7,6,2;3,0.792321,False,u,6582,6,7,6582,u,1,False,MATCH
923,2,3766;7281,uu,1;2,1;2,1,-,0.473968,False,u,7281,1,2,7281,u,1,False,MATCH
675,4,3769;6665;7235;7333,uuuu,1;2;3;4,2;1;3;4,3,1,0.486755,False,u,7333,3,4,7333,u,1,False,MATCH
1004,1,3770,u,1,1,0,-,-,False,u,3770,0,1,3770,u,1,False,MATCH
1101,3,3776;4640;6064,uuu,1;2;3,1;2;3,2,-,0.719886,False,u,6064,2,3,6064,u,1,False,MATCH
1136,6,3784;4072;4612;5782;6576;6599,uuuuuu,1;2;3;4;5;6,1;2;3;5;4;6,5,4,0.627428,False,u,6599,5,6,6599,u,1,False,MATCH
1141,2,3793;6382,ud,1;2,1;2,1,-,0.524370,False,d,6382,1,2,6382,d,0,False,MATCH
737,9,3802;4102;4685;4708;4779;5888;6216;6438;7058,uuuuuuuuu,1;2;3;4;5;6;7;8;9,2;1;3;4;6;5;8;7;9,8,1;5;7,0.886387,False,u,7058,8,9,7058,u,1,False,MATCH
805,3,3807;4549;4850,udc,1;2;3,1;3;2,2,2,0.077721,True,c,4850,1,3,4549,d,0,True,MISSING_CURRENT
856,4,3811;4256;4498;7012,uuud,1;2;3;4,1;3;2;4,3,2,0.953887,False,d,7012,3,4,7012,d,0,False,MATCH
1044,2,3825;5520,ud,1;2,1;2,1,-,0.732679,False,d,5520,1,2,5520,d,0,False,MATCH
276,1,3832,u,1,1,0,-,-,False,u,3832,0,1,3832,u,1,False,MATCH
905,3,3834;5176;5463,uuu,1;2;3,2;1;3,2,1,0.561568,False,u,5463,2,3,5463,u,1,False,MATCH
532,1,3837,u,1,1,0,-,-,False,u,3837,0,1,3837,u,1,False,MATCH
141,2,3840;7380,uu,1;2,1;2,1,-,0.667936,False,u,7380,1,2,7380,u,1,False,MATCH
474,2,3853;6355,uu,1;2,1;2,1,-,0.943651,False,u,6355,1,2,6355,u,1,False,MATCH
306,2,3877;4221,uu,1;2,1;2,1,-,0.295940,False,u,4221,1,2,4221,u,1,False,MATCH
203,1,3884,u,1,1,0,-,-,False,u,3884,0,1,3884,u,1,False,MATCH
1003,3,3898;4836;4997,uuu,1;2;3,1;2;3,2,-,0.785641,False,u,4997,2,3,4997,u,1,False,MATCH
254,1,3900,u,1,1,0,-,-,False,u,3900,0,1,3900,u,1,False,MATCH
38,1,3904,u,1,1,0,-,-,False,u,3904,0,1,3904,u,1,False,MATCH
406,1,3909,u,1,1,0,-,-,False,u,3909,0,1,3909,u,1,False,MATCH
744,3,3918;3941;4598,uuu,1;2;3,1;2;3,2,-,0.396299,False,u,4598,2,3,4598,u,1,False,MATCH
933,1,3923,u,1,1,0,-,-,False,u,3923,0,1,3923,u,1,False,MATCH
937,2,3925;5571,uu,1;2,1;2,1,-,0.780333,False,u,5571,1,2,5571,u,1,False,MATCH
455,5,3958;4065;6290;6720;6880,uuuuu,1;2;3;4;5,1;3;2;4;5,4,2,0.397881,False,u,6880,4,5,6880,u,1,False,MATCH
137,4,3962;5223;5485;6917,uuuu,1;2;3;4,2;1;3;4,3,1,0.741405,False,u,6917,3,4,6917,u,1,False,MATCH
534,2,3963;5793,uu,1;2,1;2,1,-,0.915733,False,u,5793,1,2,5793,u,1,False,MATCH
280,2,3965;5553,uu,1;2,1;2,1,-,0.656797,False,u,5553,1,2,5553,u,1,False,MATCH
1027,3,3967;4245;5016,uuu,1;2;3,1;2;3,2,-,0.352510,False,u,5016,2,3,5016,u,1,False,MATCH
1190,2,3969;5946,ud,1;2,1;2,1,-,0.723444,False,d,5946,1,2,5946,d,0,False,MATCH
259,3,3970;5287;6214,uuu,1;2;3,1;2;3,2,-,0.779997,False,u,6214,2,3,6214,u,1,False,MATCH
1171,5,3972;3990;4178;4655;7284,uuuuu,1;2;3;4;5,1;2;3;4;5,4,-,0.699765,False,u,7284,4,5,7284,u,1,False,MATCH
1199,1,3975,u,1,1,0,-,-,False,u,3975,0,1,3975,u,1,False,MATCH
1151,2,3979;5049,uu,1;2,1;2,1,-,0.386912,False,u,5049,1,2,5049,u,1,False,MATCH
821,2,3988;4977,uu,1;2,1;2,1,-,0.257922,False,u,4977,1,2,4977,u,1,False,MATCH
891,3,3989;4491;4822,uud,1;2;3,1;2;3,2,-,0.582949,False,d,4822,2,3,4822,d,0,False,MATCH
1227,3,3993;4197;5447,cuu,1;2;3,1;2;3,2,-,0.546740,False,u,5447,2,3,5447,u,1,False,MATCH
57,2,4002;5244,uu,1;2,2;1,1,1,0.183669,True,u,5244,0,2,4002,u,1,True,STALE_WINS
993,1,4003,u,1,1,0,-,-,False,u,4003,0,1,4003,u,1,False,MATCH
498,1,4012,u,1,1,0,-,-,False,u,4012,0,1,4012,u,1,False,MATCH
903,6,4020;4150;4169;4307;5151;5831,uuuuuu,1;2;3;4;5;6,1;2;3;4;6;5,5,5,0.160262,True,u,5831,4,6,5151,u,1,True,STALE_WINS
765,1,4040,u,1,1,0,-,-,False,u,4040,0,1,4040,u,1,False,MATCH
334,6,4043;4156;4519;4608;5953;6548,uuuuud,1;2;3;4;5;6,2;1;3;4;6;5,5,1;5,0.232321,True,d,6548,4,6,5953,u,1,True,GHOST
384,3,4055;4117;6806,uuu,1;2;3,1;3;2,2,2,0.110999,True,u,6806,1,3,4117,u,1,True,STALE_WINS
264,4,4078;4967;6296;6313,uuuu,1;2;3;4,1;3;2;4,3,2,0.334870,False,u,6313,3,4,6313,u,1,False,MATCH
999,6,4084;4909;6419;6511;6810;7163,uuuuuu,1;2;3;4;5;6,1;2;4;3;5;6,5,3,0.995579,False,u,7163,5,6,7163,u,1,False,MATCH
849,4,4085;5117;6668;6906,uuuu,1;2;3;4,2;1;4;3,3,1;3,0.085539,True,u,6906,2,4,6668,u,1,True,STALE_WINS
1148,4,4089;4782;6321;6377,uuuu,1;2;3;4,2;1;3;4,3,1,0.865741,False,u,6377,3,4,6377,u,1,False,MATCH
296,3,4090;4303;4749,uuu,1;2;3,2;1;3,2,1,0.316725,False,u,4749,2,3,4749,u,1,False,MATCH
1047,2,4100;5350,uu,1;2,1;2,1,-,0.661966,False,u,5350,1,2,5350,u,1,False,MATCH
48,2,4111;7236,uu,1;2,1;2,1,-,0.553128,False,u,7236,1,2,7236,u,1,False,MATCH
524,2,4113;5767,uu,1;2,1;2,1,-,0.817674,False,u,5767,1,2,5767,u,1,False,MATCH
659,1,4123,u,1,1,0,-,-,False,u,4123,0,1,4123,u,1,False,MATCH
353,2,4128;5104,ud,1;2,1;2,1,-,0.372058,False,d,5104,1,2,5104,d,0,False,MATCH
1248,3,4147;5327;5933,cuu,1;2;3,2;1;3,2,1,0.544311,False,u,5933,2,3,5933,u,1,False,MATCH
1107,1,4164,u,1,1,0,-,-,False,u,4164,0,1,4164,u,1,False,MATCH
1025,1,4165,u,1,1,0,-,-,False,u,4165,0,1,4165,u,1,False,MATCH
404,2,4192;5845,uu,1;2,1;2,1,-,0.388452,False,u,5845,1,2,5845,u,1,False,MATCH
8,3,4193;6014;7332,uuu,1;2;3,1;2;3,2,-,0.597506,False,u,7332,2,3,7332,u,1,False,MATCH
110,4,4194;4538;6162;6180,uuuu,1;2;3;4,2;1;3;4,3,1,0.732797,False,u,6180,3,4,6180,u,1,False,MATCH
1178,3,4201;4382;5704,uud,1;2;3,1;2;3,2,-,0.867353,False,d,5704,2,3,5704,d,0,False,MATCH
6,2,4203;5894,ud,1;2,1;2,1,-,0.596929,False,d,5894,1,2,5894,d,0,False,MATCH
1154,3,4229;5619;5753,uuu,1;2;3,1;3;2,2,2,0.055840,True,u,5753,1,3,5619,u,1,True,STALE_WINS
86,3,4239;5184;6612,uuu,1;2;3,1;2;3,2,-,0.317639,False,u,6612,2,3,6612,u,1,False,MATCH
480,3,4248;5229;6854,uud,1;2;3,1;2;3,2,-,0.560320,False,d,6854,2,3,6854,d,0,False,MATCH
47,2,4254;5688,uu,1;2,2;1,1,1,0.136804,True,u,5688,0,2,4254,u,1,True,STALE_WINS
503,5,4277;4668;4736;4854;4916,uuuuu,1;2;3;4;5,1;3;2;4;5,4,2,0.974063,False,u,4916,4,5,4916,u,1,False,MATCH
977,2,4280;7018,uu,1;2,1;2,1,-,0.973862,False,u,7018,1,2,7018,u,1,False,MATCH
1194,2,4284;6589,uu,1;2,2;1,1,1,0.005987,True,u,6589,0,2,4284,u,1,True,STALE_WINS
1192,1,4304,u,1,1,0,-,-,False,u,4304,0,1,4304,u,1,False,MATCH
436,1,4310,u,1,1,0,-,-,False,u,4310,0,1,4310,u,1,False,MATCH
1255,3,4318;5035;5534,cuu,1;2;3,1;2;3,2,-,0.365203,False,u,5534,2,3,5534,u,1,False,MATCH
591,2,4337;6149,uu,1;2,2;1,1,1,0.159074,True,u,6149,0,2,4337,u,1,True,STALE_WINS
1173,2,4342;4399,uu,1;2,2;1,1,1,0.102819,True,u,4399,0,2,4342,u,1,True,STALE_WINS
458,3,4343;4799;5468,uuu,1;2;3,1;3;2,2,2,0.127521,True,u,5468,1,3,4799,u,1,True,STALE_WINS
240,1,4357,u,1,1,0,-,-,False,u,4357,0,1,4357,u,1,False,MATCH
681,1,4370,u,1,1,0,-,-,False,u,4370,0,1,4370,u,1,False,MATCH
1095,1,4379,u,1,1,0,-,-,False,u,4379,0,1,4379,u,1,False,MATCH
1023,1,4390,u,1,1,0,-,-,False,u,4390,0,1,4390,u,1,False,MATCH
889,2,4403;4723,uu,1;2,1;2,1,-,0.691091,False,u,4723,1,2,4723,u,1,False,MATCH
1010,4,4423;5366;5416;6116,uuud,1;2;3;4,1;2;3;4,3,-,0.308266,False,d,6116,3,4,6116,d,0,False,MATCH
869,2,4429;5490,uu,1;2,1;2,1,-,0.497906,False,u,5490,1,2,5490,u,1,False,MATCH
576,1,4441,u,1,1,0,-,-,False,u,4441,0,1,4441,u,1,False,MATCH
288,3,4449;4853;5764,uuu,1;2;3,1;2;3,2,-,0.591357,False,u,5764,2,3,5764,u,1,False,MATCH
1191,1,4456,u,1,1,0,-,-,False,u,4456,0,1,4456,u,1,False,MATCH
899,7,4457;5424;5729;6453;6647;6794;7290,uuuuuuu,1;2;3;4;5;6;7,2;1;3;5;4;6;7,6,1;4,0.862930,False,u,7290,6,7,7290,u,1,False,MATCH
300,3,4478;5746;7089,uuu,1;2;3,1;2;3,2,-,0.611147,False,u,7089,2,3,7089,u,1,False,MATCH
1081,2,4493;5943,uu,1;2,1;2,1,-,0.897071,False,u,5943,1,2,5943,u,1,False,MATCH
878,2,4509;4725,uu,1;2,1;2,1,-,0.751643,False,u,4725,1,2,4725,u,1,False,MATCH
688,3,4511;4589;5483,uuu,1;2;3,2;3;1,2,1;2,0.247156,True,u,5483,1,3,4589,u,1,True,STALE_WINS
573,2,4516;6190,uu,1;2,1;2,1,-,0.798827,False,u,6190,1,2,6190,u,1,False,MATCH
598,2,4529;4624,uu,1;2,1;2,1,-,0.509022,False,u,4624,1,2,4624,u,1,False,MATCH
340,6,4535;5488;5579;6012;6081;6134,uuuuuu,1;2;3;4;5;6,1;2;3;5;4;6,5,4,0.554219,False,u,6134,5,6,6134,u,1,False,MATCH
11,1,4539,u,1,1,0,-,-,False,u,4539,0,1,4539,u,1,False,MATCH
439,2,4556;7019,uu,1;2,2;1,1,1,0.066017,True,u,7019,0,2,4556,u,1,True,STALE_WINS
1096,2,4561;4994,uu,1;2,1;2,1,-,0.819972,False,u,4994,1,2,4994,u,1,False,MATCH
848,5,4567;4733;5188;5829;6261,uuuuu,1;2;3;4;5,1;3;2;4;5,4,2,0.765202,False,u,6261,4,5,6261,u,1,False,MATCH
491,2,4573;4882,uu,1;2,1;2,1,-,0.540074,False,u,4882,1,2,4882,u,1,False,MATCH
188,1,4574,u,1,1,0,-,-,False,u,4574,0,1,4574,u,1,False,MATCH
131,1,4577,u,1,1,0,-,-,False,u,4577,0,1,4577,u,1,False,MATCH
464,1,4578,u,1,1,0,-,-,False,u,4578,0,1,4578,u,1,False,MATCH
260,2,4586;4683,uu,1;2,1;2,1,-,0.889357,False,u,4683,1,2,4683,u,1,False,MATCH
994,1,4591,u,1,1,0,-,-,False,u,4591,0,1,4591,u,1,False,MATCH
726,4,4594;5665;6182;7231,uuuu,1;2;3;4,1;2;3;4,3,-,0.596166,False,u,7231,3,4,7231,u,1,False,MATCH
626,2,4611;7378,uu,1;2,1;2,1,-,0.478446,False,u,7378,1,2,7378,u,1,False,MATCH
210,1,4615,u,1,1,0,-,-,False,u,4615,0,1,4615,u,1,False,MATCH
15,2,4625;6363,uu,1;2,2;1,1,1,0.057623,True,u,6363,0,2,4625,u,1,True,STALE_WINS
295,1,4644,u,1,1,0,-,-,False,u,4644,0,1,4644,u,1,False,MATCH
572,2,4664;6723,ud,1;2,1;2,1,-,0.264515,False,d,6723,1,2,6723,d,0,False,MATCH
414,1,4678,u,1,1,0,-,-,False,u,4678,0,1,4678,u,1,False,MATCH
673,5,4698;4710;4974;6504;6578,uuuuu,1;2;3;4;5,2;3;4;1;5,4,1;2;3,0.262790,False,u,6578,4,5,6578,u,1,False,MATCH
514,4,4705;6365;6712;6837,uuuu,1;2;3;4,1;2;3;4,3,-,0.635069,False,u,6837,3,4,6837,u,1,False,MATCH
194,2,4711;5967,uu,1;2,1;2,1,-,0.661406,False,u,5967,1,2,5967,u,1,False,MATCH
956,3,4726;5630;5789,uuu,1;2;3,1;2;3,2,-,0.777891,False,u,5789,2,3,5789,u,1,False,MATCH
139,2,4730;7102,uu,1;2,1;2,1,-,0.378818,False,u,7102,1,2,7102,u,1,False,MATCH
578,4,4741;5144;6904;7084,uuuu,1;2;3;4,2;1;3;4,3,1,0.786368,False,u,7084,3,4,7084,u,1,False,MATCH
752,1,4747,u,1,1,0,-,-,False,u,4747,0,1,4747,u,1,False,MATCH
508,1,4765,u,1,1,0,-,-,False,u,4765,0,1,4765,u,1,False,MATCH
609,1,4771,u,1,1,0,-,-,False,u,4771,0,1,4771,u,1,False,MATCH
810,3,4783;6231;7311,udc,1;2;3,1;2;3,2,-,0.383835,False,c,7311,2,3,7311,c,1,False,MATCH
676,4,4788;5291;5361;7296,uuuu,1;2;3;4,1;3;2;4,3,2,0.391571,False,u,7296,3,4,7296,u,1,False,MATCH
376,1,4798,u,1,1,0,-,-,False,u,4798,0,1,4798,u,1,False,MATCH
162,1,4803,u,1,1,0,-,-,False,u,4803,0,1,4803,u,1,False,MATCH
1050,2,4807;4820,uu,1;2,2;1,1,1,0.121250,True,u,4820,0,2,4807,u,1,True,STALE_WINS
41,2,4840;6041,uu,1;2,2;1,1,1,0.221110,True,u,6041,0,2,4840,u,1,True,STALE_WINS
739,1,4843,u,1,1,0,-,-,False,u,4843,0,1,4843,u,1,False,MATCH
261,4,4875;5170;5662;6566,uuud,1;2;3;4,1;2;4;3,3,3,0.223851,True,d,6566,2,4,5662,u,1,True,GHOST
1168,1,4887,u,1,1,0,-,-,False,u,4887,0,1,4887,u,1,False,MATCH
316,2,4893;5725,uu,1;2,2;1,1,1,0.000177,True,u,5725,0,2,4893,u,1,True,STALE_WINS
1046,4,4900;5500;6509;6758,uuuu,1;2;3;4,1;2;3;4,3,-,0.768100,False,u,6758,3,4,6758,u,1,False,MATCH
533,1,4902,u,1,1,0,-,-,False,u,4902,0,1,4902,u,1,False,MATCH
1196,3,4907;5498;6163,uuu,1;2;3,1;2;3,2,-,0.965231,False,u,6163,2,3,6163,u,1,False,MATCH
715,1,4934,u,1,1,0,-,-,False,u,4934,0,1,4934,u,1,False,MATCH
95,2,4940;5910,uu,1;2,1;2,1,-,0.667418,False,u,5910,1,2,5910,u,1,False,MATCH
268,2,4950;6572,ud,1;2,1;2,1,-,0.799678,False,d,6572,1,2,6572,d,0,False,MATCH
873,5,4956;5208;5460;6426;6958,uuuuu,1;2;3;4;5,1;2;3;4;5,4,-,0.323826,False,u,6958,4,5,6958,u,1,False,MATCH
1013,3,4959;5564;6037,uuu,1;2;3,1;2;3,2,-,0.807362,False,u,6037,2,3,6037,u,1,False,MATCH
580,2,4987;5238,uu,1;2,1;2,1,-,0.886109,False,u,5238,1,2,5238,u,1,False,MATCH
1093,4,5007;5763;6568;6845,uuuu,1;2;3;4,1;2;3;4,3,-,0.862713,False,u,6845,3,4,6845,u,1,False,MATCH
69,3,5008;5915;7168,uuu,1;2;3,2;1;3,2,1,0.437152,False,u,7168,2,3,7168,u,1,False,MATCH
408,2,5017;5042,uu,1;2,1;2,1,-,0.631780,False,u,5042,1,2,5042,u,1,False,MATCH
835,1,5020,u,1,1,0,-,-,False,u,5020,0,1,5020,u,1,False,MATCH
449,3,5026;6490;6673,uuu,1;2;3,1;2;3,2,-,0.580725,False,u,6673,2,3,6673,u,1,False,MATCH
943,2,5030;7016,uu,1;2,2;1,1,1,0.009061,True,u,7016,0,2,5030,u,1,True,STALE_WINS
893,3,5043;5397;7222,uuu,1;2;3,1;3;2,2,2,0.185574,True,u,7222,1,3,5397,u,1,True,STALE_WINS
163,4,5053;5824;6194;7172,uuuu,1;2;3;4,1;2;3;4,3,-,0.312105,False,u,7172,3,4,7172,u,1,False,MATCH
806,3,5061;6222;6873,uuu,1;2;3,1;3;2,2,2,0.037245,True,u,6873,1,3,6222,u,1,True,STALE_WINS
535,1,5063,u,1,1,0,-,-,False,u,5063,0,1,5063,u,1,False,MATCH
197,3,5105;6160;6935,uuu,1;2;3,1;2;3,2,-,0.682013,False,u,6935,2,3,6935,u,1,False,MATCH
94,2,5115;6554,uu,1;2,2;1,1,1,0.218710,True,u,6554,0,2,5115,u,1,True,STALE_WINS
857,1,5116,u,1,1,0,-,-,False,u,5116,0,1,5116,u,1,False,MATCH
467,1,5133,u,1,1,0,-,-,False,u,5133,0,1,5133,u,1,False,MATCH
443,3,5134;7206;7207,udc,1;2;3,1;2;3,2,-,0.435539,False,c,7207,2,3,7207,c,1,False,MATCH
111,2,5135;5939,uu,1;2,2;1,1,1,0.016049,True,u,5939,0,2,5135,u,1,True,STALE_WINS
388,2,5156;6393,uu,1;2,1;2,1,-,0.830669,False,u,6393,1,2,6393,u,1,False,MATCH
560,2,5161;5545,uu,1;2,1;2,1,-,0.339715,False,u,5545,1,2,5545,u,1,False,MATCH
822,1,5207,u,1,1,0,-,-,False,u,5207,0,1,5207,u,1,False,MATCH
978,2,5213;7245,uu,1;2,1;2,1,-,0.394256,False,u,7245,1,2,7245,u,1,False,MATCH
495,1,5218,u,1,1,0,-,-,False,u,5218,0,1,5218,u,1,False,MATCH
674,2,5241;6587,uu,1;2,1;2,1,-,0.578346,False,u,6587,1,2,6587,u,1,False,MATCH
348,2,5249;5726,uu,1;2,1;2,1,-,0.922818,False,u,5726,1,2,5726,u,1,False,MATCH
631,1,5263,u,1,1,0,-,-,False,u,5263,0,1,5263,u,1,False,MATCH
161,2,5264;5705,uu,1;2,1;2,1,-,0.488439,False,u,5705,1,2,5705,u,1,False,MATCH
286,2,5266;5872,uu,1;2,1;2,1,-,0.895022,False,u,5872,1,2,5872,u,1,False,MATCH
685,2,5273;6439,uu,1;2,1;2,1,-,0.765963,False,u,6439,1,2,6439,u,1,False,MATCH
497,2,5278;7000,ud,1;2,1;2,1,-,0.847625,False,d,7000,1,2,7000,d,0,False,MATCH
950,1,5306,u,1,1,0,-,-,False,u,5306,0,1,5306,u,1,False,MATCH
483,1,5307,u,1,1,0,-,-,False,u,5307,0,1,5307,u,1,False,MATCH
431,2,5319;5733,ud,1;2,1;2,1,-,0.493773,False,d,5733,1,2,5733,d,0,False,MATCH
269,4,5325;5799;6795;6812,uuuu,1;2;3;4,1;2;3;4,3,-,0.642551,False,u,6812,3,4,6812,u,1,False,MATCH
1177,1,5334,u,1,1,0,-,-,False,u,5334,0,1,5334,u,1,False,MATCH
274,2,5337;7020,uu,1;2,1;2,1,-,0.898733,False,u,7020,1,2,7020,u,1,False,MATCH
942,2,5346;7391,uu,1;2,1;2,1,-,0.492410,False,u,7391,1,2,7391,u,1,False,MATCH
281,2,5354;7042,uu,1;2,2;1,1,1,0.180979,True,u,7042,0,2,5354,u,1,True,STALE_WINS
667,2,5357;6505,uu,1;2,2;1,1,1,0.146199,True,u,6505,0,2,5357,u,1,True,STALE_WINS
156,3,5391;5843;6573,uuu,1;2;3,2;3;1,2,1;2,0.035316,True,u,6573,1,3,5843,u,1,True,STALE_WINS
769,1,5411,u,1,1,0,-,-,False,u,5411,0,1,5411,u,1,False,MATCH
421,2,5415;7071,ud,1;2,2;1,1,1,0.083038,True,d,7071,0,2,5415,u,1,True,GHOST
450,2,5417;6059,ud,1;2,2;1,1,1,0.097640,True,d,6059,0,2,5417,u,1,True,GHOST
360,3,5467;5762;7255,uuu,1;2;3,1;2;3,2,-,0.404460,False,u,7255,2,3,7255,u,1,False,MATCH
630,2,5510;6226,uu,1;2,1;2,1,-,0.785670,False,u,6226,1,2,6226,u,1,False,MATCH
754,1,5516,u,1,1,0,-,-,False,u,5516,0,1,5516,u,1,False,MATCH
182,1,5541,u,1,1,0,-,-,False,u,5541,0,1,5541,u,1,False,MATCH
387,1,5562,u,1,1,0,-,-,False,u,5562,0,1,5562,u,1,False,MATCH
1055,2,5638;6026,uu,1;2,1;2,1,-,0.709114,False,u,6026,1,2,6026,u,1,False,MATCH
1138,1,5642,u,1,1,0,-,-,False,u,5642,0,1,5642,u,1,False,MATCH
85,2,5647;6170,uu,1;2,1;2,1,-,0.875071,False,u,6170,1,2,6170,u,1,False,MATCH
344,3,5652;5757;6769,uuu,1;2;3,1;3;2,2,2,0.152435,True,u,6769,1,3,5757,u,1,True,STALE_WINS
70,1,5659,u,1,1,0,-,-,False,u,5659,0,1,5659,u,1,False,MATCH
554,1,5672,u,1,1,0,-,-,False,u,5672,0,1,5672,u,1,False,MATCH
1159,1,5700,u,1,1,0,-,-,False,u,5700,0,1,5700,u,1,False,MATCH
679,1,5743,u,1,1,0,-,-,False,u,5743,0,1,5743,u,1,False,MATCH
998,1,5754,u,1,1,0,-,-,False,u,5754,0,1,5754,u,1,False,MATCH
862,3,5755;6550;7124,uuu,1;2;3,2;1;3,2,1,0.525635,False,u,7124,2,3,7124,u,1,False,MATCH
875,2,5775;6788,uu,1;2,2;1,1,1,0.198283,True,u,6788,0,2,5775,u,1,True,STALE_WINS
287,1,5792,u,1,1,0,-,-,False,u,5792,0,1,5792,u,1,False,MATCH
1000,1,5800,u,1,1,0,-,-,False,u,5800,0,1,5800,u,1,False,MATCH
217,2,5812;6154,uu,1;2,1;2,1,-,0.422656,False,u,6154,1,2,6154,u,1,False,MATCH
924,1,5830,u,1,1,0,-,-,False,u,5830,0,1,5830,u,1,False,MATCH
346,4,5836;6862;7320;7375,uuuu,1;2;3;4,2;1;3;4,3,1,0.426127,False,u,7375,3,4,7375,u,1,False,MATCH
872,1,5852,u,1,1,0,-,-,False,u,5852,0,1,5852,u,1,False,MATCH
996,1,5862,u,1,1,0,-,-,False,u,5862,0,1,5862,u,1,False,MATCH
327,1,5864,u,1,1,0,-,-,False,u,5864,0,1,5864,u,1,False,MATCH
1038,1,5874,u,1,1,0,-,-,False,u,5874,0,1,5874,u,1,False,MATCH
632,2,5881;6736,uu,1;2,1;2,1,-,0.622145,False,u,6736,1,2,6736,u,1,False,MATCH
753,2,5969;7374,ud,1;2,1;2,1,-,0.970041,False,d,7374,1,2,7374,d,0,False,MATCH
84,1,5972,u,1,1,0,-,-,False,u,5972,0,1,5972,u,1,False,MATCH
176,1,5973,u,1,1,0,-,-,False,u,5973,0,1,5973,u,1,False,MATCH
213,1,5993,u,1,1,0,-,-,False,u,5993,0,1,5993,u,1,False,MATCH
216,1,6029,u,1,1,0,-,-,False,u,6029,0,1,6029,u,1,False,MATCH
257,1,6035,u,1,1,0,-,-,False,u,6035,0,1,6035,u,1,False,MATCH
152,2,6052;7365,uu,1;2,1;2,1,-,0.585371,False,u,7365,1,2,7365,u,1,False,MATCH
894,2,6068;6809,uu,1;2,1;2,1,-,0.929546,False,u,6809,1,2,6809,u,1,False,MATCH
919,1,6069,u,1,1,0,-,-,False,u,6069,0,1,6069,u,1,False,MATCH
338,1,6083,u,1,1,0,-,-,False,u,6083,0,1,6083,u,1,False,MATCH
35,1,6100,u,1,1,0,-,-,False,u,6100,0,1,6100,u,1,False,MATCH
134,1,6102,u,1,1,0,-,-,False,u,6102,0,1,6102,u,1,False,MATCH
1195,4,6125;6768;6924;7117,uuud,1;2;3;4,2;3;1;4,3,1;2,0.573241,False,d,7117,3,4,7117,d,0,False,MATCH
1149,1,6145,u,1,1,0,-,-,False,u,6145,0,1,6145,u,1,False,MATCH
160,1,6151,u,1,1,0,-,-,False,u,6151,0,1,6151,u,1,False,MATCH
232,2,6168;6529,uu,1;2,1;2,1,-,0.534914,False,u,6529,1,2,6529,u,1,False,MATCH
1144,1,6191,u,1,1,0,-,-,False,u,6191,0,1,6191,u,1,False,MATCH
683,1,6227,u,1,1,0,-,-,False,u,6227,0,1,6227,u,1,False,MATCH
916,1,6257,u,1,1,0,-,-,False,u,6257,0,1,6257,u,1,False,MATCH
796,1,6262,u,1,1,0,-,-,False,u,6262,0,1,6262,u,1,False,MATCH
747,2,6286;6354,uu,1;2,2;1,1,1,0.237990,True,u,6354,0,2,6286,u,1,True,STALE_WINS
1258,3,6289;6726;6791,cuu,1;2;3,1;2;3,2,-,0.456136,False,u,6791,2,3,6791,u,1,False,MATCH
368,2,6302;6460,uu,1;2,1;2,1,-,0.708826,False,u,6460,1,2,6460,u,1,False,MATCH
751,2,6315;6760,ud,1;2,1;2,1,-,0.561987,False,d,6760,1,2,6760,d,0,False,MATCH
656,1,6362,u,1,1,0,-,-,False,u,6362,0,1,6362,u,1,False,MATCH
511,1,6444,u,1,1,0,-,-,False,u,6444,0,1,6444,u,1,False,MATCH
363,1,6467,u,1,1,0,-,-,False,u,6467,0,1,6467,u,1,False,MATCH
761,1,6475,u,1,1,0,-,-,False,u,6475,0,1,6475,u,1,False,MATCH
411,1,6489,u,1,1,0,-,-,False,u,6489,0,1,6489,u,1,False,MATCH
302,1,6494,u,1,1,0,-,-,False,u,6494,0,1,6494,u,1,False,MATCH
705,1,6532,u,1,1,0,-,-,False,u,6532,0,1,6532,u,1,False,MATCH
1021,3,6537;6661;7014,uuu,1;2;3,1;2;3,2,-,0.864470,False,u,7014,2,3,7014,u,1,False,MATCH
1105,1,6546,u,1,1,0,-,-,False,u,6546,0,1,6546,u,1,False,MATCH
665,1,6592,u,1,1,0,-,-,False,u,6592,0,1,6592,u,1,False,MATCH
966,3,6621;6984;7091,uuu,1;2;3,1;3;2,2,2,0.134370,True,u,7091,1,3,6984,u,1,True,STALE_WINS
180,1,6686,u,1,1,0,-,-,False,u,6686,0,1,6686,u,1,False,MATCH
1012,3,6703;6927;7404,uuu,1;2;3,1;2;3,2,-,0.640501,False,u,7404,2,3,7404,u,1,False,MATCH
691,1,6704,u,1,1,0,-,-,False,u,6704,0,1,6704,u,1,False,MATCH
309,2,6714;6741,uu,1;2,2;1,1,1,0.068988,True,u,6741,0,2,6714,u,1,True,STALE_WINS
1125,1,6786,u,1,1,0,-,-,False,u,6786,0,1,6786,u,1,False,MATCH
209,2,6802;7097,uu,1;2,2;1,1,1,0.186268,True,u,7097,0,2,6802,u,1,True,STALE_WINS
104,1,6839,u,1,1,0,-,-,False,u,6839,0,1,6839,u,1,False,MATCH
961,1,6842,u,1,1,0,-,-,False,u,6842,0,1,6842,u,1,False,MATCH
122,1,6848,u,1,1,0,-,-,False,u,6848,0,1,6848,u,1,False,MATCH
666,1,6866,u,1,1,0,-,-,False,u,6866,0,1,6866,u,1,False,MATCH
1160,1,6875,u,1,1,0,-,-,False,u,6875,0,1,6875,u,1,False,MATCH
330,1,6881,u,1,1,0,-,-,False,u,6881,0,1,6881,u,1,False,MATCH
846,1,6923,u,1,1,0,-,-,False,u,6923,0,1,6923,u,1,False,MATCH
52,1,6925,u,1,1,0,-,-,False,u,6925,0,1,6925,u,1,False,MATCH
119,1,6926,u,1,1,0,-,-,False,u,6926,0,1,6926,u,1,False,MATCH
749,1,6937,u,1,1,0,-,-,False,u,6937,0,1,6937,u,1,False,MATCH
562,1,6954,u,1,1,0,-,-,False,u,6954,0,1,6954,u,1,False,MATCH
1133,2,7009;7054,ud,1;2,1;2,1,-,0.553832,False,d,7054,1,2,7054,d,0,False,MATCH
117,3,7043;7269;7366,uud,1;2;3,1;2;3,2,-,0.569447,False,d,7366,2,3,7366,d,0,False,MATCH
1214,2,7044;7165,cu,1;2,1;2,1,-,0.798854,False,u,7165,1,2,7165,u,1,False,MATCH
1185,1,7052,u,1,1,0,-,-,False,u,7052,0,1,7052,u,1,False,MATCH
71,1,7057,u,1,1,0,-,-,False,u,7057,0,1,7057,u,1,False,MATCH
1085,1,7059,u,1,1,0,-,-,False,u,7059,0,1,7059,u,1,False,MATCH
149,1,7072,u,1,1,0,-,-,False,u,7072,0,1,7072,u,1,False,MATCH
1053,1,7082,u,1,1,0,-,-,False,u,7082,0,1,7082,u,1,False,MATCH
918,2,7093;7178,ud,1;2,1;2,1,-,0.560097,False,d,7178,1,2,7178,d,0,False,MATCH
382,1,7116,u,1,1,0,-,-,False,u,7116,0,1,7116,u,1,False,MATCH
952,1,7132,u,1,1,0,-,-,False,u,7132,0,1,7132,u,1,False,MATCH
695,1,7169,u,1,1,0,-,-,False,u,7169,0,1,7169,u,1,False,MATCH
200,1,7187,u,1,1,0,-,-,False,u,7187,0,1,7187,u,1,False,MATCH
896,1,7203,u,1,1,0,-,-,False,u,7203,0,1,7203,u,1,False,MATCH
253,1,7209,u,1,1,0,-,-,False,u,7209,0,1,7209,u,1,False,MATCH
504,1,7215,u,1,1,0,-,-,False,u,7215,0,1,7215,u,1,False,MATCH
762,1,7308,u,1,1,0,-,-,False,u,7308,0,1,7308,u,1,False,MATCH
204,1,7331,u,1,1,0,-,-,False,u,7331,0,1,7331,u,1,False,MATCH
543,1,7338,u,1,1,0,-,-,False,u,7338,0,1,7338,u,1,False,MATCH
531,1,7342,u,1,1,0,-,-,False,u,7342,0,1,7342,u,1,False,MATCH
